Date,Adj Close,Close,High,Low,Open,Volume,Return_1D,Return_8D,ADX_20,RSI_20,Stochastic_14_3,CCI_20,Volatility_10D,Label
2017-01-27,4839.97998046875,4839.97998046875,4867.31005859375,4829.7001953125,4867.31005859375,79429000,-0.005600761950011024,-0.004055806270594431,0.0,42.90807987524722,49.311488644510064,-87.02906975423852,0.005216474023406544,0
2017-01-30,4784.64013671875,4784.64013671875,4830.68994140625,4771.97998046875,4823.5,83384600,-0.011433899308120776,-0.01416733980478202,0.0,34.65568699826552,31.334557800087676,-193.2185614462392,0.005741124824018083,0
2017-01-31,4748.89990234375,4748.89990234375,4812.5498046875,4748.89990234375,4790.27978515625,98487800,-0.0074697852615327465,-0.019053411339073345,0.0,30.64844865737514,13.391586225181017,-210.83131852512062,0.0059529821727825165,0
2017-02-01,4794.580078125,4794.580078125,4823.81005859375,4782.60986328125,4786.85009765625,97905700,0.009619106892251983,-0.01156331901642127,0.0,39.98482786082974,11.432730610224334,-122.90969427186279,0.007053870165102366,0
2017-02-02,4794.2900390625,4794.2900390625,4812.31005859375,4774.18017578125,4785.14013671875,98607300,-6.049311050682071e-05,-0.005624934678569948,0.0,39.9488833921787,17.978655363833848,-121.25629444109298,0.007045308553396438,0
2017-02-03,4825.419921875,4825.419921875,4847.47021484375,4803.91015625,4808.4599609375,80815700,0.006493116302698221,-0.0009544171539929147,0.0,45.485520915382224,34.740623079132924,-49.27321397793956,0.007390379551568427,0
2017-02-06,4778.080078125,4778.080078125,4841.169921875,4773.35009765625,4829.68017578125,76878800,-0.009810512767064017,-0.020417503714912577,0.0,39.63576226349462,32.46534024368041,-97.2568587026966,0.0077905524092537004,0
2017-02-07,4754.47021484375,4754.47021484375,4787.93994140625,4750.02978515625,4762.169921875,83945400,-0.004941286645517073,-0.02316919118452565,0.0,37.128957140553396,24.374179084682094,-143.12705399313248,0.007825528717832346,0
2017-02-08,4766.60009765625,4766.60009765625,4790.2900390625,4733.81982421875,4768.0,102120800,0.0025512585555020895,-0.01516119552324946,0.0,39.208258655835586,14.145399897036228,-127.59693456555988,0.006931329378008896,0
2017-02-09,4826.240234375,4826.240234375,4831.31005859375,4769.85986328125,4793.009765625,100798200,0.012512091532091318,0.008694509193491573,0.0,48.09311120301192,26.172997605434432,-37.74541421107373,0.008364526200306515,1
2017-02-10,4828.31982421875,4828.31982421875,4845.4501953125,4815.669921875,4842.91015625,122653200,0.0004308923184010993,0.01672385678961219,0.0,48.37007473537079,43.78688262954659,11.124479499748093,0.00819679934073193,1
2017-02-13,4888.18994140625,4888.18994140625,4906.7099609375,4841.60009765625,4844.22021484375,102000800,0.012399782816207239,0.019524100495962093,0.0,55.556524861192905,67.0163553535726,121.27276159475169,0.008034365634207034,1
2017-02-14,4895.81982421875,4895.81982421875,4897.89013671875,4878.7900390625,4887.22998046875,95785900,0.0015608810017526675,0.02117723048230591,0.0,56.3711739958124,79.83044970105836,139.1430401228885,0.007304533582065229,1
2017-02-15,4924.85986328125,4924.85986328125,4932.35009765625,4902.16015625,4910.56982421875,96447600,0.005931598813919692,0.02060752079947714,0.0,59.355972703702136,93.07208817653219,174.75996494934702,0.007025228466556473,0
2017-02-16,4899.4599609375,4899.4599609375,4928.25,4890.47998046875,4925.5400390625,91475500,-0.0051574873293607215,0.025403484417978017,0.0,55.838836957352825,91.12048966618943,129.66408463994108,0.0074220018256213535,0
2017-02-17,4867.580078125,4867.580078125,4903.16015625,4843.009765625,4896.97021484375,102966800,-0.0065068156626796325,0.023790213876640598,0.0,51.78479681381178,82.34519622551792,64.161582514227,0.00771849034275471,0
2017-02-20,4864.990234375,4864.990234375,4901.41015625,4856.1201171875,4894.25,68415900,-0.000532059813795116,0.020641575693989722,0.0,51.46527594528086,72.29305524812055,61.93400446580961,0.006790168585306944,1
2017-02-21,4888.759765625,4888.759765625,4900.3798828125,4849.91015625,4865.89013671875,83739300,0.004885833291514041,0.01295408604086945,0.0,54.195679526737436,70.49648704263917,63.851457047625054,0.0064021575430402485,1
2017-02-22,4895.8798828125,4895.8798828125,4922.64013671875,4866.1201171875,4899.64990234375,99237500,0.0014564260730429712,0.013992457221841503,0.0,54.99401869034919,75.24803856464744,83.6582125825671,0.006416373843724601,0
2017-02-23,4891.2900390625,4891.2900390625,4916.43994140625,4880.490234375,4900.7998046875,107821600,-0.0009374910863546582,0.0006342015538287615,0.0,54.351216404074556,79.66378907498955,81.86968601459556,0.00547055786292689,0
2017-02-24,4845.240234375,4845.240234375,4890.10986328125,4806.490234375,4886.509765625,117178100,-0.009414654277243861,-0.010331178772866934,13.224788426709903,48.379127386370975,72.3568377644966,10.054358673445204,0.006452774768427927,0
2017-02-27,4845.18017578125,4845.18017578125,4869.509765625,4833.77001953125,4864.1298828125,89282400,-1.2395379969776243e-05,-0.016179077113254614,13.309943914408652,48.37183057215833,63.844331308361426,9.79269181030808,0.004884605465682494,0
2017-02-28,4858.580078125,4858.580078125,4865.9501953125,4836.52978515625,4862.64990234375,96712700,0.0027656148703674166,-0.008343752809172433,13.390841627722462,50.13806071534192,55.605114768683215,10.81077246087352,0.004965480998187526,0
2017-03-01,4960.830078125,4960.830078125,4970.64013671875,4897.47998046875,4897.47998046875,120246400,0.021045243333616126,0.019157363310583708,13.226263506317778,60.88611009056371,68.23881137884518,143.87891838207491,0.008363382068931405,1
2017-03-02,4963.7998046875,4963.7998046875,4972.8798828125,4955.41015625,4965.27001953125,106837200,0.0005986350098132753,0.02031033271440763,13.091850683385815,61.14218580681372,81.05564628820004,158.11204918004023,0.008105008657329982,1
2017-03-03,4995.1298828125,4995.1298828125,5002.31982421875,4948.72021484375,4953.2998046875,105338700,0.006311712671291492,0.021758098635861423,13.247088003229361,63.77583078172956,94.96502422686524,164.34011529373615,0.007732089572154875,0
2017-03-06,4972.18994140625,4972.18994140625,4985.240234375,4960.259765625,4983.9599609375,90426900,-0.004592461446334517,0.01558658717540129,13.39456345708073,60.60970437695579,91.82852899666517,136.69561724265802,0.008017171894947963,0
2017-03-07,4955.0,4955.0,4974.7900390625,4941.259765625,4974.7900390625,79830000,-0.003457217364747023,0.013025185672635109,13.283250757015049,58.325732189052125,85.59297592955981,104.06910184858023,0.008140999191303773,1
2017-03-08,4960.47998046875,4960.47998046875,4976.0400390625,4933.77001953125,4941.18017578125,82332500,0.0011059496405145808,0.02378411400041025,13.079455753404456,58.846135768277236,79.69500746772918,94.05469607642945,0.008141370517705884,1
2017-03-09,4981.509765625,4981.509765625,4988.6298828125,4939.8701171875,4950.52978515625,114473500,0.004239465785378149,0.028137155874036868,13.02325152491952,60.822388450627294,81.28139085105516,102.59144435035763,0.008144962173797761,1
2017-03-10,4993.31982421875,4993.31982421875,5022.10009765625,4990.14990234375,4994.0,103802900,0.0023707789705131876,0.02773233000736064,13.313610931050764,61.90383902641742,84.88654624167667,134.6051219464069,0.007120712551427768,1
2017-03-13,4999.60009765625,4999.60009765625,5013.080078125,4986.06005859375,4997.8798828125,84024800,0.0012577350657652087,0.00781522828250214,13.530370220334115,62.48352611667097,88.52985285384665,114.82078082443246,0.007071423089390778,0
2017-03-14,4974.259765625,4974.259765625,5006.0498046875,4958.8798828125,5006.0498046875,91792700,-0.005068471784999251,0.0021072487507700632,13.353703427817981,58.69046279874196,84.67593211178018,76.75928915113361,0.007539019679749773,1
2017-03-15,4985.47998046875,4985.47998046875,4989.2998046875,4966.0498046875,4980.0498046875,81890200,0.002255655187388461,-0.0019318621477599773,13.185869974927655,59.82710291826383,83.4638905055986,70.06406455753708,0.0037696651386690165,0
2017-03-16,5013.3798828125,5013.3798828125,5031.56982421875,5004.6201171875,5027.10009765625,113121800,0.005596231948187924,0.008284064344211473,13.479951789836145,62.52596687254731,83.8770164994152,107.34356420569694,0.0041006213586341645,1
2017-03-17,5029.240234375,5029.240234375,5037.85009765625,5001.39013671875,5006.7099609375,160166500,0.0031636045807887925,0.014982892911200807,13.822120423139188,63.97423051410661,89.84757633731299,107.83219679145579,0.0037538705328723737,0
2017-03-20,5012.16015625,5012.16015625,5030.06005859375,5004.080078125,5008.080078125,64225900,-0.0033961547528108538,0.010418382088978051,14.147180624777079,61.28916827391984,89.40852989308367,92.10128337731473,0.0035820527385909255,0
2017-03-21,5002.43017578125,5002.43017578125,5054.91015625,4990.64013671875,5030.2001953125,93549600,-0.0019412748526435042,0.004199612394742536,14.709748055413632,59.78451475454083,78.03333847697276,88.68940372475365,0.003409468966509965,0
2017-03-22,4994.7001953125,4994.7001953125,5005.06005859375,4953.56982421875,4969.10986328125,99409000,-0.0015452450503304904,0.0002764435570610235,14.674078164810377,58.581811741049634,62.891326445999134,38.14113663100067,0.0034986288963288576,1
2017-03-23,5032.759765625,5032.759765625,5032.93994140625,4980.56005859375,4996.6201171875,89305600,0.0076199909552567835,0.006632464061334664,14.928950450586404,62.4924713774782,62.896874181261204,83.04559114867536,0.004005899184162053,0
2017-03-24,5020.89990234375,5020.89990234375,5027.18994140625,5003.580078125,5027.18994140625,68967900,-0.0023565327640424627,0.009376296960013963,15.171079122073632,60.61517651475192,67.97906715841377,84.83714566183554,0.004107897166804094,0
2017-03-27,5017.43017578125,5017.43017578125,5017.8798828125,4971.06982421875,4975.08984375,94079200,-0.0006910567089537523,0.006408649806572075,14.923000592080351,60.05955524003741,74.23352613582163,49.09302938520017,0.004117257251138503,1
2017-03-28,5046.2001953125,5046.2001953125,5048.10986328125,5008.669921875,5027.1298828125,85350200,0.005734014928622466,0.006546544101419194,15.012723157629546,63.01828840787851,77.80475551817513,126.31419047866513,0.003947280819170605,1
2017-03-29,5069.0400390625,5069.0400390625,5073.22998046875,5044.419921875,5063.7001953125,86407300,0.004526146975146972,0.007913681357964775,15.346216817397623,65.1741645841698,85.9959549237223,186.905588516166,0.004062770174335679,1
2017-03-30,5089.64013671875,5089.64013671875,5090.919921875,5063.06982421875,5075.60986328125,73882900,0.004063905097908771,0.015458400779978065,15.828767761602716,67.00056443471979,95.99848467479443,206.91260350833863,0.003924829445829091,1
2017-03-31,5122.509765625,5122.509765625,5122.509765625,5067.740234375,5077.2998046875,103369500,0.006458143999045207,0.024004251058835857,16.563552562376767,69.67197345316082,98.52223235096015,217.44150143826315,0.004206501569866795,0
2017-04-03,5085.91015625,5085.91015625,5132.93017578125,5083.14013671875,5130.18017578125,81634900,-0.007144858877694005,0.018261348503579855,17.348268890111534,63.634127684375244,90.95094639725643,181.01024921944395,0.0048443658917303,1
2017-04-04,5101.1298828125,5101.1298828125,5101.1298828125,5076.35009765625,5087.60009765625,84044500,0.0029925276095954523,0.013585015055652905,17.982484857177155,64.96321922362038,85.35159121226145,137.78922535458605,0.004707382564359983,0
2017-04-05,5091.85009765625,5091.85009765625,5123.77978515625,5087.68017578125,5104.7099609375,84135600,-0.0018191626893322432,0.01413097187605361,18.780142025137025,63.47431630280403,77.71703917458416,129.2215638343226,0.004730820985712836,1
2017-04-06,5121.43994140625,5121.43994140625,5126.740234375,5051.60986328125,5063.6201171875,88623600,0.005811216587782164,0.02072968870140879,18.965239331530636,66.08342391619246,84.3200936487627,109.31138039275616,0.004519301224016501,1
2017-04-07,5135.27978515625,5135.27978515625,5135.27978515625,5098.0498046875,5104.72998046875,84781300,0.002702334481774704,0.017652805357682322,19.22195768038555,67.23570741730637,90.2300383851033,125.99381503516256,0.004284670976312232,0
2017-04-10,5107.4501953125,5107.4501953125,5127.35986328125,5097.56005859375,5127.35986328125,70156500,-0.005419293788858859,0.007577402418210921,19.458033669929918,62.725044904001905,92.75946030219939,94.30198692026474,0.004868084832905866,0
2017-04-11,5101.85986328125,5101.85986328125,5119.18017578125,5068.25,5086.60986328125,93608500,-0.0010945446000395487,0.002400901877981809,19.227209003379578,61.84769851850459,88.11088802184236,65.4303108739445,0.00473043883594538,0
2017-04-12,5101.10986328125,5101.10986328125,5142.81005859375,5093.97998046875,5114.5,100135100,-0.0001470052138040634,-0.004177620604523868,19.257714760572803,61.72577241396436,80.01723125308807,82.83339191016098,0.0045837586177118654,0
2017-04-13,5071.10009765625,5071.10009765625,5090.47998046875,5062.31982421875,5090.47998046875,97291600,-0.005882987512387472,-0.002911978021387207,18.828824852593478,56.993434789710186,71.20406179786552,18.757096332319886,0.004830875821850805,0
2017-04-18,4990.25,4990.25,5080.02978515625,4990.25,5078.25,140164900,-0.015943305416829978,-0.02173633790154872,18.209859917447993,46.814854514290914,44.65471032210862,-71.45306330659741,0.00629337068586838,0
2017-04-19,5003.72998046875,5003.72998046875,5011.330078125,4980.41015625,4987.2900390625,112517100,0.0027012635576875166,-0.017306109861337293,17.723619741865978,48.43120113591753,24.201535859685848,-103.6289255171556,0.006272546184631351,0
2017-04-20,5077.91015625,5077.91015625,5093.60009765625,4989.259765625,4992.47021484375,134681300,0.014824975782226524,-0.00849952077038274,17.2849690068048,56.15058959690981,24.798829407136804,-18.238153922507145,0.008089949443935611,0
2017-04-21,5059.2001953125,5059.2001953125,5081.60986328125,5029.06005859375,5063.35986328125,165386200,-0.003684578962956153,-0.014815081753415171,16.868250808496683,54.0043127459566,40.970850433710666,-21.396880110814944,0.008146932391409026,0
2017-04-24,5268.85009765625,5268.85009765625,5295.47021484375,5228.5400390625,5267.8798828125,228792800,0.04143933709877645,0.03160087640049425,17.912941252394866,68.2973645033646,66.70127502945478,303.95796373510046,0.015626041240095433,1
2017-04-25,5277.8798828125,5277.8798828125,5293.39013671875,5259.6298828125,5274.35986328125,115584900,0.0017138056670593649,0.03450114747331434,18.90539717409814,68.73780422562908,78.16122509387873,268.0198936624675,0.01563090546409156,1
2017-04-26,5287.8798828125,5287.8798828125,5296.52001953125,5270.31982421875,5272.85986328125,120017900,0.0018947001868241387,0.03661360459527763,19.86411726962404,69.23603708788377,94.41144733118529,224.1648482432141,0.015369875164374554,0
2017-04-27,5271.7001953125,5271.7001953125,5278.9599609375,5261.72998046875,5276.97021484375,113942900,-0.0030597683492376015,0.03955751095289228,20.674557420724,67.40641807636207,94.6106389725317,162.02401579089002,0.015448678558271872,0
2017-04-28,5267.330078125,5267.330078125,5287.85009765625,5265.35986328125,5267.66015625,122645300,-0.0008289768055068647,0.05552428798657383,21.494297740588046,66.90375348416052,93.39365733024607,132.79664057047927,0.01546749973288489,1
2017-05-02,5304.14990234375,5304.14990234375,5305.9501953125,5274.2900390625,5284.8798828125,104617800,0.006990225346169332,0.060039195369782306,22.374764426811158,68.956843281152,94.1204082757073,125.1002985855134,0.015149115444492581,0
2017-05-03,5301.0,5301.0,5301.60986328125,5282.4501953125,5299.740234375,97848100,-0.0005938562072610454,0.04393339718218847,23.211207778723114,68.57377250833368,96.23075317512944,106.21288712525507,0.013526529931854096,1
2017-05-04,5372.419921875,5372.419921875,5372.419921875,5304.4599609375,5309.39013671875,152534000,0.013472914898132515,0.06191091762937306,24.38004472280935,72.25269867656897,99.30879078134389,123.60486581574153,0.013650613262636179,1
2017-05-05,5432.39990234375,5432.39990234375,5432.39990234375,5343.02001953125,5344.919921875,138533800,0.011164425220100194,0.031040891590415898,25.754192815293187,74.8549251934285,99.49312990533558,134.81697558079674,0.013471835621764091,0
2017-05-08,5382.9501953125,5382.9501953125,5442.10009765625,5374.2001953125,5442.10009765625,116136600,-0.00910273689717056,0.01990767407234162,27.099430166361724,69.22118068320398,95.72946422559501,116.53988917427509,0.014039622218890864,1
2017-05-09,5398.009765625,5398.009765625,5413.60009765625,5394.1298828125,5404.14013671875,103174700,0.0027976425131359672,0.02082685031678988,28.377405649876835,69.94628449874841,92.54620723303731,105.42838970512251,0.006690544416715458,1
2017-05-10,5400.4599609375,5400.4599609375,5402.33984375,5377.75,5398.81005859375,100058200,0.00045390716558224575,0.02442471325275486,29.362426799901357,70.06705536891481,89.48109916047304,91.77491314191481,0.006717647762133752,0
2017-05-11,5383.419921875,5383.419921875,5409.990234375,5356.41015625,5409.89990234375,124960400,-0.0031552940278705144,0.022039599195067705,30.005545387558364,68.06473995680454,89.01600237050326,80.0233155630177,0.006939237914957204,1
2017-05-12,5405.419921875,5405.419921875,5405.419921875,5375.47998046875,5386.7900390625,158409000,0.004086621574996396,0.019092601339660842,30.61650804583253,69.25864588102047,86.47406648714251,81.77003097095688,0.00674687973963619,1
2017-05-15,5417.39990234375,5417.39990234375,5417.39990234375,5384.5400390625,5411.27001953125,97533000,0.002216290434766899,0.021958102686993053,31.26624454938935,69.9035930267944,85.02698694347016,84.21142454990851,0.006646477868684786,0
2017-05-16,5406.10009765625,5406.10009765625,5417.169921875,5389.8701171875,5398.14990234375,95519900,-0.0020858354360384634,0.006269088468701778,31.88349422776833,68.47720276714179,83.10963275642776,79.18909453279824,0.006635394974705085,0
2017-05-17,5317.89013671875,5317.89013671875,5394.8798828125,5297.43017578125,5375.83984375,118949500,-0.016316745776820185,-0.021079038304156472,31.24744691503385,58.644183364842455,65.88018050703424,29.24922771975461,0.008806340849811908,0
2017-05-18,5289.72998046875,5289.72998046875,5322.7001953125,5238.509765625,5309.91015625,124719100,-0.005295362545299831,-0.01731768109705467,30.03241785743357,55.94462289220322,45.445191822824505,-24.349011284564963,0.007619537947233705,0
2017-05-19,5324.39990234375,5324.39990234375,5334.4501953125,5292.1201171875,5299.39990234375,108705400,0.006554195016194031,-0.013636482051218923,28.976152628060323,58.42487527644608,32.82742143854532,-8.043436642883442,0.006869049666359158,0
2017-05-22,5322.8798828125,5322.8798828125,5339.41015625,5315.22998046875,5335.1201171875,73526700,-0.00028548184943455457,-0.01436545751401741,28.014938808861654,58.27347016622053,36.26244045092212,-16.422554502857796,0.006404006081315871,0
2017-05-23,5348.16015625,5348.16015625,5368.8798828125,5314.47998046875,5317.1201171875,85536300,0.004749360119721935,-0.006549696315111042,27.349155864495692,60.08437116697447,45.82906626566224,2.6513195058439996,0.00656383912359937,0
2017-05-24,5341.33984375,5341.33984375,5353.009765625,5326.58984375,5336.97998046875,79667800,-0.0012752633243471312,-0.011854782616550597,26.71666206734803,59.35285661787134,48.60260029307859,-7.527815592524243,0.006546733848697869,0
2017-05-25,5337.16015625,5337.16015625,5366.7001953125,5323.10986328125,5360.97021484375,66254500,-0.0007825166760154767,-0.014811486606155055,26.232842643516214,58.89034623285694,50.9406735691233,-9.426144155423884,0.006506063216822992,0
2017-05-26,5336.64013671875,5336.64013671875,5336.759765625,5282.419921875,5328.85986328125,76926600,-9.743375053883341e-05,-0.012848441516577491,25.310486830807115,58.830307265080485,51.2729254908213,-55.282102078899435,0.006284547453847602,0
2017-05-29,5332.47021484375,5332.47021484375,5335.77978515625,5316.68994140625,5327.72998046875,43001700,-0.000781375878487478,0.002741703523419625,24.43424880873347,58.32836522491851,51.94485137891861,-45.7974413025359,0.006170669406567356,0
2017-05-30,5305.93994140625,5305.93994140625,5309.35986328125,5273.56005859375,5291.080078125,78126400,-0.004975231434701466,0.00306442124595252,23.281210092093335,55.175613114467744,48.35761226675255,-105.10178417925206,0.006264870117473889,0
2017-05-31,5283.6298828125,5283.6298828125,5334.56982421875,5283.6298828125,5306.2099609375,143676300,-0.004204732590289528,-0.007657204620055591,22.300317827703505,52.65622475371049,38.47999410427249,-98.24878017811368,0.0038706805314417713,0
2017-06-01,5318.669921875,5318.669921875,5327.60009765625,5287.990234375,5290.83984375,84194600,0.006631811811134591,-0.0007909178922286264,21.36847017653317,55.97933546805852,35.90852887951152,-71.56256843686879,0.00410698484203404,0
2017-06-02,5343.41015625,5343.41015625,5372.97021484375,5328.18994140625,5347.85986328125,95624300,0.004651582959349865,-0.0008881559005762263,20.917441690575835,58.161911499024455,42.91566906595429,-1.3656579604711399,0.0038330323869038723,0
2017-06-05,5307.89013671875,5307.89013671875,5343.7900390625,5299.759765625,5337.10986328125,48932000,-0.006647443952941479,-0.006262418795611735,20.1736888150212,54.10760238135123,49.29802865199429,-57.561583704863125,0.004433565036312582,0
2017-06-06,5269.22021484375,5269.22021484375,5296.419921875,5260.9501953125,5280.2001953125,79880200,-0.007285365913565212,-0.012729605149039758,19.258576714043283,50.10505720376046,41.97471241635085,-134.53895096097753,0.004550594719287277,0
2017-06-07,5265.52978515625,5265.52978515625,5320.0400390625,5254.02978515625,5261.419921875,94213100,-0.0007003749202023624,-0.013324929120332674,18.434491774128823,49.735463843390235,25.62593271626091,-115.19767619842436,0.004557047610870477,0
2017-06-08,5264.240234375,5264.240234375,5290.5,5250.68017578125,5264.68994140625,85052500,-0.0002449042800755086,-0.012795192044171455,17.616845473809185,49.60088711981905,14.532303458891931,-128.8993270766035,0.004568548876590643,0
2017-06-09,5299.7099609375,5299.7099609375,5320.169921875,5266.830078125,5275.990234375,79889400,0.006737862442311338,-0.0011741520894597013,17.130585451110207,53.262442263127554,20.28339298662082,-63.411852742693995,0.005241151470086898,0
2017-06-12,5240.58984375,5240.58984375,5286.10009765625,5233.68994140625,5282.580078125,85538800,-0.011155349561250638,-0.008145922408855366,16.316833686031387,47.24081451374644,18.711814301358697,-153.52285622327244,0.0062017027616022785,0
2017-06-13,5261.740234375,5261.740234375,5273.8701171875,5248.2900390625,5254.14013671875,72390200,0.004035879787505969,-0.01070374517242656,15.54376950920651,49.39529814870361,21.728820223376122,-122.3319527476341,0.006329380402499502,0
2017-06-14,5243.2900390625,5243.2900390625,5314.9599609375,5243.2900390625,5283.60009765625,97019900,-0.0035064815993698373,-0.018737119977659367,15.21697408240893,47.610033622260325,10.662025059071814,-95.39733025727813,0.006291607029934082,0
2017-06-15,5216.8798828125,5216.8798828125,5235.8798828125,5176.669921875,5235.35986328125,118313500,-0.005036943608544342,-0.017146220355365394,14.67647474825699,45.15118112189848,15.838669427799493,-205.3290892625242,0.00583637830448775,0
2017-06-16,5263.31005859375,5263.31005859375,5273.68017578125,5236.0,5243.52978515625,164098100,0.008899989423605259,-0.0011216377393662436,14.079731783782847,49.93599782912694,23.837693070947136,-85.96595692803596,0.0064859694854813915,0
2017-06-19,5310.72021484375,5310.72021484375,5331.31982421875,5302.0498046875,5305.22021484375,77527800,0.009007669265577611,0.00858231394206399,13.994338630172972,54.227868407304264,44.30293789161316,40.34876528816815,0.006973868552811452,0
2017-06-20,5293.64990234375,5293.64990234375,5339.5498046875,5293.64990234375,5330.580078125,81245800,-0.00321431214777379,0.005586688042218846,13.829149110177905,52.52137878700599,57.33909088120165,33.133006944892024,0.006605546579232976,0
2017-06-21,5274.259765625,5274.259765625,5286.06005859375,5224.0498046875,5273.0,83179900,-0.0036629050043837097,-0.004802186440406198,13.242038707806262,50.61683104491307,59.19843723700717,-69.2634589461279,0.00672974803247606,0
2017-06-22,5281.93017578125,5281.93017578125,5286.4599609375,5237.330078125,5258.68017578125,80688900,0.0014543102723612034,0.007888488369406144,12.68072265662035,51.35141271825271,57.43057321027678,-46.182237041035044,0.0067391031808535,0
2017-06-23,5266.1201171875,5266.1201171875,5283.8798828125,5247.52001953125,5273.240234375,66693700,-0.0029932350613498526,0.0008324019463914478,12.147472407993734,49.74591445832361,55.87241608944077,-47.79156668997219,0.006409704796275709,1
2017-06-26,5295.75,5295.75,5323.72998046875,5289.56005859375,5295.0400390625,67071900,0.005626511008701485,0.01000516098607429,11.804141121865197,52.66541693798214,63.67060586388302,53.42033101732223,0.005472405522916551,0
2017-06-27,5258.580078125,5258.580078125,5284.9599609375,5237.669921875,5282.8701171875,90277800,-0.0070188211065477235,0.007993320959887473,11.419879072208834,48.913089909606455,59.43857208808734,-56.61249835720041,0.005904226588357447,0
2017-06-28,5252.89990234375,5252.89990234375,5273.9501953125,5203.89990234375,5235.830078125,96381000,-0.001080172916806732,-0.0019778725049652834,11.33114899198279,48.35885019366788,56.73305793547536,-93.39375895064946,0.005794990649689424,0
2017-06-29,5154.35009765625,5154.35009765625,5272.93994140625,5143.81982421875,5268.22998046875,114605600,-0.018761028483243902,-0.029444239361440472,11.686992185281682,40.06734310206153,34.156678721035384,-208.695081628437,0.008269408567855168,0
2017-06-30,5120.68017578125,5120.68017578125,5192.39013671875,5117.22998046875,5157.58984375,97126700,-0.0065323311837723885,-0.032674946351461176,12.202076968958938,37.740193170827474,17.911084779872617,-283.69812035276834,0.007592779494510713,0
2017-07-03,5195.72021484375,5195.72021484375,5200.72998046875,5151.18994140625,5151.18994140625,76373400,0.014654310850618746,-0.014891104016744094,12.605213206069873,45.206263458748495,14.079001893639699,-156.91544648566196,0.008692037816863972,0
2017-07-04,5174.89990234375,5174.89990234375,5197.81005859375,5165.85986328125,5170.5400390625,56279100,-0.004007204321841318,-0.020263477531046514,12.988192631325258,43.67657337641496,20.93235905421422,-133.65764466476168,0.008706401756880188,0
2017-07-05,5180.10009765625,5180.10009765625,5192.509765625,5160.85986328125,5174.7900390625,85258200,0.001004888096510781,-0.0163346102286005,13.38910106171048,44.17322990400814,29.841434389534474,-115.20445134897349,0.008746202594957413,0
2017-07-06,5152.39990234375,5152.39990234375,5177.6201171875,5111.16015625,5177.2099609375,91164900,-0.005347424719656102,-0.027068894425954726,14.120222876736358,42.09206322602767,24.09198441671569,-138.12097354066722,0.008732469517130954,0
2017-07-07,5145.16015625,5145.16015625,5155.419921875,5125.990234375,5149.7900390625,74708800,-0.00140512115343705,-0.021568545156669172,14.81478860101094,41.55345651298555,20.407573614969976,-123.9365461993061,0.008735840749178237,0
2017-07-10,5165.64013671875,5165.64013671875,5179.33984375,5147.669921875,5160.7001953125,60989800,0.0039804359527801925,-0.016611732042726812,15.185599927788804,43.69868085395743,19.524268354118163,-82.64078024689807,0.008584362722454286,0
2017-07-11,5140.60009765625,5140.60009765625,5186.43994140625,5135.9501953125,5172.02978515625,64875700,-0.004847422274832591,-0.002667649604603417,15.626368020574878,41.727536249419316,18.121865052520608,-85.28235457350965,0.008482851821014617,0
2017-07-12,5222.1298828125,5222.1298828125,5239.02001953125,5157.83984375,5158.22998046875,83513800,0.015859974245695962,0.019811763974455276,15.443380476455193,49.53014617834746,30.56088341070527,-16.603747692159068,0.010246930864871247,1
2017-07-13,5235.39990234375,5235.39990234375,5259.47021484375,5221.580078125,5228.93017578125,75719800,0.002541112501802223,0.007636994653145157,15.055604865315548,50.661998404186114,41.49999732012076,23.53967796752959,0.008007701264613238,0
2017-07-14,5235.31005859375,5235.31005859375,5246.77978515625,5215.97998046875,5246.2001953125,60089700,-1.7160818977735026e-05,0.011673685943691448,14.737507123139087,50.65390253846801,60.69438598666644,17.683124721636503,0.007523842741231452,0
2017-07-17,5230.169921875,5230.169921875,5246.22998046875,5214.31005859375,5238.41015625,53978000,-0.0009818208780800752,0.009665802450690819,14.450874288907949,50.17106889072975,67.66185273795502,21.8453417537766,0.006158474655942058,0
2017-07-18,5173.27001953125,5173.27001953125,5233.14990234375,5164.6298828125,5219.669921875,75790200,-0.01087916897417962,0.004050562375410127,14.617353850800209,45.15562142606978,60.97686980989559,-29.657838844247866,0.007057197026545748,1
2017-07-19,5216.06982421875,5216.06982421875,5218.990234375,5174.2900390625,5196.1298828125,69296400,0.00827325937480805,0.01378181938274814,14.775509434597854,49.17827295184266,60.74487404627206,-5.26175903789202,0.00753159036567503,0
2017-07-20,5199.22021484375,5199.22021484375,5251.25,5177.72998046875,5239.4599609375,78772300,-0.0032303266526007013,0.006500661532014895,14.543638986825465,47.727584376437406,56.16799188535477,11.334088197676996,0.00737018611006621,0
2017-07-21,5117.66015625,5117.66015625,5208.85009765625,5095.1201171875,5188.919921875,106403800,-0.01568697905137706,-0.004462502620405928,14.992236411270692,41.491348236158736,47.94233841071303,-106.1389783562699,0.009062333677764843,0
2017-07-24,5127.7001953125,5127.7001953125,5143.47998046875,5094.35986328125,5133.68017578125,72053200,0.0019618416924849225,-0.01808260032190978,15.423911016521156,42.46547593100878,31.094351389803773,-135.20623436883724,0.008973521027844903,0
2017-07-25,5161.080078125,5161.080078125,5193.18994140625,5130.52978515625,5130.52978515625,91159700,0.006509718107742479,-0.014195634642060306,15.276593748468269,45.63325532467287,24.772291365789528,-47.89328479171719,0.009108069525828972,0
2017-07-26,5190.169921875,5190.169921875,5208.330078125,5158.7900390625,5162.240234375,79110400,0.005636386824009243,-0.00862224705194925,14.978621098928468,48.24718189621565,39.54337278374824,14.037108133156242,0.007639704139261023,0
2017-07-27,5186.9501953125,5186.9501953125,5218.56005859375,5172.77978515625,5181.14990234375,99460800,-0.0006203508962067117,-0.008263541569029198,14.588452989591966,47.978424740922,51.50506980219589,30.9807316185922,0.007560866127197603,0
2017-07-28,5131.39013671875,5131.39013671875,5144.02978515625,5105.72021484375,5144.02978515625,99859600,-0.010711508015627369,-0.008095437248468729,14.770547185184451,43.56988650268883,45.51111058536844,-125.55702437064011,0.008154587257499171,0
2017-07-31,5093.77001953125,5093.77001953125,5148.14990234375,5092.14013671875,5127.6298828125,87612000,-0.0073313695090734265,-0.023446734573921768,15.04476224619448,40.89183415605488,26.493163660397286,-137.60913041257692,0.008314478579049277,0
2017-08-01,5127.02978515625,5127.02978515625,5148.490234375,5087.3798828125,5116.89990234375,75327900,0.006529498877544615,-0.013884857094799807,15.341362389193382,44.089976176058876,15.480603792134835,-102.45576685272114,0.008212086157855946,0
2017-08-02,5107.25,5107.25,5135.14013671875,5094.64013671875,5122.3798828125,82005400,-0.003857942314576812,-0.002034163256676269,15.623132525042337,42.64552615450505,12.04658302546271,-105.34942294761137,0.007583831008640987,0
2017-08-03,5130.490234375,5130.490234375,5142.91015625,5084.2001953125,5097.14013671875,71167300,0.004550439938322937,0.0005441111914168406,15.975864847394401,44.87897133612775,20.95867291465895,-87.16938825619141,0.007847274747745905,1
2017-08-04,5203.43994140625,5203.43994140625,5216.39990234375,5118.60986328125,5122.39990234375,78567600,0.01421885700950698,0.0082075578444889,15.467191412547859,51.162721316184346,37.07186939331536,16.974125211231932,0.007444256150830574,1
2017-08-07,5207.89013671875,5207.89013671875,5220.58984375,5195.259765625,5210.72998046875,63788300,0.0008552410256699172,0.0034141878031901385,14.940636459956519,51.517630578933876,57.71127700578942,62.22364770113605,0.0074479663265912014,1
2017-08-08,5218.89013671875,5218.89013671875,5231.64990234375,5191.3798828125,5200.2001953125,62058600,0.0021121797332941394,0.006157749776567023,14.32369455424236,52.417344746381644,75.35070745571215,66.57551557937828,0.007251655648228004,0
2017-08-09,5145.7001953125,5145.7001953125,5183.3701171875,5122.5,5182.0498046875,84579800,-0.014024043328926372,0.0027887294110324756,14.357388088790106,46.38810610767745,65.46050043145904,-37.84760498380038,0.008460910396689144,0
2017-08-10,5115.22998046875,5115.22998046875,5148.47021484375,5096.18994140625,5140.990234375,71793700,-0.005921490504150806,0.004212981908334079,14.5962948354889,44.162044698679885,47.79402275087318,-81.70513883468648,0.008611197005566637,0
2017-08-11,5060.919921875,5060.919921875,5086.06005859375,5046.75,5081.919921875,86172400,-0.010617324890790814,-0.012894378626910008,15.178387601355587,40.51433426461827,23.47233949176753,-158.68270956069918,0.008599874195391892,0
2017-08-14,5121.669921875,5121.669921875,5136.18994140625,5080.009765625,5082.8701171875,57283400,0.012003746539718696,0.002823421973664919,15.190372062294392,45.78685382647822,23.075686800665455,-70.67561647910553,0.009253991951943206,1
2017-08-15,5140.25,5140.25,5158.5,5123.97021484375,5141.02001953125,48077600,0.0036277382979412742,0.0019023066372114705,14.978982258735424,47.29092677964434,32.91688123060671,-16.627670385866388,0.009090935565671837,1
2017-08-16,5176.60986328125,5176.60986328125,5200.16015625,5159.10009765625,5159.10009765625,55940500,0.007073559317396949,-0.00515621942928568,14.386868528288645,50.140397522446996,53.77320041372328,58.427261960944215,0.009192773913238814,0
2017-08-17,5146.85009765625,5146.85009765625,5180.259765625,5137.419921875,5164.5400390625,64545000,-0.005748890955853625,-0.011720684857027042,14.004513206850456,47.908987033295396,58.31262516229835,19.17628633623301,0.009374244473590723,0
2017-08-18,5114.14990234375,5114.14990234375,5117.0400390625,5074.4501953125,5103.47021484375,73461700,-0.00635343845110059,-0.020069446114237,14.117427471641196,45.563638813144735,53.6073589929799,-84.83137779437229,0.008175060244857969,0
2017-08-21,5087.58984375,5087.58984375,5105.93994140625,5066.18994140625,5091.31005859375,59101700,-0.005193445460325297,-0.011292992082095221,14.282909642932008,43.73319408847277,37.55903259171232,-107.02327042462447,0.00818881036485472,0
2017-08-22,5131.85986328125,5131.85986328125,5137.5400390625,5101.68017578125,5112.1298828125,57269900,0.008701570073624376,0.0032510528120919258,14.12881265986358,47.43801369568965,34.85662727492792,-32.22485099912962,0.008824141867269849,0
2017-08-23,5115.39013671875,5115.39013671875,5149.080078125,5105.5498046875,5125.02978515625,58660400,-0.003209309490374457,0.010762907867463367,13.871360175416024,46.24556965479081,35.0802139037433,-28.550236098073835,0.00773379444501158,0
2017-08-24,5113.1298828125,5113.1298828125,5136.2998046875,5111.85986328125,5127.7099609375,55558700,-0.0004418536701679132,-0.0016674325352410424,13.626780315190842,46.078247020123634,39.68451398516757,-29.902926631361957,0.007502672020547746,0
2017-08-25,5104.330078125,5104.330078125,5141.0498046875,5098.509765625,5121.47998046875,57203600,-0.0017210211532235897,-0.00698797176693744,13.50804521607059,45.40499083404823,34.7215070090887,-41.12772899737653,0.006576145351117456,0
2017-08-28,5079.75,5079.75,5106.25,5066.009765625,5076.47021484375,37172200,-0.004815534604695637,-0.018711061068808155,13.66205741603589,43.53471059089773,29.517540047879947,-103.6692408444792,0.005471312954787091,0
2017-08-29,5031.919921875,5031.919921875,5041.89013671875,4995.06982421875,5035.3798828125,83662800,-0.00941583308725824,-0.02233019683895332,14.314607586905007,40.147401978675056,23.539972609100076,-203.32440371185064,0.005838771717270487,0
2017-08-30,5056.33984375,5056.33984375,5069.1201171875,5046.06982421875,5063.240234375,61690100,0.004853002880439439,-0.011303942922607058,14.63832786918771,42.54972175075323,23.117784021113703,-123.77156405011347,0.005481920896208586,0
2017-08-31,5085.58984375,5085.58984375,5104.77978515625,5068.43994140625,5083.1201171875,108192000,0.0057848168643479525,-0.00039311345085280003,14.58020263487623,45.31703218814344,30.659682955379626,-64.19663351211047,0.0058824139215619044,0
2017-09-01,5123.259765625,5123.259765625,5138.419921875,5115.9501953125,5117.18994140625,75774600,0.0074071883561932506,-0.0016758247273632731,14.203207687232956,48.668933881384596,45.50514850306528,12.241086139633905,0.006141800275292,0
2017-09-04,5103.97021484375,5103.97021484375,5114.7001953125,5088.27978515625,5088.27978515625,44171300,-0.0037650932538449977,-0.002232463520822514,14.062613332880673,47.11233187630812,53.24651310437869,-25.686515974603736,0.006017922218682711,0
2017-09-05,5086.56005859375,5086.56005859375,5125.7998046875,5081.080078125,5107.18994140625,72150200,-0.0034111006759730556,-0.00519639141342032,13.821107693383533,45.72296454378667,55.00211282835611,-26.026159717463713,0.005326748592616435,0
2017-09-06,5101.41015625,5101.41015625,5114.2900390625,5050.08984375,5054.31982421875,173147800,0.0029194775025138675,-0.0005720480122384242,13.836246154711969,47.12304174196775,57.18325601112746,-42.74240434456654,0.005380441980276266,0
2017-09-07,5114.6201171875,5114.6201171875,5148.06005859375,5103.14990234375,5118.83984375,84862300,0.0025894724268182845,0.006864534118312893,13.518441313129657,48.37009726187417,65.35863857317548,41.89872921708937,0.005453984674627247,0
2017-09-08,5113.490234375,5113.490234375,5117.89013671875,5086.509765625,5099.31005859375,84096300,-0.00022091236232835154,0.016210574446026804,13.352115164209218,48.26760682257181,74.52123617817485,-4.302572085642189,0.005420616749156954,1
2017-09-11,5176.7099609375,5176.7099609375,5180.25,5145.77978515625,5145.77978515625,76915100,0.012363322049098846,0.02380578064512151,12.745925055353245,54.007326176136516,84.20148984056179,141.94693490580838,0.006306815515816627,1
2017-09-12,5209.009765625,5209.009765625,5219.080078125,5184.47021484375,5192.75,79355100,0.006239446469133547,0.02426855599192268,12.48418511568727,56.59714883134791,90.16136942540432,201.13637767621407,0.004988102961494966,1
2017-09-13,5217.58984375,5217.58984375,5227.0,5200.2099609375,5205.2099609375,86353100,0.0016471610749553278,0.018412120884034877,12.297836648246047,57.269943551462596,96.51184493567666,207.9505390681915,0.00499278445607628,1
2017-09-14,5225.2001953125,5225.2001953125,5233.5400390625,5201.64990234375,5205.18017578125,79396000,0.0014585952116601408,0.023752094029894533,12.173614565980857,57.87954673043487,95.98332700945589,190.56913410078042,0.00492662349996695,0
2017-09-15,5213.91015625,5213.91015625,5237.169921875,5201.97021484375,5220.89013671875,259691200,-0.00216069023970189,0.02503658586338564,12.085894519257003,56.61819304325797,94.27931699488767,153.87651827631007,0.004844174926430639,1
2017-09-18,5229.31982421875,5229.31982421875,5239.8798828125,5221.56005859375,5231.990234375,61537100,0.002955491657308018,0.025073394228464663,12.02608092846032,57.935249254437416,93.81553669601504,141.34440501502937,0.004440970622882123,1
2017-09-19,5237.43994140625,5237.43994140625,5238.2900390625,5219.7099609375,5223.2900390625,66921900,0.0015528056153484293,0.02401347928187625,11.94841339985641,58.631888250974306,94.55274544093571,119.77490885795608,0.00396662847684179,1
2017-09-20,5241.66015625,5241.66015625,5248.7900390625,5230.02001953125,5230.509765625,65750000,0.0008057781838004541,0.025065056546581088,11.972958604878041,59.00332659851246,96.55915806698731,111.04944111660252,0.004023422817953655,1
2017-09-21,5267.2900390625,5267.2900390625,5275.419921875,5257.43994140625,5259.02001953125,84829300,0.0048896498530031085,0.017497615050582338,12.238794521886867,61.22878221489231,97.17271658884049,120.96021804192773,0.004080286273256285,1
2017-09-22,5281.2900390625,5281.2900390625,5295.93017578125,5271.8798828125,5277.39013671875,71447900,0.002657913252578803,0.013876010353155444,12.669082173463659,62.402299296288426,95.61620326775825,120.04049893527578,0.003930264970473578,0
2017-09-25,5267.1298828125,5267.1298828125,5286.830078125,5260.4599609375,5267.990234375,64221800,-0.0026811926906619155,0.009494812843873213,12.929390072003423,60.45414886490527,92.90727717116978,98.4217230051047,0.0027536465450659913,1
2017-09-26,5268.759765625,5268.759765625,5274.580078125,5255.10986328125,5263.9501953125,70839200,0.00030944420372436277,0.008336440458602379,13.106121555138671,60.603170012771315,89.78524045326076,86.16897418362288,0.0022727013529883744,1
2017-09-27,5281.9599609375,5281.9599609375,5289.89013671875,5272.31982421875,5281.2998046875,74049900,0.00250537050457722,0.013051587512670881,13.419401980025281,61.82941204520075,89.54665568916927,94.91928392672705,0.0023097357939450775,1
2017-09-28,5293.77001953125,5293.77001953125,5295.27001953125,5279.10009765625,5286.0498046875,67809900,0.0022359235361666396,0.01232477597067394,13.768263369974747,62.91644903796823,92.97211506712817,97.87162968576331,0.002331289102619954,1
2017-09-29,5329.81005859375,5329.81005859375,5329.81005859375,5284.740234375,5297.419921875,85230900,0.006808009968232609,0.017636501462716225,14.414550692656979,66.02451832682661,97.29681454539742,118.02133565059228,0.002562675918397876,1
2017-10-02,5350.43994140625,5350.43994140625,5350.43994140625,5326.66015625,5332.919921875,68575600,0.0038706600396081203,0.020752925964981683,15.202186842149521,67.65782058700515,99.52044608053556,140.82820480809278,0.0026084303695306566,1
2017-10-03,5367.41015625,5367.41015625,5370.89013671875,5355.2998046875,5362.75,58748500,0.003171741955726004,0.019007899023027797,16.114934001533456,68.95030482568808,99.31458763699591,153.22800958237477,0.002607457188058904,0
2017-10-04,5363.22998046875,5363.22998046875,5369.4501953125,5345.2001953125,5369.240234375,80019900,-0.0007788068471686893,0.015515137551656899,16.82252745145692,68.2431755780994,97.80299244542569,134.72871257829613,0.0027625142298246808,1
2017-10-05,5379.2099609375,5379.2099609375,5381.740234375,5355.91015625,5355.91015625,70314300,0.0029795441416728963,0.021279155938556782,17.598333921711497,69.50179654270909,97.2824573248749,139.18901539682193,0.0026261441051698667,0
2017-10-06,5359.89990234375,5359.89990234375,5378.06982421875,5350.259765625,5378.06982421875,66128500,-0.0035897573684564588,0.017298214527330824,18.241555491301085,66.16616845662986,93.47481383934246,118.22370893614169,0.0031680111550141795,1
2017-10-09,5365.830078125,5365.830078125,5378.509765625,5351.68017578125,5364.81005859375,55296900,0.0011063967404796315,0.01587859768111799,18.856650549429325,66.68306895528997,91.49090553315636,109.08560835262685,0.0028223844894131557,0
2017-10-10,5363.64990234375,5363.64990234375,5372.27001953125,5351.7900390625,5364.16015625,59718000,-0.0004063072720357219,0.013200400197719064,19.440990854651155,66.29113619160348,87.24946244500477,92.72638745324612,0.0028747180603533244,0
2017-10-11,5362.41015625,5362.41015625,5367.3798828125,5338.14013671875,5367.3798828125,71441700,-0.00023113851879263958,0.0061165589951344135,19.74571464627036,66.05873205353487,86.65419760131992,74.62823718678588,0.002928821380489223,0
2017-10-12,5360.81005859375,5360.81005859375,5361.919921875,5342.68994140625,5358.419921875,56447100,-0.0002983915085990052,0.0019381802806994752,20.035202248308607,65.74558730103126,84.6401813842114,66.15034640574405,0.00296903612636868,0
2017-10-13,5351.740234375,5351.740234375,5371.64990234375,5344.9599609375,5362.72998046875,73942000,-0.001691875690355893,-0.002919456761982908,20.419711735126526,63.93717632936984,81.50515991295819,61.391172391724645,0.002359360696634208,0
2017-10-16,5362.8798828125,5362.8798828125,5371.6201171875,5347.60986328125,5362.52978515625,63076900,0.002081500212949061,-6.527739021544576e-05,20.784995747603553,65.17558329023947,80.84794935996739,62.0681264144249,0.0021241561973712173,0
2017-10-17,5361.3701171875,5361.3701171875,5376.68994140625,5347.5498046875,5372.64990234375,64933200,-0.0002815214321392201,-0.0033164430984379267,21.192348888769104,64.85783694834925,79.74208519132692,58.8007497237875,0.0018575161023187008,0
2017-10-18,5383.81005859375,5383.81005859375,5394.22998046875,5359.68017578125,5368.08984375,64165900,0.004185486343185385,0.00446093335428599,21.7830034669826,67.34835279024199,84.46681768135527,84.11783286792748,0.0022755477447208884,0
2017-10-19,5368.2900390625,5368.2900390625,5377.81005859375,5343.0,5371.0,86686600,-0.0028827204827697184,0.00045844928029459275,21.98326598037435,64.04400145525625,77.41573855294256,50.72062181701485,0.00228807040019325,1
2017-10-20,5372.3798828125,5372.3798828125,5392.08984375,5368.2099609375,5389.47998046875,92307000,0.0007618522323198373,0.0016276193688433693,22.346499055657986,64.52678300272527,71.04594473140806,78.4126046987319,0.0019625861165839305,1
2017-10-23,5386.81005859375,5386.81005859375,5408.740234375,5367.64990234375,5377.4501953125,63702000,0.0026859931903577827,0.004550174573146215,22.883033882834216,66.211731182757,63.864035600868306,103.35474099502808,0.00209937408690478,1
2017-10-24,5394.7998046875,5394.7998046875,5413.02978515625,5377.85986328125,5377.85986328125,74560600,0.0014832054605311562,0.00634041231124427,23.441143228483362,67.12191730208947,68.54649364098165,137.21605163958074,0.002104536522666208,0
2017-10-25,5374.89013671875,5374.89013671875,5416.5400390625,5364.16015625,5399.60986328125,80466800,-0.0036905295264989535,0.004325677504871228,23.660541970134044,62.69211234734116,63.82335747545352,108.95655477062718,0.0025000661355674835,1
2017-10-26,5455.39990234375,5455.39990234375,5459.60986328125,5375.259765625,5383.43994140625,90950700,0.01497886720976771,0.01725192835807632,24.349072457744136,70.87412537340406,73.02224979865396,270.26187677445813,0.005270478197336082,1
2017-10-27,5494.1298828125,5494.1298828125,5513.52978515625,5470.240234375,5470.33984375,95585200,0.007099384309500634,0.024762283282662834,25.469859950389758,73.78536788248422,77.4493919966228,364.79641162060295,0.005362557612239902,0
2017-10-30,5493.6298828125,5493.6298828125,5507.56005859375,5487.2900390625,5488.330078125,67428800,-9.100622130620017e-05,0.020398160972163737,26.5346080684031,73.68528051406345,91.37566921887976,264.73819244903535,0.005431360186078142,1
2017-10-31,5503.2900390625,5503.2900390625,5511.25,5489.41015625,5492.6298828125,75164700,0.0017584286630272228,0.025147672539611143,27.575890307646375,74.39172792904216,90.5330301187034,204.05814028369076,0.005356204959899702,1
2017-11-01,5514.2900390625,5514.2900390625,5536.39990234375,5514.2900390625,5524.3798828125,75303700,0.0019988043373913023,0.026414765773359328,28.760626366392064,75.1900745360016,90.40930698201107,183.06780332581005,0.005330168528236906,0
2017-11-02,5510.5,5510.5,5520.81005859375,5486.240234375,5510.9599609375,70253200,-0.0006873122443056268,0.02296163036395238,29.279412567199568,74.34942262509861,89.72738026910734,130.0442504584723,0.005129367942528705,1
2017-11-03,5517.97021484375,5517.97021484375,5521.919921875,5498.2900390625,5513.47021484375,75125000,0.0013556328543236074,0.022831321757153633,29.782392836149143,74.93093587065404,88.54886475814412,116.83642832610192,0.005108737526587685,0
2017-11-06,5507.25,5507.25,5513.31005859375,5492.89990234375,5507.06982421875,70213800,-0.0019427822960899066,0.02462559418229393,30.14361162656785,72.44982264137782,87.33548271448154,93.14437905352304,0.005314602452216996,0
2017-11-07,5480.64013671875,5480.64013671875,5525.5498046875,5475.919921875,5521.75,78339100,-0.0048317877854192615,0.004626651542842142,30.12654882802861,66.68080569120214,82.1890024733873,72.55875859195427,0.005768507456053452,0
2017-11-08,5471.43017578125,5471.43017578125,5496.080078125,5452.2001953125,5487.52978515625,92596200,-0.001680453506844204,-0.00413162912334164,29.644525378326573,64.80089578035938,72.791934668793,44.46194343590239,0.0055963257995327986,0
2017-11-09,5407.75,5407.75,5479.7001953125,5401.43017578125,5470.18017578125,98897900,-0.011638671012037083,-0.01563262990853931,28.348025248000415,53.76813858274756,52.918602238855776,-7.892276657849689,0.004918344145727181,0
2017-11-10,5380.72021484375,5380.72021484375,5415.8798828125,5375.1201171875,5405.5498046875,84901400,-0.004998342222967023,-0.022272099661974187,27.110873304806113,49.967102825247565,32.40055904089899,-56.76096638005894,0.004172728420170062,0
2017-11-13,5341.6298828125,5341.6298828125,5384.759765625,5301.02001953125,5382.64990234375,84572600,-0.00726488842951023,-0.031311402742129735,26.769515157336222,45.112264803800855,17.39169984644141,-111.42884572731332,0.004403867852440295,0
2017-11-14,5315.580078125,5315.580078125,5365.64013671875,5301.56982421875,5345.2998046875,90263700,-0.004876752088593617,-0.03537245656020327,26.44522491723983,42.23379182329041,11.017737651287122,-123.54156925878392,0.0041334490019856686,0
2017-11-15,5301.25,5301.25,5312.39013671875,5267.22021484375,5301.14013671875,94175400,-0.0026958634644546065,-0.03927535061004073,26.462464412740804,40.728948767260306,12.02690214709776,-147.75863848241661,0.003687537272458707,0
2017-11-16,5336.39013671875,5336.39013671875,5345.22998046875,5312.8701171875,5325.41015625,74296300,0.006628651114124029,-0.03102453371124425,25.997653170916028,45.721160229210554,14.841454665018707,-102.97515565357108,0.004920957397583118,0
2017-11-17,5319.169921875,5319.169921875,5350.25,5304.35009765625,5335.85009765625,88650100,-0.003226940760058139,-0.029461926128290128,25.640191650442517,43.817415918613364,19.21262032602911,-102.73855444006561,0.004656411413929142,0
2017-11-20,5340.4501953125,5340.4501953125,5348.14990234375,5302.85009765625,5311.27978515625,66757000,0.004000675622334526,-0.0239388928051244,25.315816684998577,46.70410600426112,24.06689885357712,-89.70614663589566,0.005241483707592749,0
2017-11-21,5366.14990234375,5366.14990234375,5385.85986328125,5326.85986328125,5335.83984375,74777300,0.004812273514657628,-0.007692681365863763,24.469896488106926,49.9717951313507,28.266684558644794,-58.45032099382561,0.005742249725214901,0
2017-11-22,5352.759765625,5352.759765625,5391.009765625,5352.759765625,5364.60986328125,67526600,-0.0024952968072885495,-0.005196413881847217,23.596845530720596,48.34609074356798,32.87111684033976,-51.27454255711233,0.005741510234002552,0
2017-11-23,5379.5400390625,5379.5400390625,5391.89013671875,5330.31982421875,5339.759765625,55368500,0.005003077778584553,0.0070971140048436965,23.025467262098317,51.6570666210941,38.29591784659177,-45.375730474900536,0.005065905263908146,1
2017-11-24,5390.4599609375,5390.4599609375,5419.8798828125,5374.39990234375,5374.39990234375,54357200,0.002029898800958385,0.01408686948780069,22.101770876754877,52.95149947452604,41.43274505615944,-17.108936705466153,0.0048574760463120205,0
2017-11-27,5360.08984375,5360.08984375,5408.47021484375,5359.39013671875,5378.9599609375,62120700,-0.005634049303321009,0.011099239566140007,21.40045883544276,49.102453882312716,43.921642257289335,-30.568810424883804,0.004599867730449947,1
2017-11-28,5390.47998046875,5390.47998046875,5398.18994140625,5357.27978515625,5366.3798828125,65960000,0.005669706591613588,0.010136036227527123,20.759190394997606,52.72232791158067,48.76523859143115,-20.46938179048607,0.004474498970654658,1
2017-11-29,5398.0498046875,5398.0498046875,5441.68994140625,5394.89013671875,5416.490234375,92621500,0.0014042950249657515,0.014829359462292802,19.865086393082457,53.5878102456504,57.85876751173143,18.635227076361428,0.004238153532135426,0
2017-11-30,5372.7900390625,5372.7900390625,5429.64990234375,5372.58984375,5402.66015625,128032500,-0.004679424336371474,0.006055639986753514,19.00499172185016,50.35020928552915,64.502003677019,2.042651671679349,0.004320136429150525,0
2017-12-01,5316.89013671875,5316.89013671875,5378.31982421875,5299.06005859375,5374.1298828125,99908800,-0.01040425960019531,-0.009179722244338495,18.954329901708803,44.13822559697536,54.65500931953408,-74.91583583903054,0.005482683166160982,0
2017-12-04,5389.2900390625,5389.2900390625,5400.10009765625,5350.58984375,5363.2900390625,81907500,0.013616964142958654,0.0068245680802068165,18.630076869892513,52.18142732769864,52.98141130770134,9.093721611164709,0.006922355499087767,0
2017-12-05,5375.52978515625,5375.52978515625,5392.47998046875,5349.7900390625,5382.22998046875,77844600,-0.0025532591132623184,-0.0007454640874741125,18.32994010022242,50.72038879272005,50.68312293672162,8.046436025857997,0.00685517764890906,0
2017-12-06,5374.35009765625,5374.35009765625,5385.52978515625,5316.5498046875,5333.31982421875,78019500,-0.00021945511366294745,-0.002988587875244697,18.364680399915315,50.59255394908717,58.789097723631045,-10.655492396674815,0.006793410144207583,0
2017-12-07,5383.85986328125,5383.85986328125,5396.31005859375,5365.75,5374.56982421875,81173900,0.0017694726715231646,0.00443463080361739,18.252554263033645,51.62709579851866,55.285181863204905,57.580370582291465,0.006626095789398817,1
2017-12-08,5399.08984375,5399.08984375,5425.75,5393.56005859375,5411.91015625,90629200,0.002828821859317099,0.0015972349980792888,17.765677275763384,53.276389427982295,60.79128809404805,117.54269222194482,0.006656696359965911,0
2017-12-11,5386.830078125,5386.830078125,5411.7099609375,5382.5,5411.7099609375,68771400,-0.002270709689928929,-0.002078477777799903,17.41865306625796,51.780427078328515,63.7079233794125,77.56770039970426,0.006410727639251083,0
2017-12-12,5427.18994140625,5427.18994140625,5427.18994140625,5359.759765625,5394.93017578125,80840200,0.007492321587262429,0.010125075044481457,17.320033511479725,56.05631456768959,73.83438432167318,98.84347584096709,0.006596735336373009,0
2017-12-13,5399.4501953125,5399.4501953125,5429.02978515625,5393.97998046875,5415.31982421875,87609600,-0.0051112539625916,0.01552788499871105,17.20098196529824,52.67682075750185,73.91860032545263,102.44946459979667,0.006836680541593086,0
2017-12-14,5357.14013671875,5357.14013671875,5400.27978515625,5357.14013671875,5392.0,78206300,-0.007835993862945756,-0.005965517185143487,17.4483771939069,48.02803558363212,66.97990911974877,-13.681297315127496,0.007145063767399572,0
2017-12-15,5349.2998046875,5349.2998046875,5360.8701171875,5330.10009765625,5340.33984375,157439000,-0.0014635293890318257,-0.004879515418402147,17.922651522653716,47.215262057794284,48.77658566867279,-106.72081333104292,0.006237631647560167,0
2017-12-18,5420.580078125,5420.580078125,5427.8701171875,5386.39990234375,5386.39990234375,81891400,0.013325159561077271,0.008601966680382489,17.496347344919617,54.572355040187524,53.714747386222804,115.48909600389803,0.006170422639391154,0
2017-12-19,5382.91015625,5382.91015625,5420.64013671875,5380.14990234375,5409.64990234375,63736200,-0.0069494263219205266,-0.00017639891367293714,17.151994182319058,50.64553670499456,61.54405044094799,46.26842034234583,0.006563801584260437,0
2017-12-20,5352.77001953125,5352.77001953125,5382.3701171875,5338.02978515625,5377.919921875,68688100,-0.0055992271548048755,-0.008579191226530503,17.212444701414935,47.751638279533545,63.57775741736554,-91.73748695013109,0.00681375013017192,0
2017-12-21,5385.97021484375,5385.97021484375,5389.7998046875,5323.5400390625,5332.39013671875,70387200,0.006202432608043873,-0.0001596232420142396,17.39415036302825,50.99821606042604,55.75057848681252,-58.695344171993014,0.007107121045913716,0
2017-12-22,5364.72021484375,5364.72021484375,5385.9599609375,5355.43994140625,5371.0,46753800,-0.0039454358550730095,-0.011510510455123968,17.566770741560894,48.94898234608638,48.62291844790363,-45.24081997259531,0.007136866764872877,0
2017-12-27,5368.83984375,5368.83984375,5388.14013671875,5352.52978515625,5359.81982421875,41098800,0.000767911231391194,-0.00566916083216662,17.757394382601095,49.36419424435725,50.34402823419098,-39.17171776282526,0.007123240471927431,0
2017-12-28,5339.419921875,5339.419921875,5370.43017578125,5331.16015625,5367.7001953125,42420600,-0.0054797540495175046,-0.003307775117229572,18.132862584910036,46.519965116226345,34.789185123066936,-107.68982005689388,0.006713530621559425,0
2017-12-29,5312.56005859375,5312.56005859375,5344.0498046875,5312.56005859375,5336.14990234375,46218500,-0.005030483399743102,-0.0068681411465395525,18.651503666624045,44.07920574739002,20.513930701345483,-168.01715845818921,0.006708895751549797,0
2018-01-02,5288.60009765625,5288.60009765625,5318.740234375,5258.66015625,5318.740234375,66802600,-0.004510059307233916,-0.02434794405147911,19.561614309411162,42.009576329141126,10.875668357686862,-229.61465397690907,0.0064425989714573285,0
2018-01-03,5331.27978515625,5331.27978515625,5347.6298828125,5291.89013671875,5295.31005859375,75371700,0.008070129469406107,-0.00959153498666565,20.00329554350875,46.70184155207577,20.066090216297855,-126.48803752123638,0.007083954465858503,0
2018-01-04,5413.68994140625,5413.68994140625,5430.72021484375,5360.009765625,5360.009765625,92583500,0.015457856194201813,0.011381008646497826,19.41097654907981,54.22932023215394,50.10013499951896,85.23176615700972,0.007556567167748442,1
2018-01-05,5470.75,5470.75,5470.75,5422.77978515625,5424.16015625,76275800,0.010539956889169089,0.01574085666545222,18.44799560244643,58.501036963841536,77.5756282161483,185.14252380699727,0.007815068915273504,1
2018-01-08,5487.419921875,5487.419921875,5499.14990234375,5478.919921875,5483.47021484375,72318000,0.0030470999177443225,0.02287159481155232,17.78033351748659,59.658856915890254,95.07486521191174,211.43852709848187,0.00739104970255949,1
2018-01-09,5523.93994140625,5523.93994140625,5525.669921875,5491.91015625,5491.91015625,78844900,0.006655225962508782,0.02888894103198214,17.378418927726297,62.097485385586204,98.15818407458569,207.89614936632069,0.007417510057452378,0
2018-01-10,5504.68017578125,5504.68017578125,5529.2998046875,5487.56005859375,5518.31982421875,96478300,-0.0034865993890760283,0.03095097526028945,16.950595870755023,60.08128791839536,95.12590738632908,167.84868411178027,0.007374108179210526,0
2018-01-11,5488.5498046875,5488.5498046875,5516.58984375,5478.97021484375,5514.08984375,83544400,-0.0029303012307088094,0.033127107110829446,16.450967287024444,58.409383561807886,91.7327797186875,127.50032527296548,0.007566596082438657,1
2018-01-12,5517.06005859375,5517.06005859375,5520.18017578125,5486.08984375,5502.6298828125,80659900,0.005194496710570151,0.04319856988974213,16.011116027346368,60.45666975864776,90.44124103174745,123.89409197221693,0.007095881082528394,0
2018-01-15,5509.68994140625,5509.68994140625,5525.009765625,5501.27978515625,5515.5498046875,56215000,-0.0013358776430246744,0.03346478958893573,15.641646048219874,59.657574604498556,91.05826883408206,110.50556511036132,0.006698986170965422,1
2018-01-16,5513.81982421875,5513.81982421875,5535.9501953125,5500.22021484375,5513.7001953125,69422000,0.0007495671909707458,0.01849568111514177,15.40204051269672,59.96966701611281,93.41692706823746,100.29523024624562,0.006171033627069573,0
2018-01-17,5493.990234375,5493.990234375,5518.39013671875,5485.02001953125,5496.259765625,72741600,-0.003596343456246265,0.004248089270209698,14.983598465231756,57.71310115563977,89.8803834841966,73.82348443129791,0.006453591667409554,1
2018-01-18,5494.830078125,5494.830078125,5515.16015625,5474.10986328125,5511.2998046875,82084500,0.00015286589785779015,0.001350389865455659,14.450401266971937,57.78392107486968,87.35253893066145,62.77706172918282,0.004775243685992943,1
2018-01-19,5526.509765625,5526.509765625,5528.89013671875,5490.31982421875,5493.990234375,78466200,0.005765362540712138,0.0004652158144384799,14.099310371411253,60.416165652681585,88.87801041281467,73.852944026704,0.003935732740438562,1
2018-01-22,5541.990234375,5541.990234375,5543.06005859375,5512.27001953125,5520.2099609375,77421200,0.0028011293576803986,0.0067778794411892385,13.923587143575674,61.646252470934286,93.78008355854222,81.95500359198559,0.003922413227348292,0
2018-01-23,5535.259765625,5535.259765625,5567.02978515625,5521.830078125,5563.56005859375,85807600,-0.001214449767206971,0.008510437656520375,14.012539439663405,60.781823666081266,93.60772655296739,83.65924248234035,0.003418072767867528,0
2018-01-24,5495.16015625,5495.16015625,5538.580078125,5495.16015625,5532.85009765625,85219400,-0.007244395217732347,-0.0039694877545581875,13.733597652719638,55.86865170496558,78.13491530466803,50.693045512215626,0.004022712441912885,0
2018-01-25,5481.2099609375,5481.2099609375,5525.759765625,5456.0498046875,5493.81005859375,84803300,-0.0025386330727109607,-0.005169071358211652,13.104535339116865,54.262435289252814,52.50052620659781,25.761843738722177,0.003994613923698317,0
2018-01-26,5529.14990234375,5529.14990234375,5539.77001953125,5493.66015625,5496.830078125,65388300,0.008746233358674305,0.0027803008828226616,12.554849977975369,58.57101173292899,46.23858448519119,57.86922176051342,0.004627985870678598,0
2018-01-29,5521.58984375,5521.58984375,5537.52978515625,5517.669921875,5534.14013671875,60112400,-0.0013673093924521096,0.00502360000611457,12.03264888489095,57.66921458036945,49.19815035615763,63.672881121203716,0.004629176951935587,0
2018-01-30,5473.77978515625,5473.77978515625,5518.93994140625,5464.85009765625,5493.93017578125,80083100,-0.008658748647885739,-0.0038309270112921734,11.93180018604275,52.307982443444885,46.96646383940422,-12.537474711427155,0.005402317097158315,0
2018-01-31,5481.93017578125,5481.93017578125,5496.77978515625,5471.18017578125,5483.509765625,83562500,0.001488987673033959,-0.008066499786363535,11.83599392213696,53.09054046476756,32.78380784353409,-52.71508962991353,0.0053399853727528765,0
2018-02-01,5454.5498046875,5454.5498046875,5529.39990234375,5432.58984375,5510.58984375,87026200,-0.004994658854779677,-0.015777802917287365,12.139589256328584,50.17895358563449,18.543364857473126,-123.17498713681242,0.005545594249932969,0
2018-02-02,5364.97998046875,5364.97998046875,5437.259765625,5364.97998046875,5433.83984375,99312300,-0.016421121343832223,-0.03076274508627752,12.999483162206051,42.20806349197582,13.218085951655079,-362.38673241446264,0.006927807750823298,0
2018-02-05,5285.830078125,5285.830078125,5332.77001953125,5283.27001953125,5322.93994140625,96711900,-0.014753065739647853,-0.03809353543352423,14.348010424516115,36.774365844280894,5.745531528241503,-390.37709726781975,0.007510831057617588,0
2018-02-06,5161.81005859375,5161.81005859375,5226.1298828125,5101.14990234375,5104.27978515625,175358700,-0.023462732947942655,-0.05827178754690876,16.4122517758126,30.333547477533486,4.640916454120947,-364.4640477028867,0.009418046177457883,0
2018-02-07,5255.89990234375,5255.89990234375,5267.8798828125,5169.39990234375,5208.10986328125,117755000,0.018228071680660207,-0.04941989362309962,17.91235624396451,38.88208351950865,15.713155294297218,-201.98990120221,0.012318728738441632,0
2018-02-08,5151.68017578125,5151.68017578125,5248.43994140625,5129.52001953125,5229.77978515625,123977500,-0.01982909273367739,-0.06699332591453855,19.48805615844432,34.01545779244533,19.027825232692113,-186.00518872282427,0.013213542316247513,0
2018-02-09,5079.2099609375,5079.2099609375,5155.8701171875,5051.2099609375,5133.4599609375,143039900,-0.01406729695380593,-0.07208361309834588,21.248183661915515,31.160685722111836,16.4970568643912,-184.8598120674138,0.012303088267510549,0
2018-02-12,5140.06005859375,5140.06005859375,5165.75,5113.81982421875,5130.39990234375,93467100,0.011980228839569174,-0.0623630922367191,22.814843143385296,35.91440636102742,11.486856600188048,-132.15536647356447,0.013783798556455186,0
2018-02-13,5109.240234375,5109.240234375,5155.22021484375,5109.240234375,5136.08984375,78507900,-0.005996004690105083,-0.06330670406854655,24.31883900182263,34.63911567153772,11.83072850286733,-118.67129203404866,0.013774961615630977,0
2018-02-14,5165.259765625,5165.259765625,5188.14013671875,5081.6201171875,5137.56982421875,109723700,0.010964356475763326,-0.03722664680405763,25.383543530144195,38.79723768236681,17.80266800989968,-94.89506818004357,0.014701868535791703,0
2018-02-15,5222.52001953125,5222.52001953125,5255.080078125,5204.43994140625,5211.7099609375,97295500,0.011085648448374119,-0.011977316269729088,25.721474496076013,42.71814499792091,23.482563449533924,-53.276753686752734,0.015652664741429047,0
2018-02-16,5281.580078125,5281.580078125,5291.47998046875,5245.7998046875,5249.419921875,101183700,0.01130872804180294,0.023203104758155124,25.710242504944425,46.44331613651457,35.58177147980061,-29.63455925042166,0.01570854902770203,0
2018-02-19,5256.18017578125,5256.18017578125,5297.3701171875,5249.89013671875,5295.330078125,51447900,-0.0048091483927225065,5.332548996506148e-05,25.646278515621344,45.11510922109161,42.088336448011184,-27.409550481172584,0.015075117987828285,1
2018-02-20,5289.85986328125,5289.85986328125,5291.81005859375,5249.85009765625,5257.43017578125,75702000,0.006407635654345434,0.02682225658137738,25.585742337818644,47.221840567642424,46.98204458204376,-18.489872169752903,0.012798137756792215,1
2018-02-21,5302.169921875,5302.169921875,5303.81005859375,5255.77001953125,5278.47998046875,72945400,0.0023271048594686317,0.04389658286469955,25.41119634565815,47.9899308067644,52.592612696380534,-8.830682858748466,0.01155841754066594,1
2018-02-22,5309.22998046875,5309.22998046875,5321.18994140625,5253.2001953125,5272.43017578125,87528200,0.0013315413684917843,0.03291205159989552,25.075186464773925,48.442902481570705,68.8511659783818,0.3190749845250162,0.008984627716403192,1
2018-02-23,5317.3701171875,5317.3701171875,5322.35009765625,5292.7001953125,5312.2998046875,68488500,0.0015332047676772653,0.04073597506967874,24.744374520478118,48.98217137927701,84.9366300275491,18.245407147075344,0.006760758871891394,1
2018-02-26,5344.259765625,5344.259765625,5357.35986328125,5329.509765625,5343.56982421875,67882600,0.00505694503953813,0.03465459785609459,24.08377633573193,50.772586553369756,95.1745874639003,51.31033458886836,0.006258355732234526,0
2018-02-27,5343.93017578125,5343.93017578125,5363.52001953125,5329.7900390625,5358.56982421875,76239100,-6.167174841875678e-05,0.02324742763952048,23.396460499761368,50.74960763621907,95.87059152114041,62.4502264832457,0.005441570402327401,0
2018-02-28,5320.490234375,5320.490234375,5357.06005859375,5312.6201171875,5321.5,84387800,-0.004386273891167192,0.007367143103851781,22.880139048520473,49.086496015296355,91.89018344457726,60.483886266069064,0.005583240054994144,0
2018-03-01,5262.56005859375,5262.56005859375,5315.77001953125,5242.8701171875,5304.81005859375,112757700,-0.010888127452423624,0.001213786932551697,22.890764071237896,45.23043257908369,81.37847159772048,22.91898122076704,0.0063145708075853955,0
2018-03-02,5136.580078125,5136.580078125,5226.10986328125,5121.240234375,5223.14013671875,117629800,-0.023938915483353918,-0.028976152321201987,23.5725193483836,38.33649122453444,56.634748502355336,-75.41964236928189,0.009036566621142121,0
2018-03-05,5167.22998046875,5167.22998046875,5176.52001953125,5115.93994140625,5116.39013671875,120940100,0.00596698618099567,-0.025449946605734408,24.245412927875932,40.65302883496702,38.017012770836836,-74.8513454749264,0.009398068734804317,0
2018-03-06,5170.22998046875,5170.22998046875,5216.60009765625,5170.14013671875,5203.10986328125,90489200,0.0005805818613338065,-0.02618082104398267,24.47697021210282,40.88185226698537,23.931143271146052,-45.49596659514207,0.00901474821783176,0
2018-03-07,5187.830078125,5187.830078125,5203.06005859375,5134.509765625,5151.68994140625,93450600,0.003404122780366947,-0.024361674325393268,24.884519383908973,42.2567592193621,27.1114288748966,-50.96084301689527,0.009081665187979525,0
2018-03-08,5254.10009765625,5254.10009765625,5264.35986328125,5186.27978515625,5189.14013671875,92799400,0.012774130712315479,-0.016870375304110286,24.693488731268612,47.13022958757026,35.58987648672173,2.5374076180226535,0.010217522369281204,0
2018-03-09,5274.39990234375,5274.39990234375,5293.080078125,5241.509765625,5243.08984375,75500400,0.0038636120953530195,-0.013011074462127459,24.262446902069584,48.53089670377276,49.614957807737916,30.686657748724432,0.010307792550517883,0
2018-03-12,5276.7099609375,5276.7099609375,5302.419921875,5258.10986328125,5298.22021484375,64074300,0.00043797562500391685,-0.008228616444898473,23.77218962868908,48.69371589793683,61.5814406639266,35.94556919868327,0.010119802720325732,0
2018-03-13,5242.7900390625,5242.7900390625,5311.66015625,5225.27001953125,5284.83984375,87014000,-0.006428233146430817,-0.003756730433691846,23.51596023321854,46.423809162325654,60.0586931311681,6.8645178857724485,0.010238075656413976,0
2018-03-14,5233.35986328125,5233.35986328125,5272.72021484375,5224.31005859375,5237.75,73618000,-0.0017986941515850674,0.018841288110819754,23.27866408208201,45.799021230295914,54.53320290415295,-24.74955045861598,0.010199799551996538,1
2018-03-15,5267.259765625,5267.259765625,5274.93994140625,5235.93994140625,5252.22021484375,82441300,0.006477655508003943,0.01935849295160952,23.03155828374856,48.42554629881057,53.260860990367696,-3.0298166908619333,0.00991764764725621,1
2018-03-16,5282.75,5282.75,5299.22998046875,5258.509765625,5259.35986328125,150258600,0.002940852561723162,0.021763058888349285,22.558092411678864,49.600277497075524,58.64093319974861,29.400614970971905,0.005178618055723993,0
2018-03-19,5222.83984375,5222.83984375,5265.43994140625,5210.06982421875,5263.39013671875,76919000,-0.011340713880081399,0.0067484410818738905,22.44575047564694,45.39113377491461,57.61015362265374,-41.706917491169946,0.006684103420902939,1
2018-03-20,5252.43017578125,5252.43017578125,5255.10009765625,5208.509765625,5232.1201171875,66443200,0.005665563738597168,-0.00031783213946479094,22.34954451398773,47.698668142806135,60.00468708001756,-29.31167760736414,0.0068327173513762825,0
2018-03-21,5239.740234375,5239.740234375,5257.240234375,5220.259765625,5252.77978515625,69220400,-0.002416013346500656,-0.00657130073761536,22.23526327026503,46.80583321413599,58.6305216957746,-25.202555185862956,0.0069093817354646606,0
2018-03-22,5167.2099609375,5167.2099609375,5231.169921875,5119.2900390625,5205.169921875,104323700,-0.013842341450759243,-0.0207515669442907,22.760899119796843,42.068263659702204,52.58414094057619,-111.99863880338485,0.007003292183325927,0
2018-03-23,5095.22021484375,5095.22021484375,5128.7099609375,5059.669921875,5115.81982421875,102365000,-0.013932034238587132,-0.02814719321568293,23.562122357881908,38.04497960709395,34.51902682207981,-192.52766637410843,0.007676857044966298,0
2018-03-26,5066.27978515625,5066.27978515625,5126.990234375,5043.27001953125,5106.33984375,83600900,-0.005679917347475749,-0.0319259677319883,24.40082855016699,36.565174614690385,16.292208549139477,-175.55924781937367,0.007578064602606742,0
2018-03-27,5115.740234375,5115.740234375,5149.0498046875,5100.2099609375,5141.39990234375,84280000,0.009762676227172529,-0.028766291770692898,24.954608809517467,40.713675039570305,16.56095879009083,-108.1025440565127,0.008662113343798064,0
2018-03-28,5130.43994140625,5130.43994140625,5130.43994140625,5038.1201171875,5073.419921875,102195900,0.0028734271792136834,-0.02883158555558185,25.78090631446592,41.90231207290196,23.10836428542831,-118.10188689060185,0.008823621967857815,0
2018-03-29,5167.2998046875,5167.2998046875,5194.97998046875,5134.75,5152.02978515625,92382200,0.007184542398355642,-0.010634068959430754,25.912195565254535,44.82229169998593,35.99232916759346,-37.31617348441979,0.008901123312007984,0
2018-04-03,5152.1201171875,5152.1201171875,5171.6201171875,5118.68994140625,5144.6298828125,81857300,-0.0029376440450058494,-0.019097837617390145,26.121517797143678,43.86655124496006,40.8836567239666,-57.294007706695425,0.00874014458049134,0
2018-04-04,5141.7998046875,5141.7998046875,5163.6298828125,5094.68994140625,5155.47021484375,91113200,-0.002003119544043863,-0.018691848318160398,26.44564728317144,43.20721253699457,42.86941732622821,-71.35238028035282,0.008166669217522533,0
2018-04-05,5276.669921875,5276.669921875,5280.60986328125,5213.6298828125,5216.68017578125,94689000,0.026230137755372418,0.02118357135958937,25.723677374303385,52.937939751518144,57.58101351195396,63.87888238141902,0.011911299789296045,0
2018-04-06,5258.240234375,5258.240234375,5282.72021484375,5243.02001953125,5256.25,68854400,-0.0034926739350509273,0.03199469554943457,25.02133504166799,51.66465860626385,71.78965491233023,62.8417631674139,0.011945643434515362,1
2018-04-09,5263.39013671875,5263.39013671875,5289.72021484375,5247.56982421875,5271.0,60670000,0.00097939654983481,0.038906329678044305,24.297352582646436,52.00421956245176,88.39886992680344,65.77974058674859,0.010849092365726034,1
2018-04-10,5307.56005859375,5307.56005859375,5312.8798828125,5281.580078125,5299.580078125,78090500,0.008391914854811722,0.03749600554966115,23.420601812121127,54.866771594870244,90.63350019186817,98.1235716783985,0.009434269279056053,0
2018-04-11,5277.93994140625,5277.93994140625,5303.31982421875,5264.27001953125,5301.43994140625,68231500,-0.005580740841460763,0.028749971091089455,22.7098030712905,52.65017487781123,91.62741135945157,78.20134682791726,0.009422855098306105,1
2018-04-12,5309.22021484375,5309.22021484375,5309.97021484375,5266.35986328125,5280.66015625,82203700,0.005926606551942992,0.02746510083032283,21.97730876931228,54.685234685995276,94.67177766562172,88.31001596215995,0.009244961327476337,1
2018-04-13,5315.02001953125,5315.02001953125,5339.0498046875,5303.3798828125,5318.1298828125,68375700,0.0010924023590668241,0.03161803270081287,21.032758030480352,55.062190046520016,92.6554410982962,104.0588369518346,0.009280963923355999,0
2018-04-16,5312.9599609375,5312.9599609375,5322.41015625,5298.93994140625,5322.41015625,60319200,-0.00038759187852155375,0.03328798528755672,20.171016636743794,54.89146485509671,94.00437268241585,91.23743305528413,0.009262997238292525,1
2018-04-17,5353.5400390625,5353.5400390625,5370.22998046875,5317.1201171875,5325.6298828125,81726700,0.007637941641449819,0.014567922255062093,19.371419915654993,57.616373469344566,92.77321405411617,117.21683611682394,0.009135196458611002,1
2018-04-18,5380.169921875,5380.169921875,5381.740234375,5359.6298828125,5360.4501953125,82529900,0.004974256775552854,0.0231883067462193,18.703311234693818,59.314108183722276,95.28261131594387,125.59443522079955,0.00889938976995348,1
2018-04-19,5391.64013671875,5391.64013671875,5397.83984375,5377.10986328125,5389.81982421875,74094100,0.002131942858740077,0.024366424807710008,18.197150646913776,60.03984239986986,97.49082839294296,122.60142078566133,0.004616971423643732,1
2018-04-20,5412.830078125,5412.830078125,5425.7900390625,5381.10986328125,5395.1298828125,87342700,0.0039301475745645575,0.01983397613387372,17.933901539529465,61.379477452940506,97.86123354154999,120.42973009972891,0.004182100076752087,1
2018-04-23,5438.5498046875,5438.5498046875,5440.83984375,5392.580078125,5404.72021484375,65848500,0.004751622753953022,0.030430407519653757,17.798192823531796,62.965743142958175,97.79303903285357,121.38539303372856,0.004158710194251214,1
2018-04-24,5444.16015625,5444.16015625,5446.7001953125,5414.39990234375,5428.18017578125,90205000,0.0010315896266435143,0.02541615076145809,17.714433973494657,63.3117501581359,98.11146553965189,121.02852257357266,0.003789765628232569,0
2018-04-25,5413.2998046875,5413.2998046875,5442.31982421875,5388.669921875,5414.14990234375,78056400,-0.005668523826778293,0.01849095295880332,17.36238151707303,60.06258010697799,93.95005318199152,99.37850253366193,0.0038107373432793253,1
2018-04-26,5453.580078125,5453.580078125,5460.009765625,5407.580078125,5416.75,83179000,0.007440983298693471,0.026467377548745397,17.174641037759212,62.69312054161427,93.1617144094269,110.47932974074486,0.003986233178583472,1
2018-04-27,5483.18994140625,5483.18994140625,5483.18994140625,5453.97021484375,5454.25,71130200,0.005429435867279064,0.024217602072226896,17.18351744263932,64.50231558120707,93.52498662475892,125.39244773554937,0.004028392821411083,1
2018-04-30,5520.5,5520.5,5521.43994140625,5474.47998046875,5477.43994140625,73369100,0.006804443944573801,0.02608283384404597,17.481282759681534,66.64762135100038,98.86930500145742,135.5996221347795,0.003972791386361283,1
2018-05-02,5529.22021484375,5529.22021484375,5538.72998046875,5509.080078125,5511.4599609375,93979100,0.0015796059856443279,0.02551729615410281,17.888062696373524,67.1362555617317,98.71433976345469,138.4128772071586,0.00378798793476927,0
2018-05-03,5501.66015625,5501.66015625,5523.77978515625,5489.6298828125,5515.35986328125,79259400,-0.004984438586794204,0.01641102285549123,18.043533873059893,64.01610432389265,93.56124494716168,113.7043079995195,0.004519916662954773,1
2018-05-04,5516.0498046875,5516.0498046875,5516.0498046875,5485.990234375,5495.7099609375,85333000,0.002615510233061835,0.014250122327316372,18.147724318771985,64.91233426506773,90.53029379488079,104.58703853247003,0.004521163081679155,1
2018-05-07,5531.419921875,5531.419921875,5532.1201171875,5503.7001953125,5511.93994140625,45591900,0.002786435534798626,0.016028140818896475,18.375870425280926,65.8681506684465,90.59458390339,109.07568681855572,0.0044895031329845085,0
2018-05-08,5521.93017578125,5521.93017578125,5529.14990234375,5496.39013671875,5523.91015625,70214400,-0.0017156076066872084,0.020067311069615013,18.499041000029024,64.72230069790538,92.62097194000198,95.3963671242663,0.004543169540832138,1
2018-05-09,5534.6298828125,5534.6298828125,5535.240234375,5511.580078125,5520.64990234375,72894200,0.002299867370100017,0.014861761178239785,18.668290557364784,65.56612815156714,94.92813008081801,96.79638414120954,0.0045453517851055895,1
2018-05-10,5545.9501953125,5545.9501953125,5547.2001953125,5522.91015625,5532.3701171875,48972800,0.0020453603474288595,0.01144593832730778,18.932803796322865,66.32198744894718,95.77680127367721,99.07628532319097,0.003748359688323351,0
2018-05-11,5541.93994140625,5541.93994140625,5544.740234375,5521.33984375,5533.41015625,61288900,-0.0007230959105329893,0.003883695572185486,19.161425805725322,65.78351679805397,97.79746191420155,87.71022022596306,0.0034094843378921613,0
2018-05-14,5540.68017578125,5540.68017578125,5542.2099609375,5524.43994140625,5539.0498046875,59725700,-0.00022731491829919293,0.0020726179266172817,19.37861671465766,65.60737944156564,97.27215587580231,80.57657944641505,0.0031666920865459046,1
2018-05-15,5553.16015625,5553.16015625,5563.35986328125,5527.64013671875,5529.39013671875,88419600,0.0022524275130155758,0.009360810834797784,19.78288156728342,66.54158050122007,95.57677374444431,89.13506820747806,0.0025054176864829983,1
2018-05-16,5567.5400390625,5567.5400390625,5570.9599609375,5540.669921875,5546.39013671875,76258900,0.0025894954238472323,0.009334621005641308,20.23656531049605,67.60871961545737,95.98507549872981,97.62330761061318,0.0025691530699728615,1
2018-05-17,5621.919921875,5621.919921875,5621.919921875,5570.0400390625,5570.39013671875,80318200,0.009767308799032426,0.01636107930300157,21.092072735028186,71.25788580481148,97.35600598198975,149.25297189966577,0.003122104069788695,0
2018-05-18,5614.509765625,5614.509765625,5643.14990234375,5603.35009765625,5610.14013671875,115184600,-0.001318082853006719,0.016765802336617064,22.060594338844396,70.12469766183165,93.64225878021101,165.8754810516399,0.0033022074884959825,1
2018-05-21,5637.509765625,5637.509765625,5657.43994140625,5626.18017578125,5626.7001953125,49392900,0.004096528630303187,0.01858839434448689,23.082012373495164,71.60026890191692,90.46516893986391,179.7198887324844,0.003372013041135196,1
2018-05-22,5640.10009765625,5640.10009765625,5653.08984375,5628.93017578125,5637.93994140625,82627400,0.0004594816042793326,0.016976333906374874,24.052359506413392,71.76559087164937,87.09394829635873,162.07405733260146,0.0031769049258718912,0
2018-05-23,5565.85009765625,5565.85009765625,5626.02001953125,5544.41015625,5626.02001953125,100736000,-0.013164659973118997,0.004314401906696297,23.67483583464726,61.0436322430455,74.94700428237675,63.97381144091938,0.005779635413524632,0
2018-05-24,5548.4501953125,5548.4501953125,5598.64990234375,5523.22021484375,5576.64990234375,85231200,-0.0031261895377090454,0.0014023584261755317,23.048696741870387,58.873893866994194,56.26365196705393,21.352239412550304,0.005864473185269123,0
2018-05-25,5542.5498046875,5542.5498046875,5592.16015625,5519.77978515625,5570.72998046875,87810500,-0.0010634304025987085,-0.001910687115796228,22.410587427040372,58.13628751792161,35.855450888257735,3.5190295804481373,0.00587051092879502,0
2018-05-28,5508.93017578125,5508.93017578125,5577.3798828125,5492.2998046875,5565.66015625,58701500,-0.0060657332980240675,-0.01052706632912137,21.465537736845327,54.07305793334615,23.68587833954403,-51.76671343854079,0.006180695013240826,0
2018-05-29,5438.06005859375,5438.06005859375,5480.18017578125,5389.60986328125,5466.47998046875,141981600,-0.012864588028191792,-0.032704105685647966,21.2242404025344,46.81304219355128,18.94069846354789,-207.46706214449375,0.007184332589254211,0
2018-05-30,5427.35009765625,5427.35009765625,5434.240234375,5386.14990234375,5420.14990234375,116950900,-0.001969445137071424,-0.033334997316175397,21.023586364633026,45.83412334296415,14.449043647847853,-206.49954293560398,0.006998109024707206,0
2018-05-31,5398.39990234375,5398.39990234375,5453.009765625,5381.3798828125,5440.9501953125,144487200,-0.005334130798932968,-0.04241409296339216,20.612151062282045,43.26012869533227,13.147334427039105,-187.5908581085759,0.005525198591575876,0
2018-06-01,5465.52978515625,5465.52978515625,5482.56005859375,5438.31005859375,5440.419921875,99399200,0.01243514449223282,-0.03095163374361798,19.889830861029935,50.10016775414509,17.278188163112237,-104.08689041630957,0.007599122441677905,0
2018-06-04,5472.91015625,5472.91015625,5501.47998046875,5468.919921875,5497.740234375,79269000,0.0013503487097983324,-0.016698247307340597,19.00137812002813,50.78674753283634,23.26790726797094,-71.04870501165841,0.007374126385600287,0
2018-06-05,5460.9501953125,5460.9501953125,5512.81982421875,5460.9501953125,5464.8798828125,84084300,-0.0021853018953439385,-0.015770169492360653,18.065127364690078,49.62209866890165,30.820646973403303,-69.2361518653264,0.007285779978987123,0
2018-06-06,5457.56005859375,5457.56005859375,5480.31005859375,5419.93994140625,5470.580078125,88256900,-0.0006207961247586269,-0.01533405185134673,17.55933346266254,49.28487186626965,29.85832901463522,-89.5463608852711,0.006406040210619292,0
2018-06-07,5448.35986328125,5448.35986328125,5500.31982421875,5440.66015625,5482.60986328125,80269600,-0.0016857707865280958,-0.01099493196814938,16.860625024594704,48.34630233972013,26.893962843277535,-68.7500841568391,0.006392695290664358,0
2018-06-08,5450.22021484375,5450.22021484375,5458.85009765625,5405.35986328125,5419.7099609375,79611800,0.00034145166787480363,0.002236120255932672,16.533489110998072,48.55483388546855,25.731433037818835,-85.01150438950091,0.006426040160988519,1
2018-06-11,5473.91015625,5473.91015625,5480.419921875,5451.1298828125,5459.81005859375,87500400,0.004346602609144101,0.008578782970690702,15.985612044602519,51.19585811297092,29.14060171475919,-48.66763148149485,0.006476200786535556,0
2018-06-12,5453.3701171875,5453.3701171875,5496.47021484375,5448.7001953125,5494.830078125,78558400,-0.0037523522447747704,0.010182686692011167,15.293188318323644,48.90451341620544,32.097656520609206,-46.47769769936616,0.005044517048947392,0
2018-06-13,5452.72998046875,5452.72998046875,5474.009765625,5447.89990234375,5457.31005859375,82724700,-0.00011738369210123611,-0.0023419147256800166,14.643736648985879,48.83281406581341,34.93582344350338,-49.86244280274801,0.00498589887138492,0
2018-06-14,5528.4599609375,5528.4599609375,5543.2900390625,5408.2998046875,5420.39013671875,99909400,0.013888452342222912,0.010149957353870143,14.484784078607344,56.732342429994354,47.34177080120336,-9.540490021531225,0.006081389619929197,0
2018-06-15,5501.8798828125,5501.8798828125,5560.6201171875,5501.8798828125,5542.81982421875,189560900,-0.004807863005756974,0.007494975422982719,14.485286511766446,53.67098526491712,58.706509382246885,30.373033985896743,0.005316307127053272,0
2018-06-18,5450.47998046875,5450.47998046875,5491.83984375,5418.47998046875,5487.7001953125,84643700,-0.009342243640091064,-0.0012972973359864914,13.882157885445753,48.3591524028002,60.273577393969795,-49.908464833693586,0.0061719780085951964,0
2018-06-19,5390.6298828125,5390.6298828125,5398.0400390625,5366.0498046875,5387.81005859375,87760800,-0.010980702226357497,-0.010595845707222162,13.743743596901279,43.1275085910484,39.47096047209439,-154.44566857080608,0.007023625550728156,0
2018-06-20,5372.31005859375,5372.31005859375,5418.2001953125,5372.0400390625,5418.2001953125,83444100,-0.0033984570666150127,-0.01429486390986745,13.418930807302843,41.67484091811459,18.134049493154382,-145.9161533073182,0.007049839750383393,0
2018-06-21,5316.009765625,5316.009765625,5396.47021484375,5302.08984375,5386.8798828125,92471200,-0.010479717729376059,-0.028845996028033505,13.633291141546646,37.580022188091974,7.078244669220877,-208.39097625494026,0.007595873887714629,0
2018-06-22,5387.3798828125,5387.3798828125,5389.31982421875,5327.02978515625,5330.0498046875,74045400,0.01342550528198827,-0.012100817101523553,13.836933459078262,44.815393599015756,13.864025808823266,-134.82948213313145,0.009103591168872304,0
2018-06-25,5283.85986328125,5283.85986328125,5362.330078125,5283.85986328125,5350.9599609375,61986900,-0.019215281228174175,-0.030969829386817138,14.324953523713976,38.07663221092769,12.791533672036811,-194.92326144758994,0.010476598246528199,0
2018-06-26,5281.2900390625,5281.2900390625,5315.56005859375,5281.2900390625,5308.8798828125,66678000,-0.0004863535909814809,-0.044708639227096,14.805632207069081,37.92760562324513,10.996782946468477,-175.9182162008051,0.010517921372370285,0
2018-06-27,5327.2001953125,5327.2001953125,5371.580078125,5246.41015625,5284.4599609375,91539300,0.008692981432648184,-0.031749091441579336,14.686285937111682,42.18302477060205,8.570706332951046,-125.23192460693684,0.011150296317289253,0
2018-06-28,5275.64013671875,5275.64013671875,5341.08984375,5250.22021484375,5308.43994140625,91384400,-0.009678641069115201,-0.03207788018239144,14.572906980652155,39.02060935436812,11.671603196260458,-131.69513092899766,0.009759304507226714,0
2018-06-29,5323.52978515625,5323.52978515625,5357.9501953125,5318.47021484375,5335.240234375,96281300,0.009077504757040833,-0.012447543072877654,14.296204698696958,43.18497668731266,19.85292975002408,-76.15415520032337,0.010675510718148226,0
2018-07-02,5276.759765625,5276.759765625,5293.39990234375,5242.64013671875,5264.39990234375,84519600,-0.008785527914516478,-0.017785699620204154,14.600023175315627,40.352059049515965,14.85892960425213,-121.77430309868649,0.01064154148171221,0
2018-07-03,5316.77001953125,5316.77001953125,5336.2001953125,5284.1298828125,5302.35986328125,79762300,0.007582352747398824,0.00014301213499767762,14.473811548121063,43.6790482774191,19.528949922921857,-75.02032132888682,0.010748678155482768,1
2018-07-04,5320.5,5320.5,5333.22021484375,5307.2001953125,5313.9599609375,63961500,0.0007015500868097213,-0.01241417614263074,14.35391050228623,43.9856445890608,19.509548444490846,-61.53921777020904,0.010739057656809636,0
2018-07-05,5366.31982421875,5366.31982421875,5391.56982421875,5324.52001953125,5326.02001953125,95493300,0.008611939520486889,0.015606008310427244,13.71156837898348,47.669282120508846,32.476426112661194,-18.51184618967863,0.010545328180267297,1
2018-07-06,5375.77001953125,5375.77001953125,5393.4599609375,5345.4599609375,5387.18017578125,72631100,0.0017610197718462839,0.017889564816538917,13.085076101304002,48.40589848157942,49.98268641605486,-4.495740692447252,0.009621982360321442,1
2018-07-09,5398.10986328125,5398.10986328125,5418.9501953125,5384.60009765625,5403.0400390625,68001100,0.004155654663208219,0.013310869756902433,12.59190377526795,50.15191709964638,71.21400333771463,31.99908192896227,0.006950548625703431,1
2018-07-10,5434.35986328125,5434.35986328125,5437.0498046875,5404.89990234375,5410.18994140625,73970700,0.006715313492705599,0.030085396738454895,12.275830348706496,52.875851276819965,87.54253751463602,65.17625655048644,0.007018274922434444,0
2018-07-11,5353.93017578125,5353.93017578125,5396.7001953125,5353.93017578125,5393.41015625,87179200,-0.014800213736938073,0.005710570214102262,11.802334125473896,46.89137828146776,81.34706521146796,3.008390233538703,0.008609247453395428,1
2018-07-12,5405.89990234375,5405.89990234375,5406.47998046875,5349.47998046875,5369.18994140625,77442500,0.009706836820096765,0.02447337806811345,11.265345717040644,50.6874665277056,79.94621805964739,38.48030050412043,0.008228215721358453,1
2018-07-13,5429.2001953125,5429.2001953125,5439.56005859375,5418.169921875,5428.0400390625,66789800,0.004310159897457311,0.02114633045406067,10.93667493457323,52.296656914498215,78.65378257335647,115.53404157328495,0.007935933170859605,0
2018-07-16,5409.43017578125,5409.43017578125,5439.66015625,5404.52001953125,5429.43017578125,56645300,-0.0036414239335508247,0.016714627531482007,10.498101038174397,50.81560816729743,87.79087455692991,104.7899670712593,0.007300725097184608,1
2018-07-17,5422.5400390625,5422.5400390625,5426.77978515625,5383.0,5405.60986328125,63232400,0.002423520196257467,0.010476493516100582,10.06165823710281,51.769038155518416,90.23530245558685,88.45348546661052,0.0070814776720578105,1
2018-07-18,5447.43994140625,5447.43994140625,5459.72021484375,5438.31005859375,5441.5400390625,72157000,0.004591925954327225,0.013332029014375468,9.767406071911875,53.568529715414236,90.10327837377535,134.98990112330736,0.007109366547220111,0
2018-07-19,5417.06982421875,5417.06982421875,5444.18994140625,5409.77001953125,5437.7099609375,73346300,-0.005575117397193408,0.0035123332828901344,9.333713399686278,51.11981396649579,88.66871201760024,88.21613502630186,0.007143808114156642,0
2018-07-20,5398.31982421875,5398.31982421875,5424.3701171875,5342.2998046875,5409.669921875,93503600,-0.0034612808415671603,-0.006631883049559195,9.474656938543175,49.64500619927763,79.9092295702231,34.85353673002894,0.007268918565290231,0
2018-07-23,5378.25,5378.25,5385.830078125,5358.81982421875,5382.85986328125,58933900,-0.003717790881657246,0.004542424615241014,9.608553300457228,48.082046475305376,63.98954461533827,11.028608651865454,0.007248421842495429,1
2018-07-24,5434.18994140625,5434.18994140625,5453.0498046875,5389.77001953125,5399.18994140625,96565100,0.010401141896760002,0.0052331784852759355,9.136612009506191,52.47215423577452,64.24421011835032,82.33028559197157,0.007725341821964565,0
2018-07-25,5426.41015625,5426.41015625,5452.25,5413.66015625,5445.240234375,81395300,-0.0014316365898385808,-0.0005138950420190413,8.688267783102706,51.83055262425865,66.4441359776364,82.65726985547934,0.005789106920230462,0
2018-07-26,5480.5498046875,5480.5498046875,5480.5498046875,5435.27001953125,5463.2900390625,98897800,0.009977065293367726,0.013147342066575085,8.505699678208865,55.790390895919266,84.24949580168615,130.22861675670944,0.005832860124089924,1
2018-07-27,5511.759765625,5511.759765625,5514.39990234375,5475.77001953125,5477.52978515625,104519100,0.005694677003173387,0.016453493366537675,8.606871949209602,57.890952354587085,90.03257601035045,166.9040752006619,0.00592563195109944,0
2018-07-30,5491.22021484375,5491.22021484375,5507.47998046875,5482.240234375,5490.2001953125,68998200,-0.0037264960111920153,0.008036852890240143,8.702985606660302,56.04619618681234,94.99906845485505,148.3047575110373,0.005933930354600191,1
2018-07-31,5511.2998046875,5511.2998046875,5529.02978515625,5496.41015625,5505.52001953125,97712800,0.0036566717520216674,0.0173950093918791,8.9696478180435,57.44176786484873,91.83407402024557,166.8194745892856,0.005967566349628977,0
2018-08-01,5498.3701171875,5498.3701171875,5531.580078125,5495.7900390625,5520.330078125,81015200,-0.0023460323259865135,0.018533598643023952,9.24386303825025,56.23159974849341,86.49696771560708,146.1016082739867,0.005989624400911027,0
2018-08-02,5460.97998046875,5460.97998046875,5483.740234375,5445.91015625,5477.6298828125,95127100,-0.006800221869726619,0.015382323333565706,8.983921800756764,52.8427762128284,78.553463471143,56.83094301573587,0.006148279270794481,1
2018-08-03,5478.97998046875,5478.97998046875,5491.77978515625,5459.27001953125,5475.81982421875,72256600,0.003296111698701809,0.008242266013047894,8.809880550787486,54.24025104569848,72.45528136495669,70.71017527100469,0.005994305356393926,0
2018-08-06,5477.18017578125,5477.18017578125,5501.5400390625,5456.509765625,5487.27978515625,61262700,-0.00032849265628198676,0.009356096953484938,8.734542575823882,54.07159798060166,68.72361209282008,65.76947060636286,0.0057576250322477745,1
2018-08-07,5521.31005859375,5521.31005859375,5539.41015625,5490.080078125,5490.91015625,65874000,0.008057044208191533,0.007437256362744504,8.997528515751087,57.483625764435224,78.0957833922193,116.89973399286666,0.005407380160315128,0
2018-08-08,5501.89990234375,5501.89990234375,5530.02001953125,5497.10009765625,5518.490234375,57616100,-0.0035154983226831638,-0.0017888775455604522,9.247365158681932,55.57218285294449,81.0156005560798,95.5267839206073,0.00557495779099961,0
2018-08-09,5502.25,5502.25,5502.419921875,5468.64013671875,5487.919921875,55242100,6.363213843663118e-05,0.002008621895445817,9.161541684507696,55.600213596986904,83.73671750887947,58.22262528699315,0.004690935350196463,0
2018-08-10,5414.68017578125,5414.68017578125,5466.669921875,5391.009765625,5455.9599609375,103117500,-0.01591527542709803,-0.017531187257146197,9.079665768048788,47.67967670352706,59.01319444009368,-59.7692918856115,0.006580455951657525,0
2018-08-13,5412.31982421875,5412.31982421875,5428.91015625,5385.18994140625,5402.41015625,66875100,-0.0004359170783636568,-0.015650145613108735,9.052411023008991,47.48773989364256,37.88710433316094,-84.83178995135444,0.006553180978404252,0
2018-08-14,5403.41015625,5403.41015625,5447.93017578125,5392.39013671875,5437.43017578125,68465700,-0.0016461828306748583,-0.010542031727757473,8.829904117320364,46.740128192310415,15.350924477014487,-75.5411558690176,0.006306011849185536,0
2018-08-15,5305.22021484375,5305.22021484375,5417.18994140625,5287.18017578125,5414.75,87832500,-0.018171846772112255,-0.03171388949118481,9.449479969074563,39.52212945327051,12.18609468918208,-174.0948340574006,0.008135066096117836,0
2018-08-16,5349.02001953125,5349.02001953125,5354.9501953125,5307.16015625,5326.169921875,64762100,0.008255982393520656,-0.023398930131364515,10.038077028241052,43.610995630672065,14.494626034647936,-150.59912632193766,0.008828305687728756,0
2018-08-17,5344.93017578125,5344.93017578125,5366.56005859375,5313.990234375,5356.490234375,64188500,-0.0007645968298990446,-0.03194529576145977,10.470831880645573,43.32309881825992,18.188411829120586,-133.9535975414478,0.008647432699701864,0
2018-08-20,5379.64990234375,5379.64990234375,5397.77978515625,5356.31982421875,5362.3701171875,48284100,0.006495824158717856,-0.022219597260924817,10.551120074296211,46.48028793851466,28.024631848337194,-87.90797952222601,0.0090905186381558,0
2018-08-21,5408.60009765625,5408.60009765625,5427.259765625,5367.3798828125,5372.02001953125,56477500,0.005381427386173865,-0.017020292124812597,10.333191433452976,48.97504755638316,35.89840878982462,-54.83460411252873,0.008804417414373227,0
2018-08-22,5420.60986328125,5420.60986328125,5431.52001953125,5401.43017578125,5401.43017578125,71435300,0.0022204942883841117,0.001095113156733163,10.084090881355154,49.99294872443375,45.8998219656566,-32.389170756806074,0.008883037402404575,0
2018-08-23,5419.330078125,5419.330078125,5436.72021484375,5415.43017578125,5422.39013671875,52041400,-0.0002360961568032005,0.0012952401435852856,9.794361491875566,49.8813292550643,51.14373675954264,-22.380916744867765,0.008877860674469261,1
2018-08-24,5432.5,5432.5,5449.75,5421.2099609375,5422.77978515625,52056700,0.0024301752587760905,0.005383608297133025,9.384108823872525,51.06484673816293,54.30221700831322,-5.2261560532629385,0.007323203763739748,1
2018-08-27,5479.10009765625,5479.10009765625,5487.4501953125,5448.490234375,5455.39990234375,43768100,0.008578020737459724,0.03277524320781122,9.206709470072958,55.02093171413853,63.012706571507444,46.454213693214726,0.007757208947867519,1
2018-08-28,5484.990234375,5484.990234375,5506.759765625,5477.35009765625,5489.509765625,62817700,0.0010750190019834793,0.0254196496455934,9.216683895429387,55.49958785545714,75.57710327814145,74.22826230979085,0.007691606921361127,1
2018-08-29,5501.330078125,5501.330078125,5504.31982421875,5476.27001953125,5495.9501953125,52978800,0.0029790105454694515,0.02926135556502185,9.213975438106331,56.84076408100776,88.8815091875449,82.55360702713179,0.0033631817200427995,0
2018-08-30,5478.06005859375,5478.06005859375,5498.77001953125,5467.1201171875,5494.02001953125,64286100,-0.0042298897177209804,0.018293041003862642,9.105104780557241,54.38370365585045,91.51424990197147,62.14783580762729,0.0037546297472611716,0
2018-08-31,5406.85009765625,5406.85009765625,5471.0498046875,5403.16015625,5470.7998046875,89131200,-0.012999120158565747,-0.00032355877092082874,8.968816480561328,47.736662386020306,79.65216733859758,-9.913997036114708,0.006135980353788665,0
2018-09-03,5413.7998046875,5413.7998046875,5417.4599609375,5387.2099609375,5400.7001953125,48627400,0.0012853522671660844,-0.001256327012183811,8.988451818729349,48.38475892002031,66.36461277432238,-36.01087466379369,0.0058478955831719115,0
2018-09-04,5342.7001953125,5342.7001953125,5428.22021484375,5322.77001953125,5423.669921875,79249300,-0.013133032609266238,-0.014140102504886065,9.547781312592331,42.68455458416617,43.323267364979095,-92.16101225866707,0.007000239799938542,0
2018-09-05,5260.22021484375,5260.22021484375,5324.0,5259.97998046875,5322.080078125,103548700,-0.015437882990536389,-0.03171279984468478,10.51429536833422,37.3162454890727,25.189194833946853,-194.1299160289761,0.008170133496123362,0
2018-09-06,5243.83984375,5243.83984375,5292.43017578125,5243.81005859375,5254.7001953125,79501100,-0.0031140086203095274,-0.04293775432335789,11.534565701792307,36.36027282344006,5.971446877152374,-186.76281697458657,0.008113669219821621,0
2018-09-07,5252.22021484375,5252.22021484375,5266.6298828125,5226.31005859375,5252.97998046875,83620300,0.001598136354934221,-0.04243763609139284,12.61320076824948,37.22631897834196,3.115821279193632,-163.93845633321675,0.008052911260654484,0
2018-09-10,5269.6298828125,5269.6298828125,5291.2099609375,5241.18017578125,5250.759765625,71394000,0.0033147254411662885,-0.0421171229542856,13.340238745037354,39.040407262597306,8.232224432119159,-121.4472679804824,0.007326679040991982,0
2018-09-11,5283.7900390625,5283.7900390625,5285.02001953125,5240.0400390625,5284.240234375,74742700,0.00268712538923932,-0.03546328763345474,14.03886143493872,40.51225300255336,15.060330814011857,-104.48111764420003,0.0074639315813874825,0
2018-09-12,5332.1298828125,5332.1298828125,5338.6298828125,5293.6201171875,5294.580078125,75458800,0.009148706400638362,-0.01381954622269621,14.082849715610669,45.261519774383856,24.5581321387304,-52.471181106245375,0.00828738811042143,0
2018-09-13,5328.1201171875,5328.1201171875,5366.33984375,5325.2998046875,5327.93994140625,75754300,-0.000752000741378267,-0.015826164725525116,13.835600446394494,44.94819019567928,31.510089763522704,-34.87579920495602,0.008307095673344882,0
2018-09-14,5352.56982421875,5352.56982421875,5362.2001953125,5338.25,5353.580078125,66793100,0.004588805524931683,0.0018473110123060632,13.600713640639128,47.290230916348115,39.68502968226139,-24.777871062946147,0.007735961552932705,0
2018-09-17,5348.8701171875,5348.8701171875,5358.18017578125,5329.97021484375,5344.5498046875,66172300,-0.0006912020118841067,0.016852888039476044,13.451994699317364,46.971934784825464,41.80256654065018,-27.80841415265448,0.007696761610483805,1
2018-09-18,5363.7900390625,5363.7900390625,5389.759765625,5339.6201171875,5348.490234375,80228500,0.0027893595372707747,0.0228744963398273,12.969372202378343,48.444948397720104,46.52135087450616,-8.31986995004569,0.006503503138385132,1
2018-09-19,5393.740234375,5393.740234375,5406.06005859375,5361.330078125,5362.93994140625,85324800,0.005583774736591884,0.02694479929293303,12.34251031539358,51.30326496971601,54.31836817851785,15.466652002331815,0.0035268489310326372,1
2018-09-20,5451.58984375,5451.58984375,5461.10986328125,5398.2001953125,5398.2001953125,108602600,0.010725323590171643,0.03452993188971076,12.22302888049077,56.236464360677886,71.60525832319138,63.64593953011707,0.0037787338057957325,1
2018-09-21,5494.169921875,5494.169921875,5499.02978515625,5463.66015625,5463.66015625,222510800,0.007810579912539861,0.039816094367335575,12.423546039971676,59.42145196389755,87.5249975955913,104.55162839504379,0.0038680037758452666,0
2018-09-24,5476.169921875,5476.169921875,5488.18017578125,5463.43994140625,5480.64013671875,73646100,-0.0032762000913610922,0.027013602861925,12.611560518290453,57.55747922515806,95.26043095120866,94.90729393037432,0.004590375797853321,1
2018-09-25,5479.10009765625,5479.10009765625,5497.14990234375,5468.77978515625,5468.91015625,74313200,0.0005350775858041779,0.028336444589850185,12.865377564478681,57.784396138153454,94.17602158045823,101.31089394058031,0.004700667042903396,1
2018-09-26,5512.72998046875,5512.72998046875,5512.75,5471.56982421875,5482.990234375,77971500,0.006137847860615997,0.029922104990639076,13.237409621746405,60.34571636794816,94.7676916108965,116.99961507433184,0.004395588400064159,1
2018-09-27,5540.41015625,5540.41015625,5546.7998046875,5485.830078125,5500.25,74700600,0.005021137599577452,0.03580943916492285,13.862204675877814,62.32610871095465,96.86743598936043,134.3296632197566,0.004171068460009097,0
2018-09-28,5493.490234375,5493.490234375,5527.240234375,5458.2099609375,5514.5498046875,112190100,-0.008468672995639248,0.024180699536697325,14.11028361979987,57.22664779173549,93.51059415833326,97.9008085118325,0.005702109208612994,1
2018-10-01,5506.81982421875,5506.81982421875,5519.93994140625,5491.169921875,5494.93017578125,75188000,0.0024264337015367232,0.020964967708878346,14.345958616525824,58.248211002989784,88.24920768093295,97.85475443051554,0.005585183266694408,0
2018-10-02,5467.89013671875,5467.89013671875,5480.240234375,5440.77978515625,5473.7900390625,83460200,-0.007069359220504889,0.002990007215498247,13.975837688858732,54.26398328022408,77.06847981341856,56.84875915268183,0.006420160753560069,1
2018-10-03,5491.39990234375,5491.39990234375,5509.080078125,5468.47021484375,5485.02001953125,65565700,0.004299604607474361,-0.0005041743467418813,13.888561234788662,56.16979015154688,74.34458196735513,69.91065008930795,0.006351715167813492,0
2018-10-04,5410.85009765625,5410.85009765625,5477.919921875,5404.83984375,5471.8798828125,94188600,-0.014668355268229738,-0.011928012671379107,13.236721578739743,48.831230840549644,58.708674134100164,18.76603653105924,0.0073852708288149145,0
2018-10-05,5359.35986328125,5359.35986328125,5412.31005859375,5354.7900390625,5407.580078125,84127700,-0.009516108087581854,-0.02185399650322506,13.053811355944305,44.8853046608422,40.42633106632218,-37.13521860513326,0.007190112548894275,0
2018-10-08,5300.25,5300.25,5349.31005859375,5291.740234375,5339.490234375,69434100,-0.01102927677729415,-0.03854351314531146,13.352571536511187,40.892262415347616,16.721783364846456,-100.27054627961186,0.0076888661226815645,0
2018-10-09,5318.5498046875,5318.5498046875,5328.3701171875,5260.52978515625,5304.10986328125,78857600,0.003452630477335905,-0.04004403019011593,13.845489429679215,42.55757359863257,11.043935703079166,-115.7649652225256,0.007900189660275059,0
2018-10-10,5206.22021484375,5206.22021484375,5319.8798828125,5200.10986328125,5319.27001953125,104816300,-0.021120341816626143,-0.05229280608049225,14.679367194228075,36.00339041757385,8.455483886619719,-161.20659452577283,0.0090397678164097,0
2018-10-11,5106.3701171875,5106.3701171875,5175.35986328125,5101.89990234375,5128.22021484375,141209700,-0.019179000029918347,-0.07271886856913135,15.958242161095882,31.468667228482857,7.678278917284177,-221.5095207755841,0.009099564355782451,0
2018-10-12,5095.97998046875,5095.97998046875,5164.02978515625,5095.740234375,5160.22998046875,98283100,-0.0020347402323576125,-0.06801712304943663,17.200550023605416,31.040430141953735,0.9401345042564988,-190.4388568441881,0.009294959296094073,0
2018-10-15,5095.06982421875,5095.06982421875,5105.93017578125,5058.0498046875,5095.1201171875,79093900,-0.00017860279151182823,-0.07217286760628105,18.545719561474446,31.001529198832614,2.8774496599588417,-176.37925870821147,0.009020033896180942,0
2018-10-16,5173.0498046875,5173.0498046875,5176.7998046875,5082.41015625,5094.43994140625,88042700,0.015304987597634545,-0.0439487859905332,19.107708496709602,38.00817817463174,10.38566402395128,-120.13837787455061,0.011600836115096182,0
2018-10-17,5144.9501953125,5144.9501953125,5205.3798828125,5117.22998046875,5187.10986328125,90604000,-0.005431923224388457,-0.040006581651241935,19.37896256751275,36.59847574488233,16.54172932124533,-98.18901582995534,0.011087332817619831,0
2018-10-18,5116.7900390625,5116.7900390625,5175.58984375,5115.31005859375,5150.22998046875,99240000,-0.005473358376852033,-0.03461345425923301,19.64742207813267,35.22045263686533,18.256040013176726,-94.6173430299247,0.01070376700384277,0
2018-10-19,5084.66015625,5084.66015625,5133.58984375,5057.4501953125,5119.64013671875,130238900,-0.006279304518499784,-0.04397620724193685,20.214802587353333,33.69664333874769,12.421181511373169,-101.9765063831089,0.010618115222533453,0
2018-10-22,5053.31005859375,5053.31005859375,5135.68994140625,5052.240234375,5130.2900390625,74610400,-0.006165623009772858,-0.029370666229989517,20.78074963107049,32.26298272890362,6.325458718447835,-96.05329866794378,0.010431019776081296,0
2018-10-23,4967.68994140625,4967.68994140625,5009.43017578125,4955.669921875,4991.91015625,114932000,-0.016943372996060857,-0.027158269494502063,21.77091552436901,28.74686422085061,2.85353299133031,-123.69689783087709,0.010649263007085831,0
2018-10-24,4953.08984375,4953.08984375,5043.3701171875,4951.16015625,4995.77001953125,116382700,-0.0029390114577314552,-0.028039775914819542,22.38385356162961,28.19530503302127,0.9847379860105582,-110.25347770080197,0.009402285230258928,0
2018-10-25,5032.2998046875,5032.2998046875,5033.52001953125,4925.56005859375,4933.9501953125,125445400,0.01599202991188431,-0.012319756489475586,23.08388790333571,35.28616952203019,9.303118432821764,-96.1619742718129,0.01003750872520766,0
2018-10-26,4967.3701171875,4967.3701171875,4978.39013671875,4896.7998046875,4978.39013671875,131619600,-0.012902587290113177,-0.039759850623055204,23.877751705068686,32.51554725488131,13.98658559805113,-108.92763370616976,0.010679867643370148,0
2018-10-29,4989.35009765625,4989.35009765625,5030.02001953125,4958.509765625,4958.509765625,83255000,0.004424872709343219,-0.03024326606660166,24.137944454437793,34.35230825156181,21.13888873680493,-85.30754153640807,0.010888308565758915,0
2018-10-30,4978.52978515625,4978.52978515625,5010.43994140625,4929.93994140625,4996.919921875,96430500,-0.0021686817497699185,-0.02702089647039374,24.526132124181068,33.87454658023594,21.571056973231794,-91.86223181949325,0.009040562763286917,0
2018-10-31,5093.43994140625,5093.43994140625,5106.759765625,5047.35009765625,5049.740234375,130251200,0.0230811426683859,0.0017267201516817376,24.079309287551315,42.77188001388023,37.36178998793567,-28.111462913472263,0.012353922082557416,0
2018-11-01,5085.77978515625,5085.77978515625,5119.68017578125,5060.759765625,5076.5498046875,86117000,-0.0015039259003974959,0.006425437225503483,23.555638188668816,42.37182110944216,50.483934942265364,-16.02243455000089,0.01225536085471073,1
2018-11-02,5102.1298828125,5102.1298828125,5162.18017578125,5101.27978515625,5147.02001953125,94431400,0.003214865437935588,0.02706286885694653,22.739535729181192,43.557938267093675,63.83542308836467,20.297242964363974,0.012128473251894284,0
2018-11-05,5101.39013671875,5101.39013671875,5124.18994140625,5092.35986328125,5101.8701171875,68302600,-0.0001449877033201652,0.02994096566931459,22.021013217257956,43.51528294471918,64.69421641043168,18.13728664493432,0.011913370414594513,0
2018-11-06,5075.18994140625,5075.18994140625,5110.7998046875,5066.39013671875,5110.7998046875,67159700,-0.005135893278170656,0.0085229692950326,21.504068717822854,41.98252794225619,65.60937477171959,8.23420294079026,0.010428794911736258,1
2018-11-07,5137.93994140625,5137.93994140625,5150.64013671875,5098.89990234375,5100.080078125,88816200,0.01236406927119127,0.03433805418053404,20.7049184104617,46.71433388835343,73.71789570485073,69.4206644907897,0.01071120814015014,0
2018-11-08,5131.4501953125,5131.4501953125,5168.10986328125,5120.14013671875,5147.18994140625,87240200,-0.001263102754753831,0.028480682829413295,19.8147168102608,46.30321292586666,80.44700998966186,81.03647931910145,0.009871938870076613,0
2018-11-09,5106.75,5106.75,5112.56982421875,5072.2099609375,5103.43017578125,84712400,-0.004813492165443467,0.025754634475833704,19.29388653216386,44.726216535231664,84.91253971433532,31.844917477077523,0.008787271038331212,0
2018-11-12,5059.08984375,5059.08984375,5140.4501953125,5058.490234375,5130.3798828125,77068100,-0.009332776472316007,-0.006743987963224396,18.583809842441557,41.832444690919004,74.562983786352,18.42946280670522,0.00954947886956826,0
2018-11-13,5101.85009765625,5101.85009765625,5106.77001953125,5054.89990234375,5077.56982421875,78747800,0.00845216337857213,0.0031598522112388228,17.93442028595249,45.181995392285145,70.92629620097796,24.772374650101114,0.009694321728551706,0
2018-11-14,5068.85009765625,5068.85009765625,5131.0400390625,5026.22021484375,5062.43994140625,88350000,-0.006468241788436746,-0.006522724023227844,17.519131707780453,43.162857441624304,66.26988911945259,14.958926597331132,0.0067894030044023555,0
2018-11-15,5033.6201171875,5033.6201171875,5106.56005859375,4993.47998046875,5097.08984375,99859900,-0.006950290458390129,-0.013284618058018283,17.34522662300661,41.09887781644532,60.84150054710863,-19.6518965519545,0.007093797137762336,0
2018-11-16,5025.2001953125,5025.2001953125,5081.0,4986.18994140625,5068.64013671875,99615100,-0.0016727368531943565,-0.009849827626332908,17.228644770852043,40.61033365239751,48.98113945855187,-33.64350954712456,0.006937180814744856,0
2018-11-19,4985.4501953125,4985.4501953125,5062.75,4979.97998046875,5040.68017578125,75776800,-0.007910132622592547,-0.029679160876297406,17.160569229517048,38.345217203514146,28.812153256388328,-55.606249581542556,0.007198751440535469,0
2018-11-20,4924.89013671875,4924.89013671875,4967.97998046875,4894.2998046875,4962.85009765625,97368100,-0.012147360062024215,-0.040253739339113026,17.631382777443388,35.19686369275226,18.025513384720238,-148.05137044912448,0.007822960185349155,0
2018-11-21,4975.5,4975.5,4978.919921875,4930.25,4949.72021484375,82217400,0.010276343608949912,-0.025701277720663773,17.97219730487391,39.56209219965528,14.578481652232322,-104.85458849871824,0.007383667697029126,0
2018-11-22,4938.14013671875,4938.14013671875,4961.35009765625,4923.7998046875,4958.89013671875,60539000,-0.007508765607727841,-0.02390740444759476,18.33500097921149,37.594298990453176,18.946328484582605,-119.3766458969165,0.0074669108374768815,0
2018-11-23,4946.9501953125,4946.9501953125,4968.5,4913.72021484375,4939.7900390625,61973700,0.0017840843616891977,-0.03036151579892754,18.742140614081784,38.35540495259998,21.631895589877832,-116.41598082865934,0.0076571984456415805,0
2018-11-26,4994.97998046875,4994.97998046875,5023.77978515625,4973.7099609375,4982.5400390625,94237200,0.009708968811078966,-0.014573348148854581,18.57251581701978,42.3876306766596,24.003366841250216,-55.49783303624283,0.008289731676643009,0
2018-11-27,4983.14990234375,4983.14990234375,5013.68994140625,4958.7099609375,4992.52978515625,85316600,-0.002368393501326893,-0.010026623715885363,18.51513211973361,41.680761826922584,29.48280586748174,-70.95591420907478,0.007557379176513055,0
2018-11-28,4983.240234375,4983.240234375,5007.47021484375,4977.93017578125,4998.14013671875,84265900,1.8127496266506782e-05,-0.008349908323381894,18.46061760731175,41.68857781510068,35.11739121198786,-59.27550896079279,0.00743976387778537,0
2018-11-29,5006.25,5006.25,5036.81005859375,4995.9501953125,5026.66015625,82130300,0.004617430535713618,0.0041721015901545755,18.112620394459515,43.71131729232589,38.02083320039157,-29.134221297717975,0.007428041343638071,0
2018-11-30,5003.919921875,5003.919921875,5016.85986328125,4974.990234375,5016.4501953125,107965900,-0.00046543383270913896,0.01604701484953419,17.943762122998557,43.55028536004881,42.63897596923642,-40.438732744804355,0.007417031366730435,1
2018-12-03,5053.97998046875,5053.97998046875,5115.1298828125,5043.2001953125,5112.580078125,101898900,0.01000416860687725,0.015773285191186925,17.186507649996546,47.891617076723,53.07796709112631,49.593321707696546,0.00756340720233709,0
2018-12-04,5012.66015625,5012.66015625,5043.259765625,5012.47998046875,5036.9501953125,84238000,-0.008175700018288934,0.015090705704590812,16.433350635974303,44.891949088947335,55.78380878795294,-6.260404603850325,0.006843456078947164,0
2018-12-05,4944.3701171875,4944.3701171875,4976.6298828125,4941.4501953125,4963.18017578125,78499500,-0.013623512652728542,-0.0005215492420854728,16.228624082855788,40.480925222339316,47.90704794390152,-88.88222233000316,0.007673114834124698,0
2018-12-06,4780.4599609375,4780.4599609375,4898.35009765625,4760.97998046875,4898.35009765625,140516600,-0.03315086701948533,-0.04294712298548964,16.990622232254974,32.43004456020243,27.25736793874552,-246.2737263498895,0.01280590184352459,0
2018-12-07,4813.1298828125,4813.1298828125,4877.1298828125,4812.3798828125,4813.6201171875,95511500,0.006834054074703166,-0.03411898555395321,17.714520474184205,35.13656630560084,14.299849583394538,-186.89349873872789,0.013118513904959654,0
2018-12-10,4742.3798828125,4742.3798828125,4809.97998046875,4732.02001953125,4797.919921875,108458800,-0.014699374777448981,-0.04833408389605942,18.735296237392408,32.19672225933972,7.643338308662648,-217.99206981969613,0.012828923246794922,0
2018-12-11,4806.2001953125,4806.2001953125,4853.919921875,4770.06982421875,4781.93994140625,101943600,0.013457444168760047,-0.03996001092384516,19.339108494997458,37.186985840736476,12.264054244726466,-144.62167945833215,0.014115133186300767,0
2018-12-12,4909.4501953125,4909.4501953125,4924.66015625,4829.1201171875,4834.240234375,106795300,0.02148266734721127,-0.01887914435830973,19.37385123414213,44.18294468604551,22.793306389976824,-61.00255060134857,0.016191922243842104,0
2018-12-13,4896.919921875,4896.919921875,4935.47998046875,4890.43994140625,4926.85986328125,88192400,-0.0025522763118085434,-0.03107650983991095,19.328286908042365,43.56312759583244,36.23940926839567,-35.7962197196766,0.016055409869541598,0
2018-12-14,4853.7001953125,4853.7001953125,4873.16015625,4822.89013671875,4853.1201171875,89679200,-0.008825900209115778,-0.0317116971792516,19.60795930392675,41.45182534549559,40.37225335591782,-82.59602429021977,0.016178681953906794,0
2018-12-17,4799.8701171875,4799.8701171875,4847.5,4788.8798828125,4840.1201171875,83817900,-0.011090523921726159,-0.029225158427702014,20.02490146723462,38.975313736666706,30.837992766673153,-104.22638320961968,0.01567292247245681,0
2018-12-18,4754.080078125,4754.080078125,4804.97998046875,4754.080078125,4773.18994140625,109281600,-0.009539849609374595,-0.005518272933579094,20.57083994849246,36.996176327639965,18.409891636046307,-121.18682472595933,0.015709196571611038,0
2018-12-19,4777.4501953125,4777.4501953125,4794.009765625,4761.6298828125,4766.72998046875,96198400,0.004915802174858763,-0.007412990791586749,21.08948150568741,38.66930928723176,11.775589285023907,-101.94091375991125,0.015694764874559196,0
2018-12-20,4692.4599609375,4692.4599609375,4719.60986328125,4685.60986328125,4709.75,120847000,-0.01778987344721883,-0.010526343968335738,21.89800622115586,35.100962129275075,6.403748008094982,-139.88765240928518,0.01296463402958664,0
2018-12-21,4694.3798828125,4694.3798828125,4696.18017578125,4628.240234375,4672.77001953125,187129800,0.00040915040106526135,-0.02326584577335311,22.878596908099347,35.243056852061144,9.796534661696176,-137.2889486172108,0.012645544102300673,0
2018-12-24,4626.39013671875,4626.39013671875,4664.2001953125,4622.02978515625,4650.419921875,24595900,-0.014483222021012931,-0.05765616257071171,23.832558643813478,32.58370153825264,6.2536646856641225,-142.28881941463726,0.012622392334910764,0
2018-12-27,4598.60986328125,4598.60986328125,4692.43017578125,4555.990234375,4689.2001953125,89451800,-0.006004740762568517,-0.060917896014833994,24.96798988206693,31.55946121804132,9.465646697273636,-140.31168739537287,0.01134076476116406,0
2018-12-28,4678.740234375,4678.740234375,4700.490234375,4623.97021484375,4641.0498046875,67583000,0.017424911761610984,-0.03604671774051249,25.97306341425384,37.52243095159334,14.935496816055275,-99.57083788260685,0.010342508197896899,0
2018-12-31,4730.68994140625,4730.68994140625,4731.490234375,4696.1201171875,4708.740234375,23249900,0.011103353558629347,-0.014412926619311595,26.64448093712334,41.028753285108095,29.87075315718705,-62.41377435497669,0.011501971982495078,0
2019-01-02,4689.39013671875,4689.39013671875,4699.97998046875,4606.2001953125,4642.18017578125,76980400,-0.008730186336250001,-0.013607246900175007,27.605262761600308,39.1882974493531,37.84464216402146,-89.35633020650715,0.011496982853021689,0
2019-01-03,4611.490234375,4611.490234375,4671.27978515625,4607.68017578125,4641.7998046875,78741500,-0.016611947411621864,-0.034738187558780886,28.51800549485342,35.98346471659957,31.93758752093532,-105.94823749527085,0.012028787421153717,0
2019-01-04,4737.1201171875,4737.1201171875,4750.509765625,4636.7900390625,4649.6298828125,95967400,0.027242794937746728,0.009517429370047736,28.697750647634336,43.78742243673366,32.50239643847424,-41.8760660087091,0.015301599569797913,0
2019-01-07,4719.169921875,4719.169921875,4760.27001953125,4690.22021484375,4757.009765625,73900700,-0.0037892632798928183,0.005280791005701113,28.788752129052774,42.99904502746963,37.9344713739466,-22.43119986271066,0.015222322391236925,1
2019-01-08,4773.27001953125,4773.27001953125,4810.27001953125,4719.22998046875,4722.16015625,98114900,0.011463901184290304,0.03174826991929258,28.476287403190447,46.07902432584571,57.904845253917095,20.049741859706877,0.014455038530301192,1
2019-01-09,4813.580078125,4813.580078125,4843.47998046875,4801.830078125,4811.18017578125,94180800,0.008444956691913363,0.046746782448372715,27.92832242946549,48.27127017020021,71.86144992830623,69.60876142059543,0.014591691084166459,0
2019-01-10,4805.66015625,4805.66015625,4805.66015625,4759.759765625,4788.759765625,76138500,-0.0016453287878166467,0.027126943475620058,27.62147783016199,47.86876855121548,83.66016503356529,40.06935195490485,0.01344043129944465,0
2019-01-11,4781.33984375,4781.33984375,4821.27978515625,4760.83984375,4814.66015625,77037500,-0.005060764121734729,0.010706662869706784,27.20909245443399,46.61243391318472,84.9432469568378,39.362247837503595,0.013366326713837704,0
2019-01-14,4762.75,4762.75,4773.14990234375,4730.5498046875,4740.31005859375,69500100,-0.0038879988366231633,0.015643796131789012,26.974319022095194,45.648466714277696,79.04969436749612,16.98368530383574,0.012665898220820239,1
2019-01-15,4786.169921875,4786.169921875,4816.72998046875,4754.68994140625,4799.580078125,83421600,0.004917310771088035,0.03787922745621386,26.410119136230094,47.099269049099426,76.78987645053009,60.00624659576377,0.012309970890098878,1
2019-01-16,4810.740234375,4810.740234375,4816.490234375,4784.7900390625,4811.58984375,81097500,0.005133606391136025,0.015541112609829488,25.874129244658246,48.61402504172679,80.19873897223464,86.50629651861176,0.011834555151978803,0
2019-01-17,4794.3701171875,4794.3701171875,4801.669921875,4772.64013671875,4782.6298828125,82674400,-0.003402827088963889,0.01593504717088501,25.436238412674417,47.65699587887673,82.66006125861928,72.25847471070612,0.01005236080717866,1
2019-01-18,4875.93017578125,4875.93017578125,4881.56982421875,4824.259765625,4825.97021484375,106129400,0.017011631684705097,0.021507301248396837,24.406491810388605,52.555378578705195,88.62226656653006,140.84773206174154,0.007651163937559743,0
2019-01-21,4867.77978515625,4867.77978515625,4872.6201171875,4859.759765625,4865.7900390625,49416900,-0.0016715560582640787,0.01125974973960786,23.42823253821708,52.043066920004726,90.74903834236706,132.85637050006008,0.007472086940928642,0
2019-01-22,4847.52978515625,4847.52978515625,4863.2998046875,4824.06005859375,4841.18017578125,67998400,-0.004160007414828026,0.008712565505031966,22.73359216661697,50.749259090023315,93.50525518093082,98.74279575580678,0.007163003387550087,0
2019-01-23,4840.3798828125,4840.3798828125,4875.41015625,4820.14013671875,4831.919921875,78599700,-0.0014749578982771183,0.012348011434425654,21.978882284201045,50.284643534225694,88.57881600636101,91.02841271342756,0.006781528906254379,1
2019-01-24,4871.9599609375,4871.9599609375,4883.89990234375,4832.39990234375,4839.58984375,82884500,0.006524297449697292,0.022930021718019944,21.19402910948545,52.3143858467247,88.19316300186283,101.44631909374458,0.006973579718819835,1
2019-01-25,4925.81982421875,4925.81982421875,4931.7998046875,4890.89990234375,4895.58984375,82965000,0.011055071000806382,0.02917779866224257,20.190549029420843,55.5708534338383,91.3982274267593,148.88983448201566,0.007175683746501702,0
2019-01-28,4888.580078125,4888.580078125,4912.10009765625,4878.6201171875,4903.9501953125,64841000,-0.00756011129571843,0.016180429613263714,19.218127083301688,52.93962762177588,89.84879592015943,115.04159106491792,0.007646129375867261,1
2019-01-29,4928.18017578125,4928.18017578125,4949.4501953125,4879.66015625,4889.33984375,66407300,0.008100531652012632,0.02790983076463993,18.501178277597777,55.308294167428905,88.66480605187155,127.27367118846912,0.007815974785976777,1
2019-01-30,4974.759765625,4974.759765625,4974.759765625,4942.64013671875,4943.68017578125,68861600,0.009451681590834982,0.02026886897081437,18.002125661862188,57.93007339999116,89.60253408088163,157.1215868660559,0.008064987575016164,1
2019-01-31,4992.72021484375,4992.72021484375,5016.27978515625,4955.5,4993.08984375,102641200,0.0036103148825104014,0.025666820440088944,17.81161469443278,58.908479889481534,94.01261536479574,166.53719977420312,0.007705846683144758,1
2019-02-01,5019.259765625,5019.259765625,5023.3701171875,4980.5,5004.64990234375,79792300,0.005315649513534915,0.035426286805830154,17.677918706846313,60.34304320802214,96.74159090578875,166.8042783739516,0.006282639710576475,0
2019-02-04,5000.18994140625,5000.18994140625,5019.39990234375,4970.7001953125,5014.31005859375,70664200,-0.0037993300026732957,0.03301601578033431,17.460047763462363,58.79063760491014,93.65989910093509,137.85489202917802,0.006488061302734382,1
2019-02-05,5083.33984375,5083.33984375,5083.33984375,4997.52978515625,5009.830078125,87212600,0.016629348748372852,0.043387032017361715,17.676914811687602,63.142680691854316,96.40836465967108,164.28198429320466,0.007320741092174038,0
2019-02-06,5079.0498046875,5079.0498046875,5083.81005859375,5058.0400390625,5060.64990234375,85303500,-0.0008439410297886862,0.03110750817871266,17.885896405489277,62.78258956977378,96.31651361395188,152.67583725649993,0.0072632791973604996,0
2019-02-07,4985.56005859375,4985.56005859375,5083.89013671875,4985.56005859375,5075.75,111261700,-0.018406936275259134,0.019838067274934756,17.41834445497002,55.51960835830229,86.9710233492953,94.44784542123938,0.010277483387648157,0
2019-02-08,4961.64013671875,4961.64013671875,5005.64013671875,4946.14013671875,4980.81005859375,100191000,-0.004797840482087534,0.006789516564742026,16.654531484631683,53.84208065375601,71.52078638247065,50.14773102657878,0.01000548527014246,1
2019-02-11,5014.47021484375,5014.47021484375,5023.2900390625,4986.2998046875,4988.08984375,70045200,0.010647704522951829,0.007982385298913153,16.061068270781693,56.87167048998788,63.34913112164296,73.07651301060702,0.009977840782816062,1
2019-02-12,5056.35009765625,5056.35009765625,5073.7900390625,5039.990234375,5052.330078125,81414900,0.008351806076847046,0.012744532053553304,15.85542788062536,59.11113051158,72.12606687298212,103.7806304444088,0.009993562013693605,1
2019-02-13,5074.27001953125,5074.27001953125,5092.18994140625,5061.60009765625,5071.5400390625,84733400,0.0035440429418260866,0.010959834014368841,15.78353498791589,60.0455731161947,84.77941653912309,110.26343166719147,0.009715305304807905,0
2019-02-14,5062.52001953125,5062.52001953125,5117.7900390625,5062.52001953125,5117.7900390625,90012000,-0.002315604009004879,0.012465542080481562,15.884052961030132,59.113156873217385,85.84983261363878,107.95632066940735,0.009788322710980044,1
2019-02-15,5153.18994140625,5153.18994140625,5164.580078125,5059.5,5061.5400390625,110465200,0.017910037199891482,0.013740985219025115,16.26951264484625,63.692722530756605,88.16752478305189,135.7333979809835,0.011069829504028668,1
2019-02-18,5168.5400390625,5168.5400390625,5170.9599609375,5147.81005859375,5149.06005859375,60816200,0.002978756426754492,0.017619483528672708,16.67399394712598,64.40324114871845,90.61111791501408,153.44839171462766,0.01083318826227411,0
2019-02-19,5160.52001953125,5160.52001953125,5176.41015625,5137.169921875,5162.31005859375,67491900,-0.0015516992169233301,0.03509334134605724,16.95072395119217,63.71746723586226,96.01393376862724,136.88447782579428,0.009840787606938638,1
2019-02-20,5195.9501953125,5195.9501953125,5202.89990234375,5159.06005859375,5168.58984375,74722600,0.0068656212256044125,0.04722431537501737,17.382245822410955,65.42927878411871,96.44425582320268,144.05143249358613,0.009933813597813354,1
2019-02-21,5196.10986328125,5196.10986328125,5206.3798828125,5180.6201171875,5200.1201171875,95156300,3.072931085723596e-05,0.03622309848402594,17.814366486040107,65.43701432160795,95.48209380387641,136.21027736614454,0.00690949854022579,1
2019-02-22,5215.85009765625,5215.85009765625,5226.7998046875,5190.27978515625,5190.93994140625,75215100,0.0037990409930506175,0.031544492948368585,18.356197858416788,66.41501271774266,96.48183902421671,136.15744588096942,0.006164936745223351,1
2019-02-25,5231.85009765625,5231.85009765625,5242.22021484375,5219.39013671875,5228.25,72266600,0.0030675728213871434,0.031054728565579337,18.968853417774916,67.20670430293524,96.21658097483504,138.0682604479661,0.005855146847475252,1
2019-02-26,5238.72021484375,5238.72021484375,5248.5,5197.2900390625,5212.85986328125,74612300,0.0013131334153815288,0.03480483921697464,19.291223327054784,67.55241575525955,96.45387541547376,118.44562818173262,0.005731439631575006,0
2019-02-27,5225.35009765625,5225.35009765625,5236.830078125,5211.5400390625,5218.1201171875,86877000,-0.002552172408371023,0.014003007277140656,19.59747474087066,66.12438419573071,95.20221237551986,101.91955415247499,0.006049218254882004,1
2019-02-28,5240.52978515625,5240.52978515625,5247.5498046875,5204.77001953125,5204.77001953125,110811900,0.0029050087011028847,0.013928448952638561,19.966436591805415,66.95912655464039,95.35645450144489,96.2707245777271,0.005762328934745696,1
2019-03-01,5265.18994140625,5265.18994140625,5286.68994140625,5262.47021484375,5267.14013671875,88315600,0.004705660927612598,0.020282824498083718,20.588697687580066,68.29510945508076,93.52959996289665,116.90367237391189,0.0028788677179834854,1
2019-03-04,5286.56982421875,5286.56982421875,5310.64013671875,5283.35009765625,5291.1298828125,63344600,0.004060609978068452,0.0174404344729866,21.334443221186827,69.423408805151,92.8869307540994,122.45396018098683,0.002933032690503299,1
2019-03-05,5297.52001953125,5297.52001953125,5297.990234375,5267.56982421875,5288.5498046875,74259300,0.0020713233110694063,0.019516553521437885,21.834549242472523,69.99901639678716,92.15877158252015,107.58688104590821,0.0026159026731812814,0
2019-03-06,5288.81005859375,5288.81005859375,5314.97021484375,5281.9501953125,5288.39990234375,18519200,-0.0016441581920195736,0.013988124576334027,22.425208521012422,68.91282037621865,91.65045371965437,103.8071124127649,0.002463418137285674,0
2019-03-07,5267.919921875,5267.919921875,5306.08984375,5249.31982421875,5282.14013671875,100441400,-0.003949874638588313,0.006894277080856881,22.560351563119585,66.31488260158262,86.02444586816864,81.27602383715411,0.003032571732018879,0
2019-03-08,5231.22021484375,5231.22021484375,5252.35009765625,5221.02978515625,5233.97021484375,99881400,-0.006966641022551401,-0.0014316473666123875,22.34477151869077,61.99303611593589,72.0647165741231,42.538333514809224,0.0038721473317677025,0
2019-03-11,5265.9599609375,5265.9599609375,5268.58984375,5230.16015625,5253.490234375,71957700,0.006640849489603751,0.007771701899833561,22.271397279422963,64.31063157454909,64.99973956283958,57.51975422045248,0.004297341937901892,1
2019-03-12,5270.25,5270.25,5294.830078125,5245.759765625,5290.93994140625,79641900,0.0008146736956458067,0.005671223342329279,22.406823073408155,64.59130120442359,62.72510952383701,71.1002525502665,0.0042917906523336664,1
2019-03-13,5306.3798828125,5306.3798828125,5309.77001953125,5261.89013671875,5263.009765625,72032100,0.006855440028936011,0.00782306846754488,22.648528854668807,66.89900124804703,76.12980351540934,97.41262870787666,0.004545556670199343,1
2019-03-14,5349.77978515625,5349.77978515625,5358.41015625,5308.75,5308.75,80679300,0.008178815558291141,0.011956705962328007,23.218728734027387,69.41910368911023,84.82262046486093,154.51624781109228,0.005003222396912546,1
2019-03-15,5405.31982421875,5405.31982421875,5421.509765625,5351.8798828125,5352.8798828125,213640300,0.010381743042321867,0.020349107561662194,24.1341761091849,72.26369289510924,93.51120676537924,206.78510724904558,0.005618728249553704,1
2019-03-18,5412.830078125,5412.830078125,5416.490234375,5401.47021484375,5403.5400390625,71187100,0.0013894189706591398,0.023449512869105682,25.00385111558454,72.6261281295396,94.4727629619586,200.23126095739178,0.005607397036463146,1
2019-03-19,5425.89990234375,5425.89990234375,5443.10009765625,5403.580078125,5406.22998046875,70707600,0.00241460087054457,0.02998906263034473,25.977103144877145,73.26606363315835,93.85260259363388,189.5195215372765,0.00560636737390695,0
2019-03-20,5382.66015625,5382.66015625,5429.43994140625,5382.66015625,5417.2099609375,80810600,-0.00796913818389322,0.02894925757025768,26.613021938618438,67.75035479803051,87.1872662206016,135.5986814236379,0.006413447482496329,0
2019-03-21,5378.85009765625,5378.85009765625,5393.330078125,5349.0,5378.41015625,75608100,-0.0007078393365269608,0.021437712697430333,26.777522202285077,67.28055486309682,78.87805987425979,91.95354902808339,0.006168955757229207,0
2019-03-22,5269.919921875,5269.919921875,5398.47021484375,5264.1298828125,5394.4599609375,109347500,-0.02025157306925407,-6.263044921972494e-05,25.99835916887458,55.6641906139321,55.28891820580475,11.062545740743266,0.009081904185914428,0
2019-03-25,5260.64013671875,5260.64013671875,5276.740234375,5211.759765625,5211.759765625,77602300,-0.0017608968056099794,-0.008619764717920475,24.782549923264373,54.815498557187084,38.070845836074255,-67.0076956201596,0.008864958764163095,0
2019-03-26,5307.3798828125,5307.3798828125,5315.2900390625,5257.7900390625,5271.14013671875,64772700,0.008884802016300375,-0.007925541619749454,23.933120250338597,58.19481751214253,28.15930318585247,-16.677797718768176,0.009310135177937648,0
2019-03-27,5301.240234375,5301.240234375,5340.0498046875,5279.64990234375,5312.7001953125,92888500,-0.0011568134509050143,-0.01925502897671605,23.312107891653948,57.599169820370236,33.71381533818081,-4.593419867555695,0.00906710698589107,0
2019-03-28,5296.5400390625,5296.5400390625,5327.72998046875,5291.64013671875,5299.02978515625,74378700,-0.0008866218289868,-0.02148414736543569,22.722146150903534,57.12797255646162,38.88655543477878,-12.738758443437307,0.008592661754944832,0
2019-03-29,5350.52978515625,5350.52978515625,5356.06982421875,5315.10986328125,5334.56005859375,79046600,0.010193399029474026,-0.01389080494370043,22.376983192582337,60.98691745495276,45.10393251510002,33.75352819365378,0.008565186669847154,0
2019-04-01,5405.52978515625,5405.52978515625,5414.52978515625,5376.18017578125,5394.5,77183600,0.010279355915854271,0.004248759580278483,22.451326246493256,64.42103866563957,60.13079068916631,102.20668032911702,0.009271268232297486,1
2019-04-02,5423.47021484375,5423.47021484375,5433.509765625,5403.43994140625,5409.68017578125,67149200,0.0033189031233840094,0.008295475125239538,22.642352040841498,65.46482955733084,78.41988806455811,113.40907806008475,0.009302834294311592,1
2019-04-03,5468.91015625,5468.91015625,5473.919921875,5451.43994140625,5458.02001953125,87758700,0.008378388671128612,0.03775963151717132,23.067831171963498,67.9701134950516,91.12116089305101,144.79749864521415,0.009183530409448021,0
2019-04-04,5463.7998046875,5463.7998046875,5474.41015625,5448.39990234375,5460.830078125,69798300,-0.0009344369200616764,0.03861881115013266,23.43784360074347,67.39136613802813,95.1880120590525,123.57482782253871,0.009190214501111542,1
2019-04-05,5476.2001953125,5476.2001953125,5486.0,5464.85009765625,5469.33984375,77567000,0.0022695543519661854,0.03180859788211321,23.860611910374924,68.08546374405176,96.82529386926427,123.51177116945468,0.005078131436168756,0
2019-04-08,5471.77978515625,5471.77978515625,5486.6298828125,5462.3798828125,5471.740234375,58463400,-0.0008072039002580134,0.032169745803145355,24.23205592830153,67.54596436974296,95.66141686565324,110.74304708169582,0.004968644666634062,0
2019-04-09,5436.419921875,5436.419921875,5491.85009765625,5436.419921875,5453.0,68930800,-0.006462223384276822,0.026409671555557512,24.26855078030623,63.32113074615283,90.41128936166668,83.57188372846338,0.005605717170162228,1
2019-04-10,5449.8798828125,5449.8798828125,5461.33984375,5440.31982421875,5442.68017578125,70801100,0.0024758869128818084,0.018568272983335854,24.303220889710694,64.21790994432709,86.60759261461676,72.83648059757962,0.005464146327638359,1
2019-04-11,5485.72021484375,5485.72021484375,5498.89013671875,5446.2001953125,5474.330078125,75234800,0.006576352653987927,0.014834888137644775,24.605189686335947,66.5127562770425,86.87954186605236,95.12333311405834,0.005416777609298747,1
2019-04-12,5502.7001953125,5502.7001953125,5510.990234375,5474.35986328125,5478.9501953125,81746200,0.003095305594114084,0.014608724180304566,24.974760007225136,67.55060965615874,92.38487594869993,104.55121631738018,0.004885420802138781,1
2019-04-15,5508.72998046875,5508.72998046875,5518.3701171875,5497.52978515625,5501.509765625,67400500,0.0010957866033454167,0.007281126052737008,25.37690644462254,67.92223197572426,96.03363289172324,104.93837305921123,0.004132319396497401,1
2019-04-16,5528.669921875,5528.669921875,5532.31005859375,5503.35009765625,5510.72021484375,76025200,0.0036196984562588685,0.011872711209485853,25.85603595648272,69.15199318644319,97.05837878525517,106.34154063565055,0.004144865919946798,1
2019-04-17,5563.08984375,5563.08984375,5569.27978515625,5522.60986328125,5528.009765625,86734600,0.006225714749005462,0.01586677720655194,26.55468954676673,71.16090413559228,97.33796176420964,119.13814078349682,0.0038156160182279963,1
2019-04-18,5580.3798828125,5580.3798828125,5601.3798828125,5527.93994140625,5548.66015625,105619800,0.0031079920598307,0.019847307808486425,27.41109960386809,72.12091165485447,95.57569538234132,121.42806524112628,0.0037165326184731263,1
2019-04-23,5591.68994140625,5591.68994140625,5596.2099609375,5564.93994140625,5577.52001953125,87060900,0.002026754240976425,0.02856107912239758,28.224689158114387,72.7456161589307,94.44806438959284,125.21635031743986,0.003716237839775901,0
2019-04-24,5576.06005859375,5576.06005859375,5597.60009765625,5557.2099609375,5581.16015625,84201400,-0.002795198406256638,0.023152836116478337,28.87688969818912,70.44925733979545,90.14349204286765,117.5895693465406,0.003935472154797088,0
2019-04-25,5557.669921875,5557.669921875,5571.85986328125,5538.2998046875,5569.2099609375,75881200,-0.0032980521238122895,0.01311581783492377,29.20353931847263,67.79856656873804,84.41940579450169,92.17150639986406,0.003257550376565338,1
2019-04-26,5569.35986328125,5569.35986328125,5575.25,5546.81982421875,5570.06982421875,75422900,0.0021033889328760935,0.012113992331534762,29.53893561192849,68.5893602664947,79.5809431344806,92.56926599699257,0.0032563400999753448,1
2019-04-29,5580.97998046875,5580.97998046875,5593.60009765625,5547.1201171875,5567.08984375,67208000,0.0020864367670172523,0.013115545734890377,29.99333773662513,69.37626246237,80.57510799061481,95.80126336591664,0.0028686178298412673,1
2019-04-30,5586.41015625,5586.41015625,5586.41015625,5553.10009765625,5570.43017578125,92198400,0.0009729789033920966,0.010443783982571064,30.425019755086943,69.7490511728862,86.38262520300657,89.37460736440806,0.002834424347263553,0
2019-05-02,5538.85986328125,5538.85986328125,5573.16015625,5537.990234375,5568.2001953125,92443600,-0.008511779772480743,-0.004355489691753145,30.577134487301254,62.71228840440315,79.91360947440212,49.200536505047765,0.004261286262930241,0
2019-05-03,5548.83984375,5548.83984375,5563.1201171875,5535.580078125,5537.4599609375,67538000,0.001801811332131864,-0.00565195196829571,30.6801983045416,63.52526792425866,72.74995242504865,42.1841082115884,0.00415337010479741,0
2019-05-06,5483.52001953125,5483.52001953125,5489.5400390625,5422.58984375,5450.830078125,77234200,-0.011771798440411652,-0.019344763927986453,29.222365546661496,55.22916614771758,53.80126632932769,-87.06946068967369,0.005121515977602623,0
2019-05-07,5395.75,5395.75,5490.330078125,5387.990234375,5478.5498046875,93789000,-0.016006145544947392,-0.03233646278896485,28.041919893028684,46.61805327117107,34.61935301973974,-140.00314844205442,0.006595377979335261,0
2019-05-08,5417.58984375,5417.58984375,5426.31982421875,5378.18017578125,5388.72021484375,76182500,0.004047601121252908,-0.0252048214618944,27.01747780485487,48.71255900134996,18.45743090784181,-148.1768082351383,0.00680566691877716,0
2019-05-09,5313.16015625,5313.16015625,5363.77001953125,5307.06005859375,5358.10009765625,96336000,-0.019276041655400533,-0.04600164351389335,26.67087349762526,40.67899579744658,7.788574380664993,-211.55315768503598,0.008498636764715427,0
2019-05-10,5327.43994140625,5327.43994140625,5372.25,5312.009765625,5353.5,82554800,0.002687625581821118,-0.04542930452174909,26.241149243070915,42.05449737880586,8.884564415548738,-172.8379015660529,0.008819735716997417,0
2019-05-13,5262.56982421875,5262.56982421875,5334.06005859375,5247.66015625,5332.2998046875,87610900,-0.012176602251920743,-0.05796930819140478,26.315774323466837,37.8569324407977,4.419215012144,-191.4509030871033,0.008844170861210147,0
2019-05-14,5341.35009765625,5341.35009765625,5341.35009765625,5288.919921875,5292.080078125,86384000,0.0149699245936743,-0.03565892087906952,26.29813252302933,44.88884821739487,12.652728467170379,-129.21901372343882,0.010810448967462232,0
2019-05-15,5374.259765625,5374.259765625,5374.259765625,5297.2998046875,5348.33984375,103541000,0.00616130142511917,-0.03146244675301635,25.892130742968988,47.50109171493049,22.5432066228209,-94.85756953502909,0.011210150282066768,0
2019-05-16,5448.10986328125,5448.10986328125,5448.10986328125,5346.5400390625,5365.3701171875,89653900,0.013741445497036153,-0.006457559400508406,24.7537000127843,52.78722013380961,40.43749426104159,-42.93014641043752,0.012325753846680951,0
2019-05-17,5438.22998046875,5438.22998046875,5450.64990234375,5401.66015625,5428.169921875,96770400,-0.0018134514648993072,0.007872859281610634,23.64851926841761,52.04918257340519,49.87562663053322,-28.50586518925667,0.012268358642610938,0
2019-05-20,5358.58984375,5358.58984375,5438.60009765625,5333.31005859375,5425.2998046875,88787600,-0.014644495912231603,-0.010890451603320472,23.158724190708906,46.52926647039538,48.592605445036845,-59.910382576463746,0.01255435987251072,0
2019-05-21,5385.4599609375,5385.4599609375,5394.91015625,5350.1298828125,5373.009765625,79280900,0.005014400797784591,0.013607684045144453,22.69341886688564,48.47011522502667,43.38970886875425,-54.32337611643288,0.011723942950454222,0
2019-05-22,5378.97998046875,5378.97998046875,5399.72021484375,5345.27978515625,5381.68994140625,69422500,-0.0012032362167301303,0.009674447695208643,22.29000172946012,48.02758106926046,38.90320957586272,-50.99462092675689,0.01163334381758206,0
2019-05-23,5281.3701171875,5281.3701171875,5340.3798828125,5272.77978515625,5335.1201171875,95282100,-0.018146537751706604,0.003572454826580973,22.434565046336754,41.95402825143499,32.61804619569502,-102.69114701492792,0.011436262318959584,1
2019-05-24,5316.509765625,5316.509765625,5337.66015625,5302.52001953125,5307.7998046875,86386600,0.006653509914622768,-0.004650571779998058,22.57190019736956,44.60848378390476,27.963680115826467,-80.36140911742541,0.011627824347361902,0
2019-05-27,5336.18994140625,5336.18994140625,5364.22021484375,5323.169921875,5341.39013671875,55120600,0.003701709702198963,-0.007083733551968119,22.403237150109085,46.062607219134705,28.625308946543498,-56.76072510191968,0.010861054071584636,0
2019-05-28,5312.68994140625,5312.68994140625,5351.08984375,5300.7998046875,5343.2998046875,123522700,-0.004403891214150968,-0.024856312606265973,22.407230531043542,44.591234169323634,34.67354696139105,-69.38209497386107,0.009862128144565354,0
2019-05-29,5222.1201171875,5222.1201171875,5252.52001953125,5203.81005859375,5249.27001953125,96891600,-0.01704782797747395,-0.03973900773917294,23.01753591129554,39.47564589868197,27.688906207204525,-159.20267420114166,0.01080754603808551,0
2019-05-30,5248.91015625,5248.91015625,5258.0498046875,5229.740234375,5241.9501953125,53926800,0.005130107784063753,-0.020468013171025756,23.534703565518207,41.56301897864372,19.24159330568495,-130.10335019292637,0.009619561078581702,0
2019-05-31,5207.6298828125,5207.6298828125,5208.06982421875,5160.91015625,5198.759765625,92675600,-0.007864541820809534,-0.033020406690395965,24.388057256623135,39.36118920946168,13.937835366200318,-183.19250864630047,0.00967951543968395,0
2019-06-03,5241.4599609375,5241.4599609375,5241.4599609375,5152.2998046875,5171.60986328125,82486400,0.006496252400089775,-0.025566189134480832,24.829181050217834,42.011258137366504,21.42670792151765,-144.1567435061135,0.009470976507718621,0
2019-06-04,5268.259765625,5268.259765625,5278.91015625,5191.60986328125,5204.22021484375,100999600,0.00511304195533846,-0.002482376972565148,24.859027036001013,44.05022361426228,28.29206815884797,-91.10290172802087,0.009479334749313933,0
2019-06-05,5292.0,5292.0,5306.830078125,5265.60009765625,5271.259765625,82999200,0.004506276347628679,-0.004610123315012649,24.61239530520097,45.826390334007755,38.525244358759075,-33.06921938780137,0.009712257045890018,0
2019-06-06,5278.43017578125,5278.43017578125,5332.68994140625,5264.6201171875,5293.72021484375,97740400,-0.0025642147049792507,-0.010824158483717428,24.132259677574083,44.967476681794125,43.24886596242069,-25.672851396624655,0.007827174670476122,0
2019-06-07,5364.0498046875,5364.0498046875,5389.9501953125,5299.7099609375,5299.7099609375,85504600,0.016220661457092778,0.009667393325734963,23.174559618960707,51.05970227599274,58.820866083311984,47.642958464039985,0.009199061227686057,1
2019-06-10,5382.5,5382.5,5397.35009765625,5369.81982421875,5382.2900390625,44478400,0.0034396017904936294,0.030711641864507033,22.203195139971584,52.25852887259447,74.22614921760966,79.77675732441173,0.009190651967322225,1
2019-06-11,5408.4501953125,5408.4501953125,5431.5400390625,5381.31005859375,5382.8798828125,82532500,0.004821216035764131,0.030394888522245367,21.18554600725671,53.929350748046524,90.11812216387723,97.2492484763198,0.009060906133998504,0
2019-06-12,5374.919921875,5374.919921875,5394.85009765625,5358.81005859375,5379.14990234375,71298300,-0.006199608432478576,0.03212402625129562,20.21723141794774,51.478951195915265,88.16493330318103,58.85636890733124,0.006954944315090756,1
2019-06-13,5375.6298828125,5375.6298828125,5392.509765625,5353.10986328125,5361.60009765625,69304200,0.00013208772369055488,0.025597814897931892,19.344048838128895,51.528039276847814,83.81081944357014,60.443401710637076,0.006957249973261112,0
2019-06-14,5367.6201171875,5367.6201171875,5369.3798828125,5342.14990234375,5367.10009765625,65531100,-0.0014900143424325663,0.018860184573816774,18.60640645201468,50.91630265240894,78.93687064742733,51.007667257503755,0.00615728477058568,1
2019-06-17,5390.9501953125,5390.9501953125,5408.75,5368.06982421875,5370.759765625,60116200,0.004346447329663938,0.018698071676587213,17.7952717102786,52.64016975426104,80.85042887485339,85.6413813923572,0.006060259764015391,1
2019-06-18,5509.72998046875,5509.72998046875,5516.06005859375,5376.1201171875,5386.3798828125,112114700,0.022033181693930315,0.043819809485926564,17.808578516371988,60.14225469130079,86.94445009629557,162.39614203418313,0.008598289578332677,1
2019-06-19,5518.4501953125,5518.4501953125,5521.81005859375,5496.5400390625,5513.31982421875,94042300,0.0015826936845657613,0.028784294748731343,17.85799948475996,60.62427073561609,94.27157724273479,183.923637004641,0.00864853733959038,1
2019-06-20,5535.56982421875,5535.56982421875,5564.1298828125,5535.56982421875,5551.02978515625,91520000,0.0031022530421298544,0.028438425307710125,18.168971687744293,61.5843358060202,96.8052111495496,182.38040800494926,0.008333662429790396,0
2019-06-21,5528.330078125,5528.330078125,5582.240234375,5518.39013671875,5534.43017578125,180857100,-0.0013078592310542536,0.022165292918181922,18.572429139716483,60.92309537050604,92.78500060612384,153.85024439882275,0.007462191012888753,0
2019-06-24,5521.7099609375,5521.7099609375,5547.10986328125,5514.14013671875,5534.35009765625,69081000,-0.0011974894939241754,0.027310181583373838,18.911650562339915,60.299899642705995,86.73561110736676,122.64847420497188,0.007578189984118882,0
2019-06-25,5514.56982421875,5514.56982421875,5523.56982421875,5499.64990234375,5499.81982421875,67601900,-0.0012931024572572225,0.025846262565524247,19.080714255543523,59.607651556958004,81.94543062211199,99.3756356605616,0.007623997701368809,0
2019-06-26,5500.72021484375,5500.72021484375,5531.4501953125,5497.22021484375,5504.669921875,72145100,-0.0025114577957061623,0.024796854984214356,19.294938355302005,58.24246404842796,76.92785001510039,87.88705472697696,0.007265614978869947,0
2019-06-27,5493.60986328125,5493.60986328125,5511.22021484375,5465.6201171875,5508.3798828125,68458200,-0.0012926219267274108,0.019042963531366697,19.158952091861465,57.53040231049217,70.97518877216338,65.77458577201314,0.007327418872575301,1
2019-06-28,5538.97021484375,5538.97021484375,5545.06005859375,5486.27978515625,5491.169921875,77991000,0.008256929904266519,0.005307017672127712,19.273442622872604,60.752588697134065,72.06954317757584,80.68942280852137,0.007429999485836492,1
2019-07-01,5567.91015625,5567.91015625,5611.27978515625,5567.91015625,5584.1298828125,70651600,0.005224787331171266,0.008962654221200017,19.804061991677578,62.65540930250564,76.31580791556628,113.22809514265862,0.007450590375716319,1
2019-07-02,5576.81982421875,5576.81982421875,5582.91015625,5556.759765625,5578.3798828125,67572900,0.0016001817052937461,0.00745180736760398,20.18682294893053,63.233085248413204,84.35287953669733,97.5953852547585,0.0034667082687898595,1
2019-07-03,5618.81005859375,5618.81005859375,5618.81005859375,5579.0400390625,5579.240234375,63296400,0.007529422806999531,0.01636660242606891,20.76641751105047,65.85347710154275,90.36034336155167,116.5589453630537,0.004004801962076627,1
2019-07-04,5620.72998046875,5620.72998046875,5629.7900390625,5613.02978515625,5622.7998046875,46168300,0.00034169545775331045,0.01793285417592605,21.381193580885487,65.97020643878653,94.57801785820443,122.57913957555472,0.004001055121138578,0
2019-07-05,5593.72021484375,5593.72021484375,5616.6298828125,5573.35009765625,5613.919921875,63896500,-0.00480538394814467,0.014352958281059314,21.52097187041311,62.791516560083544,94.10635643838161,93.41792950286666,0.004409228592130648,0
2019-07-08,5589.18994140625,5589.18994140625,5598.97021484375,5572.77001953125,5580.259765625,54984500,-0.0008098855973307506,0.016083298751273345,21.647387843761756,62.26185027011536,85.86284524531357,81.37319914770323,0.004387605397206957,0
2019-07-09,5572.10009765625,5572.10009765625,5582.77001953125,5544.6201171875,5578.33984375,62346600,-0.003057660220740388,0.014287551596923631,21.45845600085913,60.24392674295573,75.30329527323414,57.02156352401896,0.004533154073838252,0
2019-07-10,5567.58984375,5567.58984375,5606.18017578125,5557.66015625,5562.43994140625,60776200,-0.0008094351908981556,0.005166958441038982,21.45059319645953,59.7063475146679,67.41379652211845,63.37193365446037,0.004415092415037451,0
2019-07-11,5551.9501953125,5551.9501953125,5592.2998046875,5548.9501953125,5589.68017578125,57476600,-0.002809051829681164,-0.002866418546568106,21.345451943483965,57.82299263180263,59.8525766859001,42.390326875833566,0.004535302757736319,0
2019-07-12,5572.85986328125,5572.85986328125,5587.83984375,5552.580078125,5559.16015625,60414500,0.0037661843556169305,-0.0007100751077349088,21.245567753157182,59.615744895439995,60.00684075902681,45.184285640474954,0.003925515117812484,0
2019-07-15,5578.2099609375,5578.2099609375,5606.47998046875,5550.85986328125,5581.10986328125,53770000,0.0009600273086896038,-0.007225746596319582,21.299007948905377,60.072837227435066,62.1631669740051,50.54456420479594,0.0035863149682733263,0
2019-07-16,5614.3798828125,5614.3798828125,5626.7900390625,5573.35986328125,5574.18017578125,66028700,0.006484144936867997,-0.001129763870229561,21.5070101529499,63.049149874970745,74.8389943092816,97.04656374673537,0.004095950309245783,0
2019-07-17,5571.7099609375,5571.7099609375,5621.2099609375,5567.85009765625,5602.25,63754200,-0.0076001130606832,-0.003934814946203846,21.63292947367713,57.707301714464414,72.90784827729328,54.418364800103824,0.004078624373815333,0
2019-07-18,5550.5498046875,5550.5498046875,5585.81005859375,5533.47021484375,5538.02978515625,63265600,-0.0037977849526179552,-0.006913369759093957,21.31960093504371,55.263186662628975,55.95814114758014,-16.86285342344674,0.004155388135503321,0
2019-07-19,5552.33984375,5552.33984375,5598.0,5534.25,5580.990234375,65514600,0.0003224976129370116,-0.003546284804639699,21.12940553734131,55.43127636463351,32.28391061638475,-7.786170452284885,0.003980314781394714,0
2019-07-22,5567.02001953125,5567.02001953125,5575.740234375,5545.60986328125,5550.2998046875,58118200,0.0026439620402152197,-0.00010234665892094874,20.94871990952403,56.831471139414866,24.051477807123813,-9.764689738343977,0.004120487643817914,0
2019-07-23,5618.16015625,5618.16015625,5638.66015625,5580.52001953125,5590.60009765625,77856100,0.009186267794857983,0.011925532219903667,21.300118711767826,61.290891833517186,44.977904451231076,115.44967236291227,0.004970983545893742,0
2019-07-24,5605.8701171875,5605.8701171875,5627.080078125,5583.14013671875,5617.85986328125,68914100,-0.0021875558404699236,0.005923395656106445,21.63394757389943,59.73000463799436,61.39029895863295,89.35468170775542,0.0050402484721610834,0
2019-07-25,5578.0498046875,5578.0498046875,5672.77001953125,5549.66015625,5646.72998046875,106354900,-0.004962710858159802,-2.8711047293183967e-05,22.284535472322936,56.31282338547574,60.447282460914245,67.10951996817666,0.0052484117433697205,0
2019-07-26,5610.0498046875,5610.0498046875,5614.25,5568.830078125,5572.72021484375,71726800,0.005736772011807556,-0.0007712477985780675,22.902593975825265,59.14295594937363,51.935019929240845,50.702517155543966,0.00541964405630166,0
2019-07-29,5601.10009765625,5601.10009765625,5624.33984375,5590.81982421875,5598.64990234375,59297700,-0.001595299033490205,0.005274886331987805,23.5621462947114,58.03611212442505,45.17571840188441,74.43498326154194,0.005464949623915964,0
2019-07-30,5511.06982421875,5511.06982421875,5611.0,5496.77001953125,5610.72998046875,87362100,-0.016073676932710557,-0.007112805372074815,22.97363928468578,48.43726495090419,37.21647410078946,-162.1139030267824,0.00709701990410845,0
2019-07-31,5518.89990234375,5518.89990234375,5538.58984375,5503.1298828125,5511.509765625,84213800,0.00142079094889902,-0.006022675547119438,22.414557625161443,49.20636699163637,23.082854114688647,-193.33353360093992,0.006851559916257467,0
2019-08-01,5557.41015625,5557.41015625,5563.64990234375,5499.8798828125,5500.91015625,81383400,0.006977885917063942,-0.0017262131710564788,22.104301577490038,52.84752241162583,18.38443640506628,-117.12980940154803,0.007189562960268895,0
2019-08-02,5359.0,5359.0,5455.1298828125,5350.759765625,5427.5498046875,130992200,-0.035701909823384725,-0.046129008259348736,21.57605026542145,38.0534463535669,16.529139232280677,-399.6794497997374,0.01341863712316968,0
2019-08-05,5241.5498046875,5241.5498046875,5315.60009765625,5230.4599609375,5296.080078125,105517800,-0.021916438759563395,-0.06498907482408489,21.819876847346823,32.40153834742793,13.173625417515835,-383.7239897002026,0.014390651158639656,0
2019-08-06,5234.64990234375,5234.64990234375,5297.4501953125,5234.64990234375,5245.52001953125,88253800,-0.0013163859165431502,-0.06156271714447126,22.051512100175927,32.10664726380064,2.0045130498620027,-261.3467385613697,0.013523467822062728,0
2019-08-07,5266.509765625,5266.509765625,5312.31005859375,5226.39013671875,5252.72998046875,89433100,0.006086340801318091,-0.06123653996359424,22.12896651213258,34.98273459540481,4.147439581798207,-185.37261850053952,0.014089292018011703,0
2019-08-08,5387.9599609375,5387.9599609375,5387.9599609375,5305.85986328125,5333.18017578125,79249600,0.023060850680505007,-0.03805326328803471,21.536159706711615,44.42888076811283,15.376883781157028,-97.98915876717274,0.016862300795389504,0
2019-08-09,5327.919921875,5327.919921875,5374.89990234375,5317.91015625,5368.83984375,71097900,-0.011143371424024662,-0.033233094151499554,20.972993241561703,41.30598099225949,22.64283927632523,-94.49581435678044,0.016697677994923436,0
2019-08-12,5310.31005859375,5310.31005859375,5386.4599609375,5293.759765625,5362.39013671875,60267400,-0.003305204195909295,-0.03779554756219017,20.602817514554136,40.428630514895026,25.913617870615667,-86.79597002192293,0.01666743734606259,0
2019-08-13,5363.06982421875,5363.06982421875,5402.990234375,5268.47021484375,5292.93994140625,99386900,0.009935345590530664,-0.034969585934320535,20.41935505355226,44.168550794528265,24.054951618160842,-69.18148895874798,0.016809269191882702,0
2019-08-14,5251.2998046875,5251.2998046875,5367.5400390625,5233.85986328125,5367.5400390625,97168500,-0.020840679535163775,-0.02009706947424894,20.465583678902906,38.74439112955423,18.559734619456677,-90.13368892541257,0.01767106233592088,0
2019-08-15,5236.93017578125,5236.93017578125,5278.06982421875,5170.77001953125,5274.89990234375,88556700,-0.0027363946909721992,-0.0008813478986918755,20.873120400572002,38.111008172778526,17.155211235886863,-105.32359355283387,0.017211699366181138,0
2019-08-16,5300.7900390625,5300.7900390625,5306.06982421875,5249.330078125,5254.6201171875,99103700,0.012194140677409981,0.012635064035349641,20.99401101257422,42.50770015220186,16.793537161615134,-70.05323563321133,0.014396276336790352,1
2019-08-19,5371.56005859375,5371.56005859375,5378.740234375,5325.72021484375,5333.1298828125,71538300,0.013350843743995311,0.019946852402025872,20.482400528151548,46.9075993033772,31.742781152471167,-29.86023229255211,0.012949550570822185,0
2019-08-20,5344.64013671875,5344.64013671875,5391.22998046875,5328.93994140625,5363.58984375,65790300,-0.005011564905046839,-0.00804011620962608,19.896391228685257,45.51293789043141,41.63236236010034,-27.38445061028766,0.01312301665494898,0
2019-08-21,5435.47998046875,5435.47998046875,5441.35009765625,5360.02978515625,5360.02978515625,57209100,0.016996437819248422,0.020188002104186475,18.954366622827187,50.71764190401116,62.81743208912607,11.575308660201996,0.01391539498937345,0
2019-08-22,5388.25,5388.25,5439.64013671875,5378.25,5414.81005859375,70434200,-0.008689201439148198,0.014677098050069448,18.059443247262024,48.19794143592207,72.57350734543877,12.879680926858496,0.012436570930729463,0
2019-08-23,5326.8701171875,5326.8701171875,5421.27978515625,5326.8701171875,5413.41015625,70292400,-0.011391431877232905,-0.0067498108765576825,17.577772115468754,45.13070889803721,77.05204711848462,-11.358119836082741,0.012461655567157611,0
2019-08-26,5351.02001953125,5351.02001953125,5377.02001953125,5300.990234375,5310.16015625,49092000,0.004533600747243405,0.018989625150469536,17.294144967802907,46.53972235722759,68.2275011970328,-16.29027203335025,0.012473673331399822,1
2019-08-27,5387.08984375,5387.08984375,5399.18017578125,5321.8798828125,5349.85009765625,70020000,0.0067407380437924935,0.028673223229742417,16.83943463846372,48.61431569280487,68.08457908958135,22.552148245453697,0.012253652284431628,0
2019-08-28,5368.7998046875,5368.7998046875,5375.0400390625,5322.990234375,5372.080078125,62433900,-0.0033951613195609687,0.012830118741512742,16.4074598255915,47.627788219433235,73.24998616494749,18.573491767895526,0.00988921917499058,1
2019-08-29,5449.97021484375,5449.97021484375,5452.89990234375,5354.5498046875,5359.0,69419100,0.015118911695194859,0.014597278145397352,15.794829779509575,52.16272218564541,84.03180061372602,126.39882441019871,0.0104812260769723,1
2019-08-30,5480.47998046875,5480.47998046875,5504.009765625,5446.580078125,5451.60009765625,78422900,0.005598152727863015,0.025416087945145938,15.563288500387014,53.74733914649338,88.36259697253281,193.88210887504206,0.010112447995545663,1
2019-09-02,5493.0400390625,5493.0400390625,5502.580078125,5479.81982421875,5483.43017578125,42347400,0.002291780763457041,0.010589691950035673,15.34332428522058,54.40187585370889,96.20294060695032,191.1098844569303,0.009486857404422736,0
2019-09-03,5466.06982421875,5466.06982421875,5484.5400390625,5441.18017578125,5484.35986328125,57453400,-0.004909888632152248,0.01444250437874084,14.813518186969793,52.715686710158444,92.75402029378364,135.71183626471847,0.009478225771779623,1
2019-09-04,5532.06982421875,5532.06982421875,5537.10009765625,5508.5,5518.919921875,60939800,0.012074489006263844,0.03852162761940825,14.673792760305702,56.21179950572202,94.52498675793908,177.68605860376732,0.008727728869322646,1
2019-09-05,5593.3701171875,5593.3701171875,5605.8798828125,5559.81982421875,5569.58984375,84379600,0.011080896466704848,0.045290448694206065,14.959635193231403,59.163750906829215,94.25458514965197,194.21072730383827,0.008317959347995502,1
2019-09-06,5603.990234375,5603.990234375,5610.7001953125,5581.5400390625,5592.06982421875,71138100,0.0018986973801118356,0.04026299856065019,15.258932007379471,59.659696933896875,97.32746794587423,169.94008948476892,0.006485489468442574,0
2019-09-09,5588.9501953125,5588.9501953125,5611.58984375,5579.93017578125,5606.35986328125,73880200,-0.00268380893497,0.041005513081859846,15.528481023126067,58.598799641270816,95.48046953741199,140.99499358014577,0.006941489117063408,1
2019-09-10,5593.2099609375,5593.2099609375,5596.93994140625,5555.509765625,5586.8798828125,106338200,0.0007621763437026807,0.02628266585817607,15.557926960908768,58.81713395759526,94.87563567891387,113.67138135412272,0.0069731022070133155,1
2019-09-11,5618.06005859375,5618.06005859375,5626.0498046875,5606.43017578125,5606.43017578125,92098300,0.0044429044913030236,0.025103654901633687,15.77470555274555,60.10895764043222,94.77850156715068,121.30887340440043,0.006501055858045462,1
2019-09-12,5642.85986328125,5642.85986328125,5667.4599609375,5596.3701171875,5633.9501953125,110360200,0.004414300386405445,0.027274482463870653,16.233587654983594,61.381518108686166,94.9705985025475,121.32460271874407,0.0053500195432725035,1
2019-09-13,5655.4599609375,5655.4599609375,5672.06982421875,5638.169921875,5649.22998046875,85595400,0.002232927622080494,0.034648320056141824,16.697089929006083,62.029336501886256,95.36208096970684,120.9604869652541,0.005308847356543866,0
2019-09-16,5602.22998046875,5602.22998046875,5632.740234375,5602.22998046875,5626.60986328125,76134900,-0.0094121399207866,0.012682442282786699,16.78063001008278,57.723389387859186,89.51244061278904,82.089260994938,0.0066438939273499855,1
2019-09-17,5615.509765625,5615.509765625,5619.4501953125,5587.740234375,5602.9599609375,82367800,0.00237044626917271,0.003958194786622293,16.72055166753128,58.48028682935096,85.8123254477365,70.94762878558952,0.006186967308571981,1
2019-09-18,5620.64990234375,5620.64990234375,5634.7900390625,5601.64990234375,5609.919921875,68987800,0.000915346412575957,0.0029728224482903354,16.77146860017592,58.78096005987847,79.96991075827185,71.72955477130544,0.005246820113452472,1
2019-09-19,5659.080078125,5659.080078125,5662.85986328125,5616.91015625,5617.7001953125,78682000,0.006837318895315914,0.012547952721303268,17.01300870388237,61.00345434445114,84.76354398038059,83.3771557290732,0.0045156747332738105,1
2019-09-20,5690.77978515625,5690.77978515625,5696.25,5647.52978515625,5655.3701171875,188623500,0.005601565376991857,0.017444334273193585,17.460184898968386,62.747498567656464,89.98636846257459,98.92762148714404,0.004728173519707798,0
2019-09-23,5630.759765625,5630.759765625,5683.93017578125,5619.2900390625,5679.31005859375,81625000,-0.010546888440105429,0.002260514643630973,17.588272795585663,57.612228291899044,85.78261148952947,70.55277624761213,0.005994419365723422,0
2019-09-24,5628.330078125,5628.330078125,5648.4599609375,5625.240234375,5644.4599609375,67257400,-0.00043150260375746097,-0.0025748973939255793,17.709956297372077,57.412011575715916,71.57157442530635,58.90867548032623,0.006006284168801735,0
2019-09-25,5583.7998046875,5583.7998046875,5600.759765625,5531.6201171875,5598.5,80836400,-0.00791180915464973,-0.012670968717833686,16.94016171126967,53.80467230960982,49.51815594875516,-13.284577994282282,0.006395714700086898,0
2019-09-26,5620.56982421875,5620.56982421875,5632.14990234375,5572.41015625,5573.6298828125,71044800,0.006585124971776768,0.0032736684880732003,16.450604791774673,56.196907588037284,45.82206472648554,23.65779657373568,0.006617551247895166,1
2019-09-27,5640.580078125,5640.580078125,5645.35986328125,5621.580078125,5627.43994140625,69249200,0.0035601824249253955,0.004464476698708086,16.085131095696656,57.45888008668376,50.63668701296903,60.70758788203327,0.00668861906945372,1
2019-09-30,5677.7900390625,5677.7900390625,5678.2001953125,5624.93994140625,5636.14990234375,77126700,0.0065968323154927955,0.010166108494842119,15.979434132340202,59.72984997519777,69.66730137639077,100.58054572094399,0.006143900572508861,0
2019-10-01,5597.6298828125,5597.6298828125,5704.93017578125,5594.93017578125,5696.2001953125,75964100,-0.01411819663962699,-0.010858689833712298,15.601802747850082,53.280095435813216,64.35315512570054,37.75797412617299,0.007824580576021497,0
2019-10-02,5422.77001953125,5422.77001953125,5589.2001953125,5422.77001953125,5587.14013671875,104451600,-0.03123819669073813,-0.04709543783860215,15.631363530590855,42.69418012781869,42.291554668551356,-308.9970678392195,0.012489516480287274,0
2019-10-03,5438.77001953125,5438.77001953125,5472.6201171875,5393.490234375,5432.009765625,83768700,0.0029505215862690726,-0.03409659692210998,15.823129985773836,43.77023868119733,17.542173719030988,-298.85175373020485,0.012188699564012775,0
2019-10-04,5488.31982421875,5488.31982421875,5488.31982421875,5426.0,5456.830078125,76196900,0.0091104798529007,-0.024875984877008595,15.876453149566476,47.01363246648902,14.99586879869055,-186.43832845134438,0.012537976705185352,0
2019-10-07,5521.60986328125,5521.60986328125,5524.18994140625,5461.58984375,5476.77001953125,60954000,0.006065615730992624,-0.01113756645681363,15.63885205364711,49.090372394979575,28.70847829120343,-115.71659998342386,0.012607431440642042,0
2019-10-08,5456.6201171875,5456.6201171875,5531.2900390625,5451.72021484375,5526.009765625,72687700,-0.01177007208095815,-0.029169588166096494,15.47571633435216,45.431229374238114,30.618969452104967,-121.26803662179178,0.01296711580789128,0
2019-10-09,5499.14013671875,5499.14013671875,5515.64013671875,5447.009765625,5458.16015625,69267500,0.0077923730474325215,-0.025075424769657073,15.351518799686364,48.095702739121776,31.77706459463795,-96.88340123136042,0.013256170771275614,0
2019-10-10,5569.0498046875,5569.0498046875,5581.06982421875,5487.169921875,5520.97998046875,87261800,0.012712836230877267,-0.01915185902030203,14.707230821504314,52.14014612597029,36.85454878972263,-34.049695850519115,0.013799194425303987,0
2019-10-11,5665.47998046875,5665.47998046875,5667.39990234375,5574.259765625,5576.9501953125,115452700,0.017315373207846818,0.012121218993878635,14.43551314501041,57.00455434602821,59.208763895443234,56.698777663038896,0.014925458290146236,0
2019-10-14,5643.080078125,5643.080078125,5649.669921875,5600.10986328125,5646.330078125,65357900,-0.003953751918808646,0.04062684897206714,14.1773813523412,55.62220935866685,74.61461718841048,50.43448346581235,0.01482242265351373,1
2019-10-15,5702.0498046875,5702.0498046875,5724.31005859375,5659.68994140625,5676.740234375,88007900,0.010449918439238814,0.048407964339507226,14.380781918579524,58.41659486747419,86.91491850572544,104.46976819042325,0.01434525753936246,0
2019-10-16,5696.89990234375,5696.89990234375,5708.91015625,5677.9599609375,5703.39013671875,83929000,-0.0009031668470373955,0.03800435922203027,14.57401245650593,58.08039581485788,88.37542095563515,96.0897410924123,0.008609647348428652,0
2019-10-17,5673.06982421875,5673.06982421875,5737.14990234375,5673.06982421875,5679.919921875,88695900,-0.0041829904919333805,0.027430398866951755,14.920307978266687,56.496648826122325,88.77976122490475,91.38441602336852,0.009078941080684412,0
2019-10-18,5636.25,5636.25,5667.58984375,5621.8701171875,5653.080078125,95316900,-0.006490282221023214,0.03291962404468918,14.820341564961675,54.09745302551224,81.23589478218541,47.64034165456977,0.009484852371200433,1
2019-10-21,5648.35009765625,5648.35009765625,5664.580078125,5625.10009765625,5633.0400390625,77639300,0.0021468348026170148,0.02713332579782768,14.725373472321914,54.762006447118864,75.38458259627885,51.22958776085318,0.009411180459124646,1
2019-10-22,5657.68994140625,5657.68994140625,5658.64990234375,5612.85986328125,5644.97998046875,67301500,0.0016535525575647192,0.015916563835385533,14.531489418034933,55.287956812216535,73.8928080058917,47.948767657202694,0.00803637665886477,0
2019-10-23,5653.43994140625,5653.43994140625,5657.64990234375,5616.02001953125,5617.2998046875,75280000,-0.0007511899810727085,-0.0021251578161085583,14.347299566462302,54.981770437481146,74.71180655169896,43.759912973453,0.008001608582988942,0
2019-10-24,5684.330078125,5684.330078125,5691.5,5659.9501953125,5678.259765625,83627900,0.0054639541657652835,0.007309837788746387,14.409751160385103,56.81167716678956,77.25664833055532,70.38875151978215,0.00730148542265595,1
2019-10-25,5722.14990234375,5722.14990234375,5722.64013671875,5671.81982421875,5694.89990234375,71714000,0.00665334765908332,0.0035250652563094675,14.676076648255895,58.961525495620705,83.2405768241207,87.72638365219971,0.005345048479483391,1
2019-10-28,5730.56982421875,5730.56982421875,5747.10009765625,5711.10009765625,5720.72998046875,69809000,0.0014714612547201966,0.0059102182682106985,15.085496991948938,59.43474285364143,90.37223887628522,101.74791045095935,0.005052740224773901,1
2019-10-29,5740.14013671875,5740.14013671875,5742.080078125,5715.259765625,5728.10009765625,74571800,0.0016700455266338565,0.011822578353199775,15.474446318457328,59.98677888346559,95.54800826793483,95.99687327323089,0.0039845393859722815,1
2019-10-30,5765.8701171875,5765.8701171875,5765.8701171875,5720.27001953125,5749.68994140625,90959100,0.004482465559361382,0.022997581226436026,15.999410902317077,61.470644813916074,97.27131344609664,105.43288485324307,0.004109805646981701,0
2019-10-31,5729.85986328125,5729.85986328125,5778.240234375,5718.6298828125,5770.259765625,112062300,-0.006245415379529051,0.014430721222259635,16.578025136287444,58.28629534390277,90.05409391404045,98.28721007674832,0.004448409562940134,1
2019-11-01,5761.89013671875,5761.89013671875,5778.2900390625,5739.7001953125,5749.47998046875,65867300,0.005590062270590668,0.018417445351662565,17.128039935205567,60.215921237833584,87.64213994834596,108.44592652780098,0.003776148283455618,1
2019-11-04,5824.2998046875,5824.2998046875,5833.68994140625,5784.85009765625,5788.35986328125,86434000,0.010831457471053296,0.030222283256227556,18.000882695333583,63.66343382789894,86.22473992770885,149.3893102871516,0.004655414251157218,1
2019-11-05,5846.89013671875,5846.89013671875,5850.009765625,5818.93994140625,5825.60009765625,78408500,0.003878634821145255,0.02859792734755673,18.925347765707773,64.82482872232455,94.83961460476753,165.31305402639603,0.004632675225399756,1
2019-11-06,5866.740234375,5866.740234375,5876.27001953125,5838.39990234375,5847.60986328125,86948200,0.003394983861863654,0.025268532719149306,19.952882751117052,65.83486189475039,96.93816084763749,174.67570725498877,0.004409532030083554,1
2019-11-07,5890.990234375,5890.990234375,5894.8701171875,5871.18017578125,5888.83984375,105688900,0.004133470893753266,0.027993797314583846,21.031525110274103,67.05149767664037,97.89696255388021,175.8431634011206,0.0043709383988752544,0
2019-11-08,5889.7001953125,5889.7001953125,5889.7001953125,5861.60986328125,5867.419921875,94387100,-0.00021898509608320182,0.026055123225483312,21.92877992051176,66.91805699867842,97.72437192526179,147.26004908007585,0.004375347896546649,1
2019-11-11,5893.81982421875,5893.81982421875,5906.330078125,5871.7099609375,5873.740234375,60606400,0.0006994632612249418,0.022190875692784662,22.87848734415118,67.13789701109918,97.49389758813327,135.4914396830243,0.00441000427089174,1
2019-11-12,5919.75,5919.75,5931.18994140625,5897.2998046875,5904.27001953125,72093200,0.004399553524642608,0.03314045042106972,23.921873056959676,68.52376623873016,96.54661278362612,134.43281362120408,0.004415276224522612,0
2019-11-13,5907.08984375,5907.08984375,5917.56982421875,5874.06005859375,5908.16015625,76988600,-0.0021386302208707964,0.025200013118253928,24.59027599179521,67.07009623706094,94.06043282834436,104.14410187584905,0.0046729505919761135,0
2019-11-14,5901.080078125,5901.080078125,5916.89990234375,5894.06982421875,5902.39990234375,67172300,-0.0010173817876426572,0.013182747456733868,25.225258779888968,66.3665883663092,90.93661908505221,94.66422830032171,0.003806293963810086,1
2019-11-15,5939.27001953125,5939.27001953125,5947.6201171875,5907.9501953125,5933.06982421875,74070300,0.00647168669135989,0.015799832159039573,26.02203137745128,68.5716914227016,91.14463610214246,103.51164738763342,0.003883529409152024,0
2019-11-18,5929.7900390625,5929.7900390625,5942.47021484375,5900.35009765625,5939.64013671875,70805300,-0.001596152462773226,0.01074699103227239,26.667307102707536,67.41674825244553,91.64643159268309,89.78296936337557,0.0030030335578006373,0
2019-11-19,5909.0498046875,5909.0498046875,5966.7900390625,5895.91015625,5936.990234375,72290900,-0.003497633851852089,0.0030656255729502035,27.43480644883173,64.89942373625969,88.4508941991056,83.11612814351493,0.0033246046302434344,0
2019-11-20,5894.02978515625,5894.02978515625,5902.9501953125,5859.580078125,5880.68994140625,74180900,-0.0025418671406923776,0.000735112094023993,27.640659403694592,63.10321774026183,78.96866225326913,47.06127175341895,0.0033913240114681986,0
2019-11-21,5881.2099609375,5881.2099609375,5895.56982421875,5834.259765625,5860.5498046875,76235300,-0.002175052499910346,-0.002139506068616792,27.498858132180686,61.57217345426398,65.88494538361421,28.1321030763829,0.0032162274815212616,0
2019-11-22,5893.1298828125,5893.1298828125,5930.4599609375,5885.60986328125,5885.60986328125,75146000,0.002026780535667072,-0.004496831316778582,27.624484027709297,62.463541931523125,57.033775273687176,56.813073876071236,0.0032893429530968005,0
2019-11-25,5924.85986328125,5924.85986328125,5933.75,5908.2900390625,5917.83984375,62132600,0.005384232334890715,0.003008252794741484,27.76771622774761,64.7543552518917,57.167810978071145,75.5485757627848,0.0036982427924436385,1
2019-11-26,5929.6201171875,5929.6201171875,5941.509765625,5909.93017578125,5927.41015625,112044300,0.000803437383515293,0.004836409383478291,27.961706118394112,65.09079943256758,63.498204226671014,79.71450160657419,0.0034466133035926817,0
2019-11-27,5926.83984375,5926.83984375,5947.2998046875,5921.919921875,5943.4501953125,68032200,-0.0004688788459552562,-0.00209287938422964,28.190152189453556,64.71103029962948,70.05708208374166,86.16039877072473,0.0033616363430119815,0
2019-11-28,5912.72021484375,5912.72021484375,5919.1298828125,5900.2099609375,5909.9501953125,42729800,-0.0023823199678897344,-0.0028786557544706604,28.08566015989313,62.75375488275479,67.003780091518,45.585338130309935,0.003449390748648217,0
2019-11-29,5905.169921875,5905.169921875,5929.7900390625,5885.66015625,5895.89013671875,61639300,-0.0012769575921747212,-0.0006566001202802374,27.777722669061724,61.70324879475085,60.85419261027722,28.59959477934463,0.0026659462169687813,0
2019-12-02,5786.740234375,5786.740234375,5947.68017578125,5781.02978515625,5910.1201171875,99392100,-0.02005525481346293,-0.01820308934499315,26.513807428497806,48.34176874614752,38.5936258967327,-170.89545904973548,0.006736497757063926,0
2019-12-03,5727.22021484375,5727.22021484375,5800.93017578125,5697.06005859375,5787.14013671875,86293300,-0.010285586897037957,-0.02618334443363468,26.018712974914457,43.37304012986192,22.586860452305434,-348.7520703715433,0.007184431708426266,0
2019-12-04,5799.68017578125,5799.68017578125,5812.7099609375,5725.97021484375,5725.97021484375,89688600,0.012651855214105279,-0.01585739817203058,25.42635749465218,49.96357199875223,17.433735363253465,-214.67955233564075,0.008750760844940201,0
2019-12-05,5801.5498046875,5801.5498046875,5849.77978515625,5801.4599609375,5808.259765625,73424300,0.0003223675874504117,-0.02081231648328974,24.49355082986809,50.12124109201823,29.321919043989897,-117.59047684253697,0.00876744246628238,0
2019-12-06,5871.91015625,5871.91015625,5871.91015625,5811.2900390625,5815.75,75933300,0.012127854440834085,-0.00973248872558008,23.398417411722768,55.65651452569231,47.20275690448043,-53.068699033747805,0.009726340982527936,0
2019-12-09,5837.25,5837.25,5870.7900390625,5836.14013671875,5865.72998046875,56245200,-0.005902705478745829,-0.015115954895335126,22.35804066448471,52.628068869304435,53.166665891151034,-52.83766546328527,0.009645672926065784,0
2019-12-10,5848.02978515625,5848.02978515625,5851.10986328125,5776.669921875,5833.47998046875,73070100,0.0018467232269048228,-0.010940891389566554,21.87809010613992,53.45717945857033,60.333273747768544,-77.80403671651618,0.009678300816856639,0
2019-12-11,5860.8798828125,5860.8798828125,5865.8798828125,5825.419921875,5844.02001953125,62940400,0.002197337928898202,-0.007500214159533836,21.27236580034558,54.457368768886326,60.51382962833076,-35.62501684855388,0.009741553661294885,0
2019-12-12,5884.259765625,5884.259765625,5915.64990234375,5845.0,5871.2001953125,91513000,0.0039891421219984124,0.016852239309223638,20.224329905118033,56.25766419084111,66.766289347387,12.183066142335237,0.009854306599466445,1
2019-12-13,5919.02001953125,5919.02001953125,5972.169921875,5907.22021484375,5968.85986328125,113199500,0.00590732824361595,0.033489161843366144,19.665637474130456,58.806110361257545,73.58029268293228,89.66279277075499,0.01004640166596153,1
2019-12-16,5991.66015625,5991.66015625,6003.3798828125,5942.2998046875,5946.64990234375,77242800,0.012272324891461128,0.033101821936739606,19.368880739520858,63.485688639003364,83.84970299620763,147.43403958860105,0.007703994435249659,0
2019-12-17,5968.259765625,5968.259765625,5989.47998046875,5955.35986328125,5989.47998046875,84477400,-0.0039054936386188066,0.028735418388169842,19.08696184164174,61.13087064701303,88.46310815811853,126.66851893012003,0.006622608974211418,0
2019-12-18,5959.60009765625,5959.60009765625,5983.02001953125,5959.60009765625,5971.39990234375,80799300,-0.0014509535959923436,0.014933801620400144,18.819138888656582,60.26017489343828,90.13888733914301,107.62802931783757,0.006091430768595067,1
2019-12-19,5972.27978515625,5972.27978515625,5972.27978515625,5942.8798828125,5963.8701171875,72322800,0.0021276071031992583,0.02313243139427823,18.387562440697277,61.11383438035849,88.02994002749159,90.48988714937474,0.0060383269528755225,1
2019-12-20,6021.52978515625,6021.52978515625,6024.169921875,5966.8798828125,5979.52978515625,151362500,0.008246432145126326,0.0296681115476507,18.392344539650065,64.25338654318526,91.5826297753652,124.46423083749389,0.005479653257823976,1
2019-12-23,6029.3701171875,6029.3701171875,6035.9501953125,6005.9599609375,6013.56005859375,46603900,0.0013020498629063848,0.028748283149277798,18.48490998668859,64.7305594395144,95.63910928817602,130.6465505003177,0.00465958882423118,1
2019-12-24,6029.5498046875,6029.5498046875,6033.990234375,6025.6201171875,6027.18994140625,12440900,2.9802035122594717e-05,0.024691302704082485,18.572847161375186,64.74191371443803,98.20054165443604,122.6928278393318,0.004754975060498402,1
2019-12-27,6037.39013671875,6037.39013671875,6065.0,6027.72021484375,6039.9501953125,47289800,0.0013003179814776722,0.019998262684854717,18.89269541168797,65.25564739824189,95.27765060694888,121.43166608408335,0.004781685615215919,0
2019-12-30,5982.22021484375,5982.22021484375,6037.7001953125,5982.22021484375,6028.9599609375,40318700,-0.009138041542066766,-0.0015755134904310575,18.67261987162115,58.8989549021925,86.41520618197148,74.51060407276992,0.006095769429391767,0
2019-12-31,5978.06005859375,5978.06005859375,5987.22021484375,5958.25,5970.58984375,20670000,-0.000695420111696543,0.001642068769391658,18.20919340299353,58.447037286913734,77.18707310189104,47.940345911928056,0.005941332489556721,1
2020-01-02,6041.5,6041.5,6062.919921875,6011.2099609375,6016.60986328125,63958300,0.010612128480551375,0.013742516444343211,18.351906043203968,63.003631023292414,77.10939120530469,92.08988441588164,0.005605318833668479,1
2020-01-03,6044.16015625,6044.16015625,6044.16015625,5994.58984375,6007.9599609375,60488000,0.0004403138707274046,0.0120356670617483,18.31264478083693,63.18183656442595,83.52186452417288,78.87160148808326,0.005359344059487337,0
2020-01-06,6013.58984375,6013.58984375,6017.97021484375,5955.25,6001.2099609375,69063700,-0.005057826349685435,-0.0013185920670563123,17.880706139099964,59.703050286599456,82.71167584366289,45.357462716364,0.0056754198630033425,0
2020-01-07,6012.35009765625,6012.35009765625,6065.740234375,6000.0,6033.22021484375,69593800,-0.00020615740779839076,-0.0028228520061709395,17.82728813388466,59.563052324856585,71.56403800415764,73.91263904240283,0.005668073867550366,0
2020-01-08,6031.0,6031.0,6031.0,5972.77001953125,5986.81005859375,71431600,0.0031019321963670077,0.0002405146917225931,17.512118628122536,61.01078987120828,65.29619126864654,53.73498819949809,0.005111494611506991,1
2020-01-09,6042.5498046875,6042.5498046875,6071.66015625,6034.14990234375,6066.75,67961100,0.0019150729045762649,0.0008546189416134276,17.506593754337565,61.90001304359385,68.62246480627063,98.19324157940034,0.005130236011544028,0
2020-01-10,6037.10986328125,6037.10986328125,6057.830078125,6028.2900390625,6056.740234375,64393300,-0.0009002724978832699,0.009175464370452469,17.44277621587729,61.207911414727484,74.09675540763446,83.1692530880693,0.005142688676085754,0
2020-01-13,6036.14013671875,6036.14013671875,6058.68994140625,6018.330078125,6040.91015625,65192400,-0.00016062761560764471,0.009715539415082741,17.280226038359153,61.07976456041214,73.35121477254557,75.27608383049714,0.005126701960264789,1
2020-01-14,6040.89013671875,6040.89013671875,6046.1201171875,5980.0498046875,6037.4501953125,75439500,0.0007869267267512914,-0.00010094567263929655,16.747523790927296,61.49542002277264,72.07529754141581,37.36299615018558,0.003999848190858893,0
2020-01-15,6032.60986328125,6032.60986328125,6053.009765625,6011.27978515625,6042.72021484375,79851500,-0.001370704192610539,-0.0019109839365865078,16.29933077209491,60.313468133907364,69.83644284867397,56.41031188614541,0.004036873353731573,0
2020-01-16,6039.02978515625,6039.02978515625,6058.97021484375,6021.02978515625,6039.6201171875,76032900,0.0010642030597860508,0.004230408469358737,15.925016939409499,60.926385704120825,70.66387593257495,70.98674544071883,0.0021999845472273523,1
2020-01-17,6100.72021484375,6100.72021484375,6109.81005859375,6066.2900390625,6066.2900390625,79316600,0.010215288197308325,0.014698099038169543,15.984750748357943,66.20558757828465,77.5143127719265,205.95097755252775,0.003928803433437422,0
2020-01-20,6078.5400390625,6078.5400390625,6094.08984375,6071.169921875,6092.97021484375,41270000,-0.0036356651346316493,0.007882613009865702,16.04149786685896,62.98492742017752,81.95224760235864,165.9247989937597,0.00370710225454172,0
2020-01-21,6045.990234375,6045.990234375,6045.990234375,5994.169921875,6034.240234375,63922800,-0.0053548721367837615,0.0005693672040287812,15.318891861911485,58.582634344811744,77.53199447777367,-4.704052173683497,0.004226848180743603,0
2020-01-22,6010.97998046875,6010.97998046875,6069.259765625,6005.77001953125,6053.85009765625,69408800,-0.0057906567078451765,-0.004328210584906955,14.831571613485995,54.286687225915266,58.178086533834154,-9.857507157391863,0.004556641157278752,0
2020-01-23,5971.7900390625,5971.7900390625,6024.31982421875,5961.8701171875,5992.47021484375,90037200,-0.006519725824006839,-0.010660802466264552,14.204084069919654,49.96904339857895,35.15575226644004,-150.74552388646867,0.004866443600508762,0
2020-01-24,6024.259765625,6024.259765625,6064.5498046875,6016.77001953125,6019.60009765625,82330600,0.008786264456601245,-0.0027529669829061687,13.722231775504886,55.011744301320334,29.643605571120236,19.050164989164557,0.005799869214868248,0
2020-01-27,5863.02001953125,5863.02001953125,5942.830078125,5851.0,5924.06005859375,104036300,-0.026765071953536834,-0.028112184874119595,13.984507551954668,41.48589449115025,19.1726628595071,-328.27673627809014,0.010207714447718794,0
2020-01-28,5925.81982421875,5925.81982421875,5933.72021484375,5857.22998046875,5886.81005859375,84491600,0.010711170092938094,-0.01874638227745895,14.233669539581959,46.84414299848358,25.24192852661733,-216.49660528034275,0.011049246831808253,0
2020-01-29,5954.89013671875,5954.89013671875,5969.72998046875,5916.22998046875,5921.97021484375,74107000,0.004905703069335576,-0.023903747916545814,14.164691400708145,49.11465001897639,24.56498812360506,-126.33445861366468,0.01125681880820672,0
2020-01-30,5871.77001953125,5871.77001953125,5904.080078125,5846.4501953125,5886.02001953125,89992200,-0.01395829566610618,-0.03401639508870302,14.512571839817785,43.519765665563796,26.22159290731418,-197.25269911292622,0.01189944844408198,0
2020-01-31,5806.33984375,5806.33984375,5894.68994140625,5799.0400390625,5891.7099609375,101862600,-0.01114317753651961,-0.039637905675475094,15.093665611273831,39.766212084572075,17.36818527984165,-196.84025407444508,0.011212603598231376,0
2020-02-03,5832.509765625,5832.509765625,5857.39990234375,5804.14013671875,5822.0400390625,75677800,0.00450712885901261,-0.029690701919428575,15.645704694157079,41.87681348085987,7.577676600295528,-158.91879629350885,0.011601645140010058,0
2020-02-04,5935.0498046875,5935.0498046875,5935.0498046875,5862.81982421875,5863.35986328125,85595000,0.01758077451783091,-0.006152298412147039,15.518067007416736,49.216184165908054,18.96142761150137,-69.46860725100412,0.013439263971967966,0
2020-02-05,5985.39990234375,5985.39990234375,6004.330078125,5912.490234375,5919.06005859375,107839000,0.008483517293567333,-0.00645056235838104,14.896320077516885,52.327610756182686,38.1674907600461,-13.488022617723828,0.01371972540216389,0
2020-02-06,6038.18017578125,6038.18017578125,6050.93994140625,6008.5498046875,6045.0400390625,106153100,0.00881816992993767,0.02987541500225066,14.301359269097706,55.34643662956016,61.59443582195966,50.15094992171167,0.013809303129063292,0
2020-02-07,6029.75,6029.75,6044.97021484375,5999.9501953125,6027.5400390625,82348500,-0.0013961451191971674,0.01753853118457771,13.677821043063346,54.76339057187427,75.46551742011874,43.93715425157592,0.013560325151516318,0
2020-02-10,6015.669921875,6015.669921875,6018.31005859375,5993.91015625,6008.47998046875,65703100,-0.0023351014760147892,0.010206701343064672,13.043180459084402,53.767575982643784,82.19915690963633,30.622092821534512,0.009864768812085065,1
2020-02-11,6054.759765625,6054.759765625,6060.97021484375,6032.7900390625,6047.9599609375,81568400,0.006498003424000309,0.031164324468613724,12.728139447346582,56.100410229866995,87.2864799917336,68.06214389727984,0.009566130350693694,1
2020-02-12,6104.72998046875,6104.72998046875,6104.72998046875,6062.97021484375,6064.25,92681200,0.00825304665718507,0.051390401655518,12.704311411578294,58.89161266062255,92.16026253993476,102.02951962347002,0.00972866392031812,0
2020-02-13,6093.14013671875,6093.14013671875,6098.259765625,6028.27978515625,6076.919921875,92665700,-0.001898502273987579,0.04468580106454767,12.417992540143949,57.99141610719119,97.50712210619675,82.28680691910864,0.00806230520507519,0
2020-02-14,6069.35009765625,6069.35009765625,6096.06982421875,6067.14013671875,6096.06982421875,77985500,-0.0039043971628249796,0.022628334620322654,12.145989612281321,56.13733115361244,94.87828240314052,87.66563358596851,0.006804748906306742,1
2020-02-17,6085.9501953125,6085.9501953125,6088.60009765625,6064.919921875,6079.52978515625,58001900,0.002735070046900212,0.01679926063576409,11.869825470151046,57.14373461253528,92.8304792086293,89.95690043287665,0.0068264429801529435,0
2020-02-18,6056.81982421875,6056.81982421875,6079.5,6039.93994140625,6042.3798828125,89930300,-0.004786495150122416,0.0030869645977544824,11.405747561415822,54.82030107936414,88.87000514865888,67.71920750630082,0.0055258806967948895,1
2020-02-19,6111.240234375,6111.240234375,6111.41015625,6072.66015625,6086.10986328125,80156900,0.008984980853920188,0.013514695364650331,11.200690431778378,58.16526076119243,92.70979944386433,96.91590932408975,0.005592655683803149,0
2020-02-20,6062.2998046875,6062.2998046875,6110.9501953125,6062.2998046875,6105.169921875,91055800,-0.008008264740144821,0.007751403155106251,10.91855352817661,54.355699136928145,89.43000275978243,71.98369667569135,0.005870121396590908,0
2020-02-21,6029.72021484375,6029.72021484375,6067.2900390625,5995.14013671875,6035.02978515625,97327600,-0.0053741304279538715,-0.004135515156754588,10.622344254935786,51.97051152855067,83.70051075701952,31.917981430731697,0.006135235801556197,0
2020-02-24,5791.8701171875,5791.8701171875,5884.85986328125,5765.169921875,5875.85986328125,175269600,-0.03944629090263907,-0.05124876354600494,11.599211810876946,38.864632838252945,52.9557983725633,-140.6619651916907,0.013955572355424623,0
2020-02-25,5679.68017578125,5679.68017578125,5828.4599609375,5670.7099609375,5825.3701171875,143623800,-0.019370244694079664,-0.06785663084390414,12.886068304525164,34.53991835434469,25.628546944013976,-180.4341324490714,0.014250680199574928,0
2020-02-26,5684.5498046875,5684.5498046875,5707.31005859375,5526.14013671875,5646.14013671875,161976300,0.0008573773092039882,-0.06340057613703076,14.55360000456233,34.87104590429459,12.270998031832377,-192.85346560110733,0.01358911970255402,0
2020-02-27,5495.60009765625,5495.60009765625,5613.72021484375,5421.31005859375,5571.72021484375,216328100,-0.03323916818803163,-0.09700212435372002,16.400679752885704,28.900080254875775,13.288879833737676,-213.65207188620755,0.015722950569147076,0
2020-02-28,5309.89990234375,5309.89990234375,5376.0498046875,5229.56005859375,5310.81982421875,268468000,-0.03379070383809346,-0.12331882795792803,18.539751043049375,24.551051928216864,15.647189206429852,-240.46447633456597,0.01717604454540262,0
2020-03-02,5333.52001953125,5333.52001953125,5430.0498046875,5197.56982421875,5416.02001953125,201844000,0.004448316846250577,-0.12726061896064345,20.214737223640082,26.041198992986367,11.584094829825865,-186.46926788740905,0.017359592452655233,0
2020-03-03,5393.169921875,5393.169921875,5509.27978515625,5371.66015625,5408.14990234375,186265500,0.011183965209713875,-0.11037558424529159,21.313296564367462,29.730522593327393,15.130453765181107,-126.27461906824797,0.018865654926715224,0
2020-03-04,5464.89013671875,5464.89013671875,5493.25,5357.35009765625,5400.43017578125,152463500,0.013298341398970015,-0.09367434275549325,22.39211230722894,33.903477922457284,21.84446540157997,-105.03885887230484,0.019423938440201568,0
2020-03-05,5361.10009765625,5361.10009765625,5494.16015625,5329.240234375,5490.52001953125,155475900,-0.018992154730637978,-0.07437494467511119,23.487089227052714,31.090922385414856,22.850479149579616,-101.61382591171953,0.019549630198275224,0
2020-03-06,5139.10986328125,5139.10986328125,5284.080078125,5117.56982421875,5253.81982421875,198425500,-0.04140758992208504,-0.09517618875884037,24.981043559660936,26.197893150162088,16.43820136237788,-131.47629488452017,0.021415713132110138,0
2020-03-09,4707.91015625,4707.91015625,4863.33984375,4691.2001953125,4845.27001953125,329160800,-0.0839055242060801,-0.17180597971578315,26.998890782075385,19.820093359169974,7.079592941439471,-187.00640036896874,0.02985698841009636,0
2020-03-10,4636.60986328125,4636.60986328125,4924.83984375,4615.16015625,4770.6201171875,280309600,-0.015144786243232566,-0.1563050839054574,28.99553007986136,19.014388237218142,1.5926477122832294,-164.18220422098295,0.029898205344758247,0
2020-03-11,4610.25,4610.25,4766.0,4603.0498046875,4716.22021484375,206895800,-0.0056851587816352245,-0.13176329407545517,30.904984427617546,18.718270527239724,1.034108325861336,-152.3259178688705,0.029467603297341428,0
2020-03-12,4044.260009765625,4044.260009765625,4404.259765625,4025.889892578125,4374.669921875,371403200,-0.12276774366560927,-0.2417277904731545,33.17397393414172,13.84502941287758,0.971309693827192,-200.4254493167289,0.04389575835583718,0
2020-03-13,4118.35986328125,4118.35986328125,4438.509765625,4055.18994140625,4234.3701171875,326461800,0.018322227882652697,-0.2363749106852816,35.17942859005088,16.82909656773697,2.2032733078939115,-165.64677497430563,0.04632638204377205,0
2020-03-16,3881.4599609375,3881.4599609375,3962.010009765625,3632.06005859375,3886.820068359375,311603900,-0.057522875661235484,-0.2897460216340194,37.32678584565245,15.072262914201119,6.045302822198356,-179.2281951040169,0.046233200046773386,0
2020-03-17,3991.780029296875,3991.780029296875,4042.4599609375,3759.0,4041.330078125,225787000,0.02842231260134631,-0.25541773953409497,39.054942164556415,19.206653219625608,11.766725216736598,-139.70710008861158,0.04822856231631422,0
2020-03-18,3754.840087890625,3754.840087890625,3908.719970703125,3726.449951171875,3905.530029296875,214274700,-0.05935696347676389,-0.26935983316511314,40.71734112511131,17.30238530707676,12.236934934382353,-131.93030934576876,0.0466732790999057,0
2020-03-19,3855.5,3855.5,3909.14990234375,3691.080078125,3833.989990234375,199534100,0.0268080423541881,-0.18105913833516563,42.319508869716955,20.813323119445172,12.198562046277816,-113.8883011423909,0.050589198194095575,0
2020-03-20,4048.800048828125,4048.800048828125,4109.10986328125,3984.300048828125,4066.7900390625,271872900,0.05013618177360257,-0.1267757762213666,43.068041592723226,27.07191689676263,13.547694144726918,-81.69532029349375,0.05648118141968976,0
2020-03-23,3914.31005859375,3914.31005859375,4097.81982421875,3851.169921875,3869.010009765625,195845200,-0.033217246742847095,-0.1509549246583699,43.905253025493685,25.590627305863038,16.420058060501773,-83.38466166543239,0.05244548035586991,0
2020-03-24,4242.7001953125,4242.7001953125,4242.7001953125,4038.06005859375,4087.610107421875,185439800,0.08389476863177436,0.04906711859962121,44.19431565186217,34.765033115035905,23.383519024996644,-53.74260844576843,0.06141869413999189,1
2020-03-25,4432.2998046875,4432.2998046875,4453.009765625,4221.31982421875,4339.7099609375,176942500,0.04468842969024234,0.0762293611603242,43.808288318006014,39.31253636859873,32.13026041042799,-26.90555579978689,0.0635752011276217,1
2020-03-26,4543.580078125,4543.580078125,4543.580078125,4296.06005859375,4332.7900390625,150657300,0.025106666593223803,0.17058532713231345,43.17902366761719,41.8182779728366,50.58056468049879,-10.872053590778933,0.047559353664276556,0
2020-03-27,4351.490234375,4351.490234375,4471.3701171875,4288.66015625,4433.9501953125,144021100,-0.042277200015647054,0.09011273227434957,42.59256371598268,38.899857138095214,58.19948935542734,-17.695501964412475,0.05053502127181694,1
2020-03-30,4378.509765625,4378.509765625,4379.14990234375,4216.41015625,4362.08984375,119404100,0.0062092593099616344,0.16609753361953072,42.147795643533975,39.5247552442913,63.99545600109675,-18.938964681225226,0.045286289105260086,1
2020-03-31,4396.1201171875,4396.1201171875,4468.52001953125,4309.72021484375,4437.77978515625,151397700,0.004021996639303138,0.14022049466670983,41.4515900412561,39.94613585706609,68.433489606712,-1.313281380307294,0.045022059623255416,0
2020-04-01,4207.240234375,4207.240234375,4266.68994140625,4186.4501953125,4259.93994140625,141856100,-0.04296513238435795,0.03913262784926452,40.991548703310364,37.032880941884315,70.91727254591153,-24.089005921180355,0.042414887909070685,1
2020-04-02,4220.9599609375,4220.9599609375,4265.56005859375,4143.16015625,4243.83984375,135203200,0.0032609800720204696,0.07834072869892084,40.62333900837585,37.38205236118036,70.51006726509044,-16.849514037693435,0.04216920957738936,0
2020-04-03,4154.580078125,4154.580078125,4214.58984375,4142.27978515625,4204.81005859375,124037700,-0.015726252659775675,-0.02076981948544432,40.27498266134463,36.35531308842335,60.69235756200305,-17.296968328189514,0.040285491428530794,0
2020-04-06,4346.14013671875,4346.14013671875,4353.2099609375,4268.52001953125,4298.5,141469800,0.046108163759405185,-0.0194390433331314,39.4948414135717,41.256504799735644,65.27191690470634,38.8761491146553,0.04010558850900134,0
2020-04-07,4438.27001953125,4438.27001953125,4527.60009765625,4379.27001953125,4489.39990234375,146543100,0.021198093000760032,-0.0231777710050195,38.244186871688925,43.46075795118221,72.95210166177907,91.59271726287633,0.031451025207362926,0
2020-04-08,4442.75,4442.75,4442.75,4333.08984375,4397.35986328125,96256500,0.0010093979070753267,0.020972071798319725,37.15131768147802,43.56914323714184,83.30820471853166,86.31129469824931,0.028184303470366094,1
2020-04-09,4506.85009765625,4506.85009765625,4543.68994140625,4409.0400390625,4512.2998046875,126589000,0.01442802265629406,0.029311418473662032,35.829366770176485,45.152703291287104,89.25501511299046,104.19775144435702,0.027342099061387876,1
2020-04-14,4523.91015625,4523.91015625,4577.83984375,4497.56005859375,4553.5498046875,104764600,0.0037853618878120887,0.029068823338761707,34.47903841558761,45.580532473084666,90.04235927336545,107.22997604247527,0.023062004801212243,0
2020-04-15,4353.72021484375,4353.72021484375,4525.5,4335.58984375,4511.8701171875,119358000,-0.037620097554573295,0.03481616744200733,33.55417197732181,42.12963072563734,77.74458730432752,58.513599868502666,0.02652799920593411,0
2020-04-16,4350.16015625,4350.16015625,4418.64990234375,4318.89990234375,4402.3798828125,107745200,-0.0008177049553189653,0.030609197080325723,32.71102346615777,42.05951472931085,62.093527982256866,38.40494813925417,0.02648551649389134,1
2020-04-17,4499.009765625,4499.009765625,4550.77978515625,4464.08984375,4470.919921875,134393000,0.03421704121884872,0.0829036102381362,31.526440003281316,46.01389474174606,59.39102740163694,91.4940186750161,0.02393446692812822,1
2020-04-20,4528.2998046875,4528.2998046875,4531.33984375,4426.240234375,4531.33984375,79833400,0.006510330181163981,0.0419129761670034,30.489514211340634,46.76643625360721,72.75157216840596,87.39191536962066,0.02390033488660638,0
2020-04-21,4357.4599609375,4357.4599609375,4477.31005859375,4357.4599609375,4467.490234375,98896700,-0.03772714950833289,-0.018207557953466957,29.66435004041814,43.07950704540205,73.3102249147167,29.137216405645255,0.027060164212395866,0
2020-04-22,4411.7998046875,4411.7998046875,4417.56982421875,4361.43994140625,4382.2001953125,84195800,0.012470531969801302,-0.006966449904338479,28.88044407804177,44.54333450424084,66.63606221186878,19.659515961905832,0.0232149231081858,0
2020-04-23,4451.0,4451.0,4495.89990234375,4395.75,4450.18994140625,90083500,0.00888530691507139,-0.01239226875668542,27.889060958529956,45.6055726331217,60.7203219932431,55.3386857252515,0.02238006057835975,0
2020-04-24,4393.31982421875,4393.31982421875,4448.72998046875,4366.08984375,4387.02978515625,81295300,-0.012958925136205335,-0.02886669441276002,27.024364103786894,44.29154733833674,63.46467091242753,13.493869090973233,0.022778083517596436,0
2020-04-27,4505.259765625,4505.259765625,4505.259765625,4448.0498046875,4479.85986328125,75900400,0.025479579426284094,0.034806910711576045,26.02095403282818,47.388276581581735,68.3502147009341,87.11978668319396,0.023846519150196054,1
2020-04-28,4569.7900390625,4569.7900390625,4601.93994140625,4493.509765625,4507.419921875,104388900,0.014323319141298807,0.05048776939785804,24.768652312915087,49.10504493720893,74.27098441922247,132.46091809268975,0.024250874143962608,1
2020-04-29,4671.10986328125,4671.10986328125,4678.93017578125,4552.81005859375,4566.2900390625,111685100,0.022171658512244452,0.038252883772601054,23.707546396813292,51.70939372123207,87.66822636849717,169.58871941140032,0.020707309803325104,0
2020-04-30,4572.18017578125,4572.18017578125,4719.740234375,4554.91015625,4693.27978515625,141611100,-0.02117905388560193,0.009690253072097255,22.817051298732576,49.12569583395663,83.21880456431585,132.85111006201845,0.02251177162414737,0
2020-05-04,4378.22998046875,4378.22998046875,4427.740234375,4362.1298828125,4413.14013671875,124810600,-0.042419630866659674,0.0047665428294105805,21.953713769818798,44.53370424778891,58.60554013940362,-33.74178557063517,0.024500099788244634,1
2020-05-05,4483.1298828125,4483.1298828125,4492.52001953125,4419.9501953125,4455.740234375,93373300,0.023959431736502612,0.01616802241325921,20.939174060002117,47.33632778504774,39.65338930299017,16.5529351474519,0.02579582685024101,0
2020-05-06,4433.3798828125,4433.3798828125,4484.16015625,4425.77978515625,4484.16015625,83242500,-0.01109715785632992,-0.003958687303414976,19.97536133567627,46.17165104394506,28.110946932368233,-12.963965541262871,0.02274244831305103,0
2020-05-07,4501.43994140625,4501.43994140625,4503.93994140625,4440.97998046875,4456.43994140625,78225400,0.015351731724503992,0.024610117522396946,18.99718064555014,48.01359434919102,36.424707192386165,16.122775158029025,0.02290799826258855,1
2020-05-08,4549.64013671875,4549.64013671875,4560.18994140625,4519.58984375,4538.08984375,49408600,0.010707728180294751,0.009850790720741687,18.205125736915967,49.306742470499856,40.45002520462055,77.13598161635255,0.022973790088726825,0
2020-05-11,4490.22021484375,4490.22021484375,4569.759765625,4460.240234375,4561.18994140625,83493200,-0.013060356443455823,-0.017412140063020054,17.332880852162166,47.76494462779052,43.14527034615989,32.8422133032376,0.022981362403108104,0
2020-05-12,4472.5,4472.5,4499.39013671875,4453.64990234375,4473.43017578125,99269700,-0.003946402179824227,-0.042518773716389346,16.52617024851773,47.300641663763066,40.229822922879315,-2.4129552765442415,0.021539896875829242,0
2020-05-13,4344.9501953125,4344.9501953125,4422.740234375,4336.56005859375,4420.5,103285300,-0.02851868187534934,-0.04969838714414243,16.13681836545816,44.05587676147893,23.277233254972902,-110.72328895182935,0.022499035348656406,0
2020-05-14,4273.1298828125,4273.1298828125,4313.259765625,4194.580078125,4294.009765625,127632000,-0.016529605466475195,-0.024005156907037972,16.171979572278993,42.33458154420684,16.047757870599796,-196.50707883754905,0.020591141412141266,0
2020-05-15,4277.6298828125,4277.6298828125,4335.77001953125,4255.18994140625,4314.97021484375,111236400,0.0010530922586977631,-0.04583851134624706,16.120101371675595,42.48279611365141,10.98703233205998,-155.33170175056873,0.020288840599175396,0
2020-05-18,4498.33984375,4498.33984375,4508.9501953125,4354.72998046875,4361.02978515625,119506400,0.05159632015483906,0.014652468918654904,15.462212948760776,49.22101725689584,29.537616252978378,-1.537027242809345,0.023324740570798624,0
2020-05-19,4458.16015625,4458.16015625,4536.06982421875,4421.10986328125,4536.06982421875,138767200,-0.008932114712459027,-0.00961465347080237,14.749039610034382,48.14028730443963,41.281987389759564,16.72336925858847,0.02233109606191767,0
2020-05-20,4496.97998046875,4496.97998046875,4499.7900390625,4396.2001953125,4434.6201171875,107244100,0.00870758852490483,-0.011574576157132976,14.152003124459977,49.27302402819862,55.2047304517719,6.554265107761205,0.022148295697392267,0
2020-05-21,4445.4501953125,4445.4501953125,4498.080078125,4429.27001953125,4443.919921875,88243500,-0.011458753514592801,-0.009970562108123193,13.584818463164293,47.81376307611027,58.213163693147045,-3.4147091507808,0.021926051668429362,0
2020-05-22,4444.56005859375,4444.56005859375,4475.35009765625,4368.7998046875,4381.81982421875,99188200,-0.00020023544964886675,-0.006247052298770317,13.250000293044497,47.7880284633588,63.69282483819467,-31.60549050006224,0.021544796851762377,0
2020-05-25,4539.91015625,4539.91015625,4539.91015625,4451.56005859375,4482.5400390625,65971900,0.0214532139062642,0.04487047081640427,12.691140312230512,50.775390205954366,75.17999187889136,47.96714612082154,0.022348517652543736,1
2020-05-26,4606.240234375,4606.240234375,4619.83984375,4573.89013671875,4588.2998046875,140172500,0.01461043849814625,0.07795465167168114,12.2359822705941,52.754823887865335,85.15845484556826,125.65776162523319,0.022631052078536835,1
2020-05-27,4688.740234375,4688.740234375,4711.990234375,4614.41015625,4621.77001953125,177960100,0.017910485732881787,0.09610704124130498,12.107562366612223,55.1177654394614,94.78414308312183,173.37383803581105,0.020017405413463474,1
2020-05-28,4771.39013671875,4771.39013671875,4784.08984375,4701.52001953125,4718.10986328125,127442900,0.01762731527283412,0.06070023663243829,12.208551307010266,57.366367652399305,96.71807668988963,218.96832128372728,0.018235521037418795,0
2020-05-29,4695.43994140625,4695.43994140625,4768.85009765625,4695.35986328125,4733.97998046875,167179700,-0.01591783382541223,0.05322370144634703,12.279265380892571,54.71478129876851,92.7714270901708,174.00812372064084,0.019993529078824127,1
2020-06-01,4762.77978515625,4762.77978515625,4782.02978515625,4721.6298828125,4776.72021484375,75978000,0.014341540854600376,0.05910629040865634,12.389016838101323,56.58754248019701,93.06431235346282,164.5578622571275,0.01379683166742921,1
2020-06-02,4858.97021484375,4858.97021484375,4880.14990234375,4795.27978515625,4799.8798828125,126839400,0.020196279069481404,0.0930209543157825,12.799932792463988,59.128969661801776,92.75262150417224,175.97081893606344,0.013406960096679946,1
2020-06-03,5022.3798828125,5022.3798828125,5026.4501953125,4909.990234375,4911.4501953125,160112800,0.03363051443895393,0.13000607857722835,13.591884619347832,63.002104350436234,97.58933950583794,197.50430992160562,0.015548449181527082,0
2020-06-04,5011.97998046875,5011.97998046875,5052.75,4966.81982421875,4994.18017578125,138794600,-0.0020707120103240495,0.10398219523548535,14.411258676699026,62.604655220854106,96.84736232995994,168.16774236745718,0.014256792879954386,1
2020-06-05,5197.7900390625,5197.7900390625,5199.64990234375,5060.919921875,5060.919921875,186841500,0.03707318451347286,0.12842356772296415,15.537856487859651,66.57080219018022,97.80253053943947,179.3350303202673,0.015486221253049642,0
2020-06-08,5175.52001953125,5175.52001953125,5213.669921875,5137.2001953125,5159.2998046875,152914400,-0.004284516951220785,0.10381888541989936,16.63931409202518,65.6917995230364,96.47328815482551,155.37879891226868,0.016559628124570076,0
2020-06-09,5095.10986328125,5095.10986328125,5203.419921875,5053.2099609375,5187.08984375,160534800,-0.015536633216865159,0.06784599818641524,17.281803398192583,62.552603086952494,93.74258027373843,120.775643485625,0.018878690902204315,0
2020-06-10,5053.419921875,5053.419921875,5152.4501953125,5043.56982421875,5119.85986328125,121335100,-0.008182343958212823,0.07623992318844097,17.846559458446663,60.9627083913317,87.49472632974512,99.63593554821931,0.019502365044059215,0
2020-06-11,4815.60009765625,4815.60009765625,4956.2998046875,4815.60009765625,4925.9501953125,161274600,-0.04706116410181693,0.011090227741501035,17.423942184053907,52.890476707622234,71.58901691669831,34.82817977586609,0.025610891238669147,1
2020-06-12,4839.259765625,4839.259765625,4940.7900390625,4759.169921875,4774.10986328125,133164300,0.004913129721935361,-0.0040565075205721834,16.81778345784211,53.534785851320294,56.75942015995136,24.054605322630668,0.024899463153019732,0
2020-06-15,4815.72021484375,4815.72021484375,4841.52978515625,4691.81005859375,4716.97998046875,111889900,-0.0048642874987741,-0.041147757196937085,16.005499460883186,52.77880454934197,40.94626467495252,-0.576861867164374,0.024693177242120102,0
2020-06-16,4952.4599609375,4952.4599609375,5006.7900390625,4887.56005859375,4922.7900390625,144445800,0.028394453995119973,-0.011875550134516577,15.750455085676544,56.532130901146644,41.67257926799851,48.17195811210853,0.025509828883781064,0
2020-06-17,4995.97021484375,4995.97021484375,5026.83984375,4952.56982421875,4952.56982421875,107060900,0.008785584184311857,-0.0388280062684393,15.566509468306615,57.659354490203626,47.27444577624511,56.968087448727594,0.023215382152692463,0
2020-06-18,4958.75,4958.75,5017.18017578125,4908.60009765625,4978.2998046875,101195000,-0.007450047386824532,-0.04188371771594135,15.227309213948763,56.34367370813438,53.12728943298316,40.00911755928095,0.02332347193869609,0
2020-06-19,4979.4501953125,4979.4501953125,5040.47021484375,4979.4501953125,4997.52978515625,219575400,0.004174478510209134,-0.022700132297886366,14.978497645476086,56.91916248030218,54.85126658177148,48.07622190406111,0.019369491516004207,0
2020-06-22,4948.7001953125,4948.7001953125,5006.39990234375,4902.06005859375,4928.009765625,84695500,-0.006175380572928879,-0.020722545955303318,14.448247006727305,55.76959562043515,51.83193624316073,20.370291556109976,0.019380598338157532,0
2020-06-23,5017.68017578125,5017.68017578125,5046.31005859375,4962.60009765625,4972.8798828125,101534900,0.013939009789699641,0.04196363361304689,14.078986320656398,57.782939977224565,55.59604866283858,42.632341455999644,0.019720264694644635,0
2020-06-24,4871.35986328125,4871.35986328125,5004.0400390625,4871.35986328125,4985.6298828125,97104300,-0.029160948361404482,0.006633266080128264,13.38883889381228,52.45185114241567,48.69187510740549,-17.392728123870427,0.021557792682617857,1
2020-06-25,4918.580078125,4918.580078125,4941.9599609375,4795.0498046875,4860.16015625,99381800,0.00969343595403016,0.02135918589377339,12.970622793715634,53.89678262054531,46.767979485432924,-43.74047022985437,0.015389073842315552,0
2020-06-26,4909.64013671875,4909.64013671875,5014.830078125,4908.14990234375,4965.72021484375,83954200,-0.0018175858203487438,-0.008646172721534562,12.335804574620877,53.572340398791475,40.14577654956082,-13.028441625412691,0.015405618670247078,0
2020-06-29,4945.4599609375,4945.4599609375,4977.6298828125,4867.330078125,4887.22998046875,94421100,0.007295814605811302,-0.010110199167356226,11.85014880693714,54.72189070682234,47.03207793052204,-33.42328497679427,0.015322593204773324,0
2020-06-30,4935.990234375,4935.990234375,4967.35009765625,4901.9599609375,4958.93994140625,102399800,-0.0019148323183886262,-0.0045898191328459514,11.388775827637591,54.347417726012736,55.50739932369165,-34.829150411801535,0.012411366068712442,0
2020-07-01,4926.93994140625,4926.93994140625,4963.3701171875,4851.3701171875,4939.7998046875,94498400,-0.0018335313764850092,-0.01054539193015358,11.136263559422773,53.97583088701573,63.42400195345838,-49.23623520900247,0.011998565652957703,0
2020-07-02,5049.3798828125,5049.3798828125,5072.7099609375,4956.66015625,4963.1298828125,115448500,0.02485111303615839,0.020344673050787243,10.687237514164059,58.059511464318675,76.36078717940774,46.51593286943246,0.014294613294104754,0
2020-07-03,5007.14013671875,5007.14013671875,5062.509765625,4982.240234375,5056.669921875,61984900,-0.008365333382328588,-0.002100580087462167,10.260662771168281,56.24716580372218,78.86235428818439,49.84128872809156,0.014619743864765264,0
2020-07-06,5081.509765625,5081.509765625,5121.72021484375,5059.06982421875,5112.5,88519700,0.014852715697105667,0.04313988459932783,10.07917616950182,58.63992858759201,85.9835647842201,130.45019117338464,0.015035129092148769,0
2020-07-07,5043.72998046875,5043.72998046875,5056.52001953125,5009.02978515625,5054.0400390625,75993100,-0.007434755987643649,0.02544431530155311,9.698312850867847,56.97379854922397,80.06713188817537,88.21647603690053,0.014785570562845131,0
2020-07-08,4981.1298828125,4981.1298828125,5040.52001953125,4969.830078125,5004.81982421875,79877900,-0.012411468872969289,0.014561096964945452,9.250310677437577,54.283649041142965,73.59305612230408,53.82193442857774,0.01165471411205371,0
2020-07-09,4921.009765625,4921.009765625,5014.85009765625,4911.56005859375,5006.52001953125,83118100,-0.012069574293765317,-0.004943967903010771,9.055957890453701,51.81055468815679,57.21569278094409,-9.510918673975919,0.0121407608880462,0
2020-07-10,4970.47998046875,4970.47998046875,4974.3701171875,4882.5,4891.60986328125,82357100,0.010052858498537542,0.006987401606582955,8.984300006620886,53.63998387213327,49.74128863917076,-26.52125676128526,0.012505607597724063,1
2020-07-13,5056.22998046875,5056.22998046875,5060.43017578125,4980.1201171875,5026.2001953125,75191300,0.017251855019424722,0.02624144816053886,8.543456413019603,56.64320670043863,57.40447609267869,89.98957295522351,0.013400106945043138,0
2020-07-14,5007.4599609375,5007.4599609375,5007.4599609375,4941.72998046875,4990.47998046875,83503800,-0.009645530310060879,-0.008301994076082564,8.281908314881772,54.5284410149254,66.22582350429458,15.515117894851127,0.013884395362505096,0
2020-07-15,5108.97998046875,5108.97998046875,5145.330078125,5039.18994140625,5045.919921875,97819900,0.020273755621251777,0.02033892421008554,8.25190786732804,57.967025543490536,77.53643601652622,162.50088018415806,0.015005029178629382,0
2020-07-16,5085.27978515625,5085.27978515625,5105.1201171875,5048.31982421875,5076.52001953125,69535800,-0.004638928984475155,0.0007419093350471417,8.223407442151995,56.90947515745788,77.4096858271526,120.14908312434243,0.013181036632374608,0
2020-07-17,5069.419921875,5069.419921875,5091.1298828125,5045.06982421875,5088.0,82550600,-0.0031187788973862096,0.005093441065586735,8.181407817540977,56.18739918994926,80.46099585291984,95.05344057469564,0.012877195319640072,1
2020-07-20,5093.18017578125,5093.18017578125,5100.7900390625,5015.10986328125,5058.47998046875,65186800,0.004686976867653403,0.022494955081452828,8.00087320835031,57.04685065309388,78.66939078340503,86.96958545730806,0.012065049297964424,1
2020-07-21,5104.27978515625,5104.27978515625,5172.97998046875,5097.419921875,5129.77978515625,85782100,0.00217930821057144,0.03724236046257334,8.126610739530262,57.45722588297183,77.59521525961891,132.02814942856295,0.011759885219099498,0
2020-07-22,5037.1201171875,5037.1201171875,5099.2900390625,5028.47998046875,5098.47998046875,75799200,-0.013157520903156028,0.013407183406956458,7.920413286131129,54.161478769663695,70.61270850713316,51.41606909340874,0.01185818233177207,0
2020-07-23,5033.759765625,5033.759765625,5083.97021484375,5019.2099609375,5064.72021484375,79473700,-0.0006671176156856085,-0.004444065030773547,7.68150793947336,53.998345608823996,60.55031940781382,35.61096903208622,0.010956350416477996,0
2020-07-24,4956.43017578125,4956.43017578125,4982.1201171875,4925.41015625,4973.72998046875,76465000,-0.015362193160632254,-0.01019075250812318,7.5579212143703405,50.32648865947697,43.58419215681659,-78.74216575738006,0.01187308201075208,0
2020-07-27,4939.6201171875,4939.6201171875,4957.77001953125,4923.18994140625,4944.2998046875,74167000,-0.0033915657030516577,-0.03314944742956527,7.450056837971258,49.55541418819842,32.39581354719452,-98.53075572815982,0.010170306755619012,0
2020-07-28,4928.93994140625,4928.93994140625,4950.009765625,4893.6298828125,4930.10009765625,78674500,-0.002162145170655605,-0.03074360710817725,7.477396621231357,49.052783593773995,20.36746606869803,-116.78360533748118,0.009838367396870622,0
2020-07-29,4958.740234375,4958.740234375,4978.5,4945.580078125,4948.47998046875,75517100,0.006045984191937137,-0.021832811091937243,7.35709296946083,50.52661551623771,20.63255130108045,-77.45661414359995,0.006934009964262894,0
2020-07-30,4852.93994140625,4852.93994140625,4952.3798828125,4801.02001953125,4952.080078125,137065700,-0.021336123282950092,-0.04716900366442445,7.842738694201371,45.59706707885661,18.730692818128535,-163.39404787119375,0.009066144208809726,0
2020-07-31,4783.68994140625,4783.68994140625,4902.89990234375,4783.68994140625,4866.240234375,129676300,-0.014269700601308721,-0.06280804682421737,8.369201087707776,42.72510085088001,13.40158874569992,-176.45248862235567,0.009533554730120103,0
2020-08-03,4875.93017578125,4875.93017578125,4899.52001953125,4763.60009765625,4797.06005859375,104619900,0.019282235158385674,-0.03200041643959273,8.946061075196186,47.37271829692406,13.79918391345025,-135.838734316161,0.012083900091481196,0
2020-08-04,4889.52001953125,4889.52001953125,4920.7998046875,4856.64990234375,4905.66015625,86945300,0.0027871284575609057,-0.028654475543061775,9.37100173027097,48.02677613890807,19.399259709847602,-85.81268587072985,0.012121492352797922,0
2020-08-05,4933.33984375,4933.33984375,4954.60009765625,4907.41015625,4916.9599609375,74970100,0.008961988915826336,-0.004658661821582144,9.579827827811322,50.13042592264174,33.22014288951706,-42.777908354889654,0.012326442649515112,0
2020-08-06,4885.1298828125,4885.1298828125,4951.85986328125,4860.97998046875,4919.41015625,80015300,-0.009772276482954423,-0.01103126011358646,9.976130333825486,47.88580444446162,33.96921951471634,-67.61096474213318,0.012550382680824436,0
2020-08-07,4889.52001953125,4889.52001953125,4896.2099609375,4843.89990234375,4873.10009765625,62365400,0.000898673489561963,-0.007997647028288424,10.424473819572082,48.10852249509727,33.96921951471634,-81.4176577648413,0.01178980573417115,0
2020-08-10,4909.509765625,4909.509765625,4937.6298828125,4878.580078125,4905.27001953125,62044500,0.004088283924372993,-0.009928019299886737,10.59719096054932,49.15010826558648,34.63687173346792,-49.96627316345381,0.011878990297657946,0
2020-08-11,5027.990234375,5027.990234375,5052.1201171875,4949.0498046875,4952.41015625,97809400,0.024132851222655072,0.03607097864022313,10.133649652644309,54.8094105107077,52.25025682761967,34.11442902384459,0.014171052935684783,1
2020-08-12,5073.31005859375,5073.31005859375,5096.52978515625,5010.7998046875,5017.72998046875,76792800,0.00901350681011892,0.06054324605795025,9.778843906479976,56.7476199927238,73.00590299470376,79.95723985470005,0.014293826311036062,0
2020-08-13,5042.3798828125,5042.3798828125,5079.02001953125,5037.5498046875,5055.419921875,57693500,-0.006096646060269273,0.03413701612422715,9.441778447623859,55.05136414235412,86.42914553049997,76.47128092925625,0.012133686049195416,0
2020-08-14,4962.93017578125,4962.93017578125,5018.9501953125,4921.580078125,5018.9501953125,66383400,-0.015756390608740678,0.015013775576490529,9.388677981823069,50.93471465209482,78.87749814228168,6.961639524116657,0.01238753596468465,1
2020-08-17,4971.93994140625,4971.93994140625,4995.5498046875,4937.72021484375,4972.58984375,51855600,0.0018154125296718782,0.007824333793900795,9.338232539312317,51.36881312987524,68.72819625327544,13.38233090999001,0.011121451826851154,0
2020-08-18,4938.06005859375,4938.06005859375,5001.2900390625,4924.14990234375,4951.97998046875,60466700,-0.006814218033960651,0.010834957729061845,9.355192586616383,49.630734433328605,58.28356603699793,9.034018525131321,0.01145605992420018,1
2020-08-19,4977.22998046875,4977.22998046875,4977.22998046875,4917.52978515625,4934.7900390625,53103600,0.007932248982438495,0.017938358077508987,9.403913987993747,51.62277447183242,59.715280222144,19.935925993679398,0.011381396090184903,0
2020-08-20,4911.240234375,4911.240234375,4937.9501953125,4888.14990234375,4914.68994140625,66410900,-0.013258327694862793,0.0003524728196115934,9.596500542326385,48.23951341428103,53.6379502522586,-32.280680391657874,0.011792082445676543,0
2020-08-21,4896.330078125,4896.330078125,4939.25,4839.080078125,4927.60986328125,72886800,-0.003035924845549265,-0.026185443907562833,10.014775602875233,47.499121147459455,43.583253514896995,-56.192094900628696,0.011846360960118273,0
2020-08-24,5007.89013671875,5007.89013671875,5013.7001953125,4948.7099609375,4948.7099609375,68837200,0.022784423601700965,-0.012894918922643828,9.941816764694721,53.16110388005566,44.05106828285857,72.45965616386147,0.013836070106023201,0
2020-08-25,5008.27001953125,5008.27001953125,5073.60986328125,5008.27001953125,5023.06005859375,64060000,7.585685830346911e-05,-0.006764635762076754,9.529086154230315,53.17920302569472,51.175043669406,108.73768692447419,0.01146175434606859,0
2020-08-26,5048.43017578125,5048.43017578125,5050.10009765625,4977.93994140625,4991.6298828125,49317700,0.008018768176113467,0.017227725753071077,9.297329225059988,55.109516534779566,70.86822302343387,93.84924718467755,0.011375608431686744,0
2020-08-27,5015.97021484375,5015.97021484375,5052.259765625,5005.4599609375,5052.259765625,67454700,-0.006429713754033783,0.00885575327867838,9.06436915908836,53.24196698359721,71.91439215916843,84.53397328619249,0.011394503942744747,0
2020-08-28,5002.93994140625,5002.93994140625,5031.52978515625,4970.64013671875,5031.31005859375,71208000,-0.002597757338937079,0.013138739108607744,9.032566465980638,52.49033234449251,71.2242796207542,52.37456415397933,0.010121300752576685,0
2020-08-31,4947.22021484375,4947.22021484375,5067.5498046875,4942.18017578125,5041.33984375,97432500,-0.011137396653783993,-0.006029411086640901,8.777452680363105,49.354103098396486,58.12010714572463,26.008894238056214,0.010790586309393698,0
2020-09-01,4938.10009765625,4938.10009765625,4993.56005859375,4892.830078125,4974.419921875,91322100,-0.0018434831665944396,0.0054690591377002384,8.806251662793828,48.85121462516283,48.973457257770015,-41.06091618516162,0.010577023014394327,1
2020-09-02,5031.740234375,5031.740234375,5062.009765625,4959.64013671875,4969.6201171875,86998900,0.018962786267373133,0.02765543868354836,8.417286477818772,53.925207155966,55.140152479067325,63.72511289542847,0.011973293997969028,0
2020-09-03,5009.52001953125,5009.52001953125,5131.39013671875,4982.33984375,5074.64013671875,93616800,-0.0044160099307093414,0.00032546297302915583,8.324613178209184,52.621323402213186,60.5746709507201,89.26964308917053,0.011084175127476994,0
2020-09-04,4965.06982421875,4965.06982421875,5068.8798828125,4928.7900390625,4974.68994140625,108586000,-0.008873144560595958,-0.008625772001914389,7.930029849192975,50.07189458366201,61.185583488943706,1.925133712138104,0.01152597694973956,0
2020-09-07,5053.72021484375,5053.72021484375,5064.64013671875,4979.8701171875,4979.8701171875,61686000,0.01785481247264209,0.0010478582209332288,7.555175686627576,54.681271433961285,58.27942045253968,72.27218978237708,0.010578842314885328,0
2020-09-08,4973.52001953125,4973.52001953125,5061.60009765625,4935.3798828125,5052.8798828125,85589800,-0.015869536084909597,-0.00846300785177656,7.408353266069483,50.26239857042507,54.17419052725767,-2.797838464125629,0.011852238891514273,0
2020-09-09,5042.97998046875,5042.97998046875,5058.35009765625,4973.35986328125,4980.4599609375,86318500,0.013965955835048005,0.008003301964733422,7.268871966539296,53.67528006360735,63.05861010839371,68.08913304822565,0.012467827119929687,0
2020-09-10,5023.93017578125,5023.93017578125,5062.89013671875,5005.83984375,5039.47998046875,70699400,-0.003777489651213939,0.015505669367079644,7.106783023464894,52.63266470998946,56.90055336602564,84.34889227344088,0.012344358208944854,1
2020-09-11,5034.14013671875,5034.14013671875,5053.6298828125,4997.85986328125,5014.97021484375,70572900,0.0020322656924491866,0.01944878337077105,7.002487569560669,53.14612312608696,61.314668334713225,72.10511132304971,0.012313433515904804,1
2020-09-14,5051.8798828125,5051.8798828125,5087.52001953125,5034.91015625,5071.8701171875,57540800,0.00352388801502701,0.00400252149344138,6.671088654815781,54.0569706145396,60.2867000565595,115.61279892194857,0.011600946909491757,1
2020-09-15,5067.93017578125,5067.93017578125,5087.990234375,5035.10009765625,5056.89990234375,79316700,0.0031770931496919452,0.011659830886445954,6.353018902589195,54.8921206475489,66.4346976522689,115.19891989039304,0.01151696248855035,1
2020-09-16,5074.419921875,5074.419921875,5091.52001953125,5029.56005859375,5065.75,81456400,0.0012805515996971994,0.022023879125094847,6.0904538231424095,55.238435619196174,72.06287997718516,108.34287838662503,0.009991947803152983,0
2020-09-17,5039.5,5039.5,5053.31982421875,4995.64990234375,5005.89013671875,85821100,-0.006881559353112632,-0.0028138112596701736,6.081816984403755,52.93648547288555,70.33307339158485,36.19939762477647,0.010166316346383217,0
2020-09-18,4978.18017578125,4978.18017578125,5041.330078125,4978.18017578125,5035.93994140625,279158000,-0.012167838916311124,0.0009369935642562499,6.194640687896769,49.1504387055758,57.79255556851854,-54.75772833919454,0.010554950641126623,0
2020-09-21,4792.0400390625,4792.0400390625,4949.759765625,4779.2099609375,4949.759765625,128894100,-0.03739120123138939,-0.04976024937202406,7.382233542669512,40.00746577032451,33.633859808582876,-344.2582821129389,0.014186974546227981,0
2020-09-22,4772.83984375,4772.83984375,4827.0,4772.83984375,4809.56982421875,92909500,-0.004006685076916927,-0.04997886579747379,8.538054425091897,39.21540455478286,13.14007964834687,-303.06625920814633,0.013683730928865644,0
2020-09-23,4802.259765625,4802.259765625,4871.4501953125,4802.259765625,4824.169921875,86947200,0.006164028720453629,-0.04606156459619126,9.279003479461714,41.09633311262911,4.291615171867515,-193.94108019216873,0.012733433715823549,0
2020-09-24,4762.6201171875,4762.6201171875,4806.830078125,4744.0400390625,4746.10009765625,97836800,-0.008254374059738279,-0.05725784704603121,10.251758227136564,39.36853613537342,4.8596316051996835,-191.99962798586134,0.012771947975427534,0
2020-09-25,4729.66015625,4729.66015625,4758.0498046875,4666.259765625,4754.81005859375,96957900,-0.006920552159630167,-0.06674717444762424,11.495865182774313,37.97127336588674,9.829168106093935,-183.79938846195026,0.01251579127072962,0
2020-09-28,4843.27001953125,4843.27001953125,4849.97021484375,4788.18017578125,4806.14013671875,96864500,0.02402072443431691,-0.045551985429369,11.998805400704365,45.04779282366321,20.626561726054284,-87.77287153508473,0.01557913858120329,0
2020-09-29,4832.06982421875,4832.06982421875,4846.6298828125,4806.4501953125,4832.8701171875,73788000,-0.0023125275417916757,-0.04116086432805832,12.476598607737914,44.52071478482067,31.84094911242694,-77.12976957932433,0.01538987247744828,0
2020-09-30,4803.43994140625,4803.43994140625,4854.02001953125,4782.68994140625,4793.18994140625,98788900,-0.005924972910988258,-0.035101227397334456,13.040230022286948,43.161863406197384,37.6240575719755,-76.27706449835168,0.015249552920805704,0
2020-10-01,4824.0400390625,4824.0400390625,4871.830078125,4804.77001953125,4850.2001953125,90319600,0.004288613557686949,0.006677740532038623,13.44205081313429,44.44611574156428,36.116746829740826,-57.035822665271255,0.015532798853363975,1
2020-10-02,4824.8798828125,4824.8798828125,4824.8798828125,4757.22021484375,4769.43017578125,78027700,0.00017409551811331525,0.01090337006188169,14.04958551730758,44.499931524361315,35.553174966769355,-68.2637870578087,0.015322715480068442,1
2020-10-05,4871.8701171875,4871.8701171875,4876.85986328125,4842.259765625,4863.6298828125,73984600,0.00973915113252688,0.014495332397630234,14.238805535500259,47.49548707311867,40.91696299638816,-28.25914019657066,0.009843270503456,1
2020-10-06,4895.4599609375,4895.4599609375,4925.7099609375,4850.35986328125,4881.7998046875,88768400,0.0048420510363724745,0.027892177096091153,14.079242272125711,48.95148520437731,48.28816854667144,-9.27583751664285,0.009669789718694732,0
2020-10-07,4882.0,4882.0,4915.6298828125,4865.259765625,4888.490234375,90531200,-0.002749478301304009,0.03220946933125646,13.92765717191989,48.149527719418955,55.0283033760339,-7.257422396187123,0.009713595639363823,1
2020-10-08,4911.93994140625,4911.93994140625,4936.0400390625,4877.10009765625,4910.490234375,76900000,0.006132720484688603,0.014178421107656103,13.639454197056349,50.06499233788734,67.79842838494348,11.848265373356716,0.009124606206077145,1
2020-10-09,4946.81005859375,4946.81005859375,4954.02001953125,4918.06005859375,4925.41015625,82326900,0.007099052024955643,0.023745566299541387,13.23848300484129,52.22855106090381,80.55802459015287,40.56798910836754,0.008461936474271823,1
2020-10-12,4979.2900390625,4979.2900390625,4998.509765625,4944.0,4952.47021484375,74090900,0.006565843459529042,0.03660920086465547,12.600352189073755,54.17526558996036,92.7898037633632,74.78931667652859,0.005145238042392797,0
2020-10-13,4947.60986328125,4947.60986328125,4976.580078125,4928.64013671875,4976.27978515625,81146200,-0.00636238811812917,0.025615422595614445,12.049748909630477,51.99964840116196,92.12999245676723,65.4638008207607,0.005718534583237599,0
2020-10-14,4941.66015625,4941.66015625,4965.31982421875,4928.43017578125,4956.68994140625,71558400,-0.0012025416707581726,0.024203768026122674,11.528129900509457,51.590074775264284,87.2616766208929,72.03628696476909,0.005120136787065006,0
2020-10-15,4837.419921875,4837.419921875,4881.31005859375,4808.580078125,4873.02978515625,106038500,-0.021094173026682372,-0.007071246663773567,11.774345102211985,45.046582200168366,66.93590032628795,-22.564866644694703,0.009085428539606335,0
2020-10-16,4935.85986328125,4935.85986328125,4957.60009765625,4875.759765625,4904.10009765625,103413300,0.020349678753564637,0.008252524311528342,11.473938864378056,51.19948713231199,63.38761537681298,77.38866456783482,0.011073447006219997,1
2020-10-19,4942.6201171875,4942.6201171875,4993.39013671875,4881.4599609375,4955.39013671875,44905900,0.0013696203080117986,0.012417066199815752,10.959299613963164,51.591298458705715,61.370147246207885,85.98553307138415,0.010763344681320161,0
2020-10-20,4929.27978515625,4929.27978515625,4968.60986328125,4914.490234375,4932.8701171875,89484700,-0.0026990405321380972,0.003530141646038931,10.47039232606902,50.74499552843711,74.06027590198336,75.63924431302796,0.010766962319417523,0
2020-10-21,4853.9501953125,4853.9501953125,4945.330078125,4849.009765625,4945.330078125,77277800,-0.015282068197993826,-0.018771665412932292,10.405073801684981,46.23670758993949,62.74473299187917,10.41461152940945,0.01188927725068199,0
2020-10-22,4851.3798828125,4851.3798828125,4873.89990234375,4783.64990234375,4830.43994140625,89673900,-0.0005295300521381829,-0.025688432536876915,10.69835943377193,46.08963949765922,47.63998611222072,-51.46668677301024,0.011659994607451107,0
2020-10-23,4909.64013671875,4909.64013671875,4934.7099609375,4843.14013671875,4843.27978515625,80388100,0.012009006780247189,-0.007674357439597768,10.563236514820966,49.892392059996524,43.416649651469505,14.613036334909077,0.012140755547582116,0
2020-10-26,4816.1201171875,4816.1201171875,4896.47021484375,4814.990234375,4844.64013671875,0,-0.019048243237181905,-0.025404425859540836,10.589054235509275,44.579077593270576,35.09115604208473,-67.72426202294115,0.01310418181903847,0
2020-10-27,4730.66015625,4730.66015625,4818.97998046875,4723.7001953125,4818.97998046875,0,-0.01774456592818674,-0.022069567527563283,11.070049311051864,40.43677170848503,25.427751247292036,-176.14323313088303,0.01387623792236766,0
2020-10-28,4571.1201171875,4571.1201171875,4640.6298828125,4521.60986328125,4635.18994140625,0,-0.03372468826612296,-0.07389588768658417,12.297198394283281,34.19318627449772,9.342203693328736,-317.94370840108314,0.016592260272288755,0
2020-10-29,4569.669921875,4569.669921875,4606.72021484375,4512.56982421875,4571.1298828125,0,-0.0003172516309617457,-0.07545597000578708,13.49199153002912,34.14274463312621,8.221592928580082,-250.89389779509457,0.016010908836315296,0
2020-10-30,4594.240234375,4594.240234375,4601.740234375,4519.3701171875,4519.3701171875,0,0.0053768243483807154,-0.06796927043787793,14.627045008987668,35.83098995538917,13.039256900102627,-196.12049485530892,0.013876341574481891,0
2020-11-02,4691.14013671875,4691.14013671875,4705.10986328125,4581.85986328125,4614.9501953125,0,0.021091605445167305,-0.033541765375132426,15.007733331292101,42.00299854831355,21.95825432650999,-112.1420344431918,0.016382560936188353,0
2020-11-03,4805.60986328125,4805.60986328125,4812.2900390625,4730.22998046875,4743.85986328125,0,0.024401259230462102,-0.009434433220413041,14.754717038785776,48.198637051853716,38.35672407723346,-29.932547890151174,0.018873544325081745,0
2020-11-04,4922.85009765625,4922.85009765625,4926.56005859375,4730.31005859375,4736.4599609375,0,0.024396536071479735,0.0026906169433282834,14.077134854162807,53.548500477224785,61.137920762585644,19.045666986841926,0.019996443368319548,1
2020-11-05,4983.990234375,4983.990234375,4998.18994140625,4942.18017578125,4956.02001953125,0,0.012419662493452499,0.03485588255749983,13.743265785254067,56.04067605394241,81.11701575874105,87.27484530319138,0.02026138194223187,0
2020-11-06,4960.8798828125,4960.8798828125,4997.740234375,4915.240234375,4964.259765625,0,-0.004636917504995508,0.0486654544944094,13.295978732652742,54.86938313850036,91.57407414986103,75.97846450846887,0.020111824115229972,1
2020-11-09,5336.31982421875,5336.31982421875,5387.490234375,5021.330078125,5036.919921875,0,0.07568011124538643,0.16739873103620373,14.154059376432519,66.75252203630558,94.51480431488345,223.96923767964535,0.0295827655623276,1
2020-11-10,5418.97021484375,5418.97021484375,5439.080078125,5327.22021484375,5351.31005859375,0,0.015488275318487066,0.18585593871958928,15.095091652297086,68.66447710370554,94.76598448340019,249.66619818985794,0.027848865759113592,1
2020-11-11,5445.2099609375,5445.2099609375,5462.9501953125,5408.669921875,5433.66015625,0,0.0048422015721498735,0.18522534372394772,16.047127252885122,69.25533074030602,96.70475998133912,218.51294277673566,0.02269645044124902,0
2020-11-12,5362.56982421875,5362.56982421875,5421.39990234375,5348.6298828125,5394.3701171875,0,-0.015176666705524422,0.14312718612785602,16.657436160838408,65.18086315234031,95.13357764297105,159.9461439038553,0.024439292885624964,1
2020-11-13,5380.16015625,5380.16015625,5411.1201171875,5343.25,5343.31982421875,0,0.0032802056864242868,0.11955824740555387,17.210813372272384,65.63387301273931,92.95332512321598,133.81047706032209,0.02455298407928745,1
2020-11-16,5471.47998046875,5471.47998046875,5518.91015625,5402.31005859375,5430.56982421875,0,0.016973439742804963,0.11144557968029556,18.025384675587578,67.91504737003518,92.00449544511366,132.48895054622244,0.024495894640955945,1
2020-11-17,5483.0,5483.0,5487.31005859375,5441.259765625,5468.2900390625,0,0.0021054668156279543,0.10012254080742133,18.799227413737007,68.19538575445995,94.335740456297,112.98031209468263,0.024636937193251794,1
2020-11-18,5511.4501953125,5511.4501953125,5521.009765625,5452.1201171875,5468.169921875,0,0.0051888008959510845,0.11098239133092291,19.62396573977587,68.90174497078166,96.92136075171835,102.22466983603903,0.024444236212422466,0
2020-11-19,5474.66015625,5474.66015625,5490.18017578125,5449.4501953125,5458.02001953125,0,-0.006675201219053073,0.02592429550481512,20.39230034726526,66.8798790411675,96.84731474225775,85.70835745088893,0.025111229077191866,1
2020-11-20,5495.89013671875,5495.89013671875,5524.25,5461.39013671875,5463.990234375,0,0.0038778627097999507,0.014194564432980172,21.21724653255407,67.4598909068034,96.84621797651386,80.73549255788484,0.024711998075050597,0
2020-11-23,5492.14990234375,5492.14990234375,5555.830078125,5492.14990234375,5543.830078125,95986700,-0.0006805511540362019,0.008620409817616803,22.088458252488316,67.24151332100952,94.59303307142694,76.67127581369319,0.009419453198240649,1
2020-11-24,5558.419921875,5558.419921875,5574.68994140625,5536.10986328125,5546.06982421875,0,0.012066316599073534,0.036521687190298247,22.96868109736365,69.1066963491954,95.41572013412592,78.32430164550242,0.008963343753855386,1
2020-11-25,5571.2900390625,5571.2900390625,5589.77978515625,5545.009765625,5577.97021484375,0,0.0023154272919989616,0.0355249429871467,23.847791604337875,69.46214587400647,95.69258335701188,76.3319806074271,0.008928037688454427,0
2020-11-26,5566.7900390625,5566.7900390625,5592.77978515625,5559.72021484375,5589.3798828125,65753800,-0.0008077123912861861,0.01741942928311402,24.69177014937973,69.16923669932186,96.74788653438777,74.3903525945942,0.006668128533793998,1
2020-11-27,5598.18017578125,5598.18017578125,5612.759765625,5556.6201171875,5563.0400390625,84633600,0.00563882174439545,0.021006780189905205,25.55396661478882,70.09517724219715,95.86829735396289,76.68215324868687,0.006690774105075832,0
2020-11-30,5518.5498046875,5518.5498046875,5599.93994140625,5518.5498046875,5564.16015625,0,-0.014224331585154348,0.001288156315199629,26.094274933625876,64.89107612105659,85.12997877051667,63.76339936669388,0.0072218866308390965,1
2020-12-01,5581.64013671875,5581.64013671875,5589.68017578125,5529.25,5542.4599609375,0,0.011432411460282621,0.019540935403381976,26.60756783652108,66.93820189454752,82.7970733105223,71.38394609801335,0.00796202171275125,1
2020-12-02,5583.009765625,5583.009765625,5585.8701171875,5549.7900390625,5563.0498046875,0,0.0002453810838216608,0.015851777735546912,27.09519609427153,66.98219571639963,80.81954600245912,74.01398142784313,0.007882213371491519,0
2020-12-03,5574.35986328125,5574.35986328125,5584.10009765625,5546.2900390625,5581.52978515625,0,-0.0015493260278726106,0.014968630208439304,27.529844648687497,66.39486273983894,86.38936394438592,72.2762392224307,0.0074599507389631415,1
2020-12-04,5609.14990234375,5609.14990234375,5616.6201171875,5574.1201171875,5574.1201171875,0,0.0062410823692358175,0.009126690890895794,28.0692827552454,67.59773759675163,88.81830773007668,98.9832473092683,0.007568622741606254,0
2020-12-07,5573.3798828125,5573.3798828125,5595.830078125,5535.419921875,5594.5,86156600,-0.006377083899345215,0.00037510948727259574,28.25640430369976,65.07669089808886,83.87581563931445,63.36437292060981,0.00800051030148096,0
2020-12-08,5560.669921875,5560.669921875,5574.56982421875,5521.8701171875,5553.7900390625,0,-0.0022804763365755765,-0.0010993978836195684,28.32185206353389,64.18140980038544,78.80166132910091,40.566582517086125,0.007134274375074712,0
2020-12-09,5546.81982421875,5546.81982421875,5599.41015625,5545.93994140625,5590.18994140625,90861600,-0.002490724652036147,-0.009174472766113273,28.496159149759013,63.18433353715573,65.23305898490756,49.60389737192088,0.007127591459270586,0
2020-12-10,5549.64990234375,5549.64990234375,5572.7998046875,5511.47998046875,5558.9599609375,0,0.0005102163428210016,0.005635556216206261,28.368944495189776,63.30694328538868,55.92033500850366,17.749858619589443,0.0071317516674375666,0
2020-12-11,5507.5498046875,5507.5498046875,5532.81005859375,5466.56005859375,5528.14013671875,96872800,-0.007586081716338566,-0.013273935656268443,27.88622806207315,60.169129712792035,42.84854061767283,-67.51919983227396,0.007137308874093039,0
2020-12-14,5527.83984375,5527.83984375,5577.18017578125,5527.83984375,5547.2998046875,0,0.003684040958691126,-0.009881752708849834,27.65677552792034,61.14611147608936,38.11606355726075,2.65038520225677,0.0057274162685284746,0
2020-12-15,5530.31005859375,5530.31005859375,5565.52001953125,5517.06005859375,5521.7900390625,0,0.0004468680196194619,-0.007902217612045348,27.351176649467313,61.26786075134885,36.87846337566665,-21.6940816406377,0.004172403975057206,0
2020-12-16,5547.68017578125,5547.68017578125,5589.759765625,5515.5,5551.4501953125,0,0.0031408939107324674,-0.010958831129974866,27.188528453918575,62.14585120877506,45.79275442015946,4.913127553375871,0.004358255523101696,0
2020-12-17,5549.4599609375,5549.4599609375,5585.509765625,5547.58984375,5578.7900390625,0,0.00032081610688727835,-0.004291816165046591,27.034012668147277,62.23817476308969,50.59530201123899,24.156305739836803,0.004354358334286495,0
2020-12-18,5527.83984375,5527.83984375,5581.9599609375,5519.169921875,5533.77978515625,173234900,-0.003895895697902718,-0.0059039789425102684,26.635514186759615,60.35588907273826,50.04658508040942,-51.26382138031612,0.003766722911275714,0
2020-12-21,5393.33984375,5393.33984375,5422.10009765625,5306.580078125,5392.5498046875,122849400,-0.024331385098298575,-0.027669905519306703,25.791744868608863,50.37854501312139,41.35490949576654,-462.2306774889912,0.008128422439068732,0
2020-12-22,5466.85986328125,5466.85986328125,5477.8701171875,5411.14990234375,5411.14990234375,0,0.013631631171257874,-0.014918065196785846,24.646272446096045,54.688415960287294,40.17224192397121,-197.28745822402067,0.009737174423466631,0
2020-12-23,5527.58984375,5527.58984375,5539.16015625,5472.02978515625,5472.14013671875,59208500,0.011108750176065385,0.003638648722784854,23.61753240521734,57.87011412016656,50.32138406182836,-57.56240771150689,0.010525560260620936,0
2020-12-24,5522.009765625,5522.009765625,5545.7099609375,5517.009765625,5542.490234375,0,-0.0010094956902978458,-0.001054675658085813,22.67642220617048,57.47974264165075,65.51630029936369,-21.795036151757508,0.01052358105660823,0
2020-12-28,5588.3798828125,5588.3798828125,5601.0,5547.89990234375,5562.0400390625,44706900,0.012019195909550806,0.010500283637535412,22.08148599635593,60.79117767123957,80.18866229869634,83.86987346754096,0.010866833074845445,1
2020-12-29,5611.7900390625,5611.7900390625,5625.52001953125,5603.740234375,5610.1298828125,0,0.004189077468051083,0.011556157033191239,21.64342792149347,61.89305342782413,88.32561382253562,139.37606194262236,0.01087921814992122,0
2020-12-30,5599.41015625,5599.41015625,5625.60009765625,5594.10986328125,5603.72021484375,35280300,-0.0022060488233390796,0.009000911019107827,21.161294811444403,60.93973495890014,94.39972936621238,117.0612981061482,0.010941600562878722,0
2020-12-31,5551.41015625,5551.41015625,5598.93017578125,5551.41015625,5573.2001953125,0,-0.008572331488598484,0.004263928255202609,20.414608467325323,57.33543982968089,88.07668238545159,44.661566286996994,0.011341887144634757,1
2021-01-04,5588.9599609375,5588.9599609375,5656.419921875,5567.97021484375,5614.0400390625,82741000,0.006764011959236038,0.03627068251858656,20.024455347171237,59.316862215056894,83.08394282067009,106.88933346563047,0.01153558135774449,0
2021-01-05,5564.60009765625,5564.60009765625,5603.66015625,5530.47998046875,5561.60009765625,79263400,-0.004358568222264325,0.01787867931853948,19.402425944272288,57.49350346668872,77.07169358184454,42.436766081808706,0.011557281147441308,1
2021-01-06,5630.60009765625,5630.60009765625,5648.419921875,5553.39013671875,5601.009765625,116286300,0.011860690587235379,0.018635654384292488,19.056991397479464,60.919591617504615,82.36339545253223,116.31115513562463,0.007940340166094979,1
2021-01-07,5669.85009765625,5669.85009765625,5689.27978515625,5629.490234375,5651.0400390625,91729600,0.0069708378004571525,0.026772921147580897,18.9413451026141,62.796730683793704,87.0987595142251,175.93178044771292,0.007330508174785368,1
2021-01-08,5706.8798828125,5706.8798828125,5721.89013671875,5676.14990234375,5711.580078125,87558400,0.006530998971481905,0.02120471451206396,18.994686382852773,64.49055798556559,94.6427652258984,194.5541833661375,0.006947760767282716,0
2021-01-11,5662.43017578125,5662.43017578125,5704.08984375,5629.4599609375,5684.66015625,76382800,-0.007788793166143226,0.00902388299744894,18.710593858124874,60.98234273345718,92.33058691877396,125.8361344644188,0.007696576815920373,0
2021-01-12,5650.97021484375,5650.97021484375,5679.06005859375,5636.75,5672.2001953125,73935200,-0.0020238591173300513,0.009208123204941465,18.44070595963337,60.095145622728495,86.41529014281203,100.92698392071249,0.0070270433528928445,1
2021-01-13,5662.669921875,5662.669921875,5679.06982421875,5643.75,5648.9599609375,109764000,0.0020703890812443504,0.02004171237460084,18.18436849762086,60.709434341799195,79.71959114516928,95.94804355987146,0.006956368070773944,1
2021-01-14,5681.14013671875,5681.14013671875,5690.490234375,5656.75,5662.169921875,104615600,0.003261750216518644,0.01649326107639304,18.008753363374716,61.68946218271362,77.86204090453407,99.62203635900082,0.0068975815832630445,0
2021-01-15,5611.68994140625,5611.68994140625,5656.4501953125,5563.740234375,5648.7001953125,127619000,-0.012224693220226124,0.008462394947272855,17.163020944285215,56.14639749205197,66.27873817083828,25.314675594645724,0.007553975854594838,1
2021-01-18,5617.27001953125,5617.27001953125,5618.419921875,5584.58984375,5584.85009765625,62122300,0.000994366792047341,-0.0023674347127846662,16.359575146150192,56.47714723837547,55.959993951067226,18.788663460065575,0.00728954070722061,0
2021-01-19,5598.60986328125,5598.60986328125,5655.22021484375,5592.2001953125,5647.75,89498100,-0.003321926164332245,-0.01256474741800473,15.840344415569353,55.016522109479446,41.12109956939654,25.250798612178603,0.0072193400222599746,0
2021-01-20,5628.43994140625,5628.43994140625,5646.06005859375,5602.490234375,5615.41015625,78552400,0.005328122311333283,-0.0137448032930374,15.347075221517557,56.892527515915,44.038046842581444,30.07093171512985,0.006331448971815727,0
2021-01-21,5590.7900390625,5590.7900390625,5665.97998046875,5589.7998046875,5660.27001953125,87605000,-0.006689225209062677,-0.012651835783364151,15.013617213688287,53.90575564764587,39.4266613606525,2.2872659632968912,0.006125761330999163,0
2021-01-22,5559.56982421875,5559.56982421875,5573.7099609375,5511.43994140625,5568.8798828125,89454700,-0.005584222377448711,-0.016174282848795185,14.40706339405248,51.543800276290774,35.18542873618516,-134.4275296877091,0.005557636923945574,0
2021-01-25,5472.35986328125,5472.35986328125,5584.39990234375,5453.240234375,5579.72998046875,103153900,-0.015686458430217654,-0.033607831856591,14.203666659868995,45.66094644739805,20.498393431821118,-214.61832850819522,0.006799632897683252,0
2021-01-26,5523.52001953125,5523.52001953125,5555.27978515625,5471.08984375,5473.25,84017800,0.009348828938184006,-0.027744451535134385,14.010439762394686,49.23851608763256,18.71575202556974,-168.392834585416,0.00791298189833833,0
2021-01-27,5459.6201171875,5459.6201171875,5545.4501953125,5401.43017578125,5517.52978515625,123358200,-0.01156869208725575,-0.027098757380854543,14.241175600413593,45.315936923565786,17.145183002901863,-198.16050015061325,0.008253611872610716,0
2021-01-28,5510.52001953125,5510.52001953125,5525.9501953125,5379.22021484375,5407.740234375,113180800,0.00932297508823221,-0.019003893284252005,14.582774521368112,48.73997602430194,28.24492341732851,-154.85285285438698,0.009003191561182719,0
2021-01-29,5399.2099609375,5399.2099609375,5474.7998046875,5399.2099609375,5421.52978515625,109393800,-0.020199556157899368,-0.035615966679786615,14.907293496274907,42.59981809717953,21.665468082586752,-174.58118087587278,0.0101858178943202,0
2021-02-01,5461.68017578125,5461.68017578125,5481.669921875,5429.77978515625,5441.43017578125,75051100,0.01157025107297427,-0.029628061658473648,15.153805821308444,46.5758242142346,24.443201350421983,-118.085667518982,0.01123461767070257,0
2021-02-02,5563.10986328125,5563.10986328125,5574.77001953125,5509.240234375,5510.6201171875,92321700,0.018571151044282974,-0.004951031175889353,14.626553071517389,52.23102676209689,30.66355441704668,-30.932922220349027,0.013090265298408704,0
2021-02-03,5563.0498046875,5563.0498046875,5626.41015625,5554.08984375,5610.58984375,81321400,-1.0795866920876307e-05,0.0006259441969036494,14.026064807400378,52.227580909382255,49.89148326645579,0.2396352849608856,0.012931403264609153,1
2021-02-04,5608.5400390625,5608.5400390625,5613.9501953125,5566.580078125,5568.39013671875,84653400,0.008177211416778851,0.024885091474886156,13.455600956489212,54.61484977727807,67.71743665395489,18.36600781180607,0.013070305821886011,1
2021-02-05,5659.259765625,5659.259765625,5673.02978515625,5627.83984375,5638.740234375,90026000,0.009043302928970043,0.02457486269874498,13.305678304293997,57.12917288793964,79.79612748551516,78.80546991240277,0.013145209819882476,1
2021-02-08,5686.02978515625,5686.02978515625,5714.27978515625,5673.6298828125,5688.68017578125,75598300,0.0047303040750761305,0.04146985744593956,13.413372296731945,58.40929606354941,88.95042134696303,113.94225300381463,0.011614046433923487,1
2021-02-09,5691.5400390625,5691.5400390625,5703.52978515625,5674.43017578125,5703.52978515625,74734600,0.0009690863598068589,0.0328498978117584,13.515681589547995,58.6766488710321,93.36505686365574,108.56178107109783,0.011478617844284804,0
2021-02-10,5670.7998046875,5670.7998046875,5719.31982421875,5647.27978515625,5719.31982421875,80605800,-0.0036440461162803306,0.05030177483648779,13.386874769008855,57.21934603088675,90.17182400570476,96.34180252131658,0.010596043851077713,0
2021-02-11,5669.81982421875,5669.81982421875,5692.0,5656.7998046875,5684.93994140625,85822100,-0.00017281168485971943,0.03810908763212728,13.264508289496671,57.1487514424886,88.13074968800704,90.64187496433253,0.010476187934025232,1
2021-02-12,5703.669921875,5703.669921875,5705.02001953125,5627.990234375,5651.669921875,74872400,0.005970224576036465,0.025266453844728476,12.90417782547824,58.98847812259879,88.85915393200138,89.47452924010345,0.006624258465594942,1
2021-02-15,5786.25,5786.25,5801.3798828125,5722.16015625,5732.2998046875,95598000,0.014478411138113767,0.04012191210735305,13.191939938315798,63.06102780905049,92.41998396295985,150.86395150860957,0.006973973832057718,1
2021-02-16,5786.52978515625,5786.52978515625,5797.919921875,5768.9599609375,5796.43017578125,69738200,4.835345106934952e-05,0.03173548639290846,13.465313945511479,63.07410508566974,96.09895394607163,141.8990733979115,0.005515751041975956,0
2021-02-17,5765.83984375,5765.83984375,5790.27001953125,5752.85009765625,5762.009765625,89772300,-0.003575535281840958,0.018832865522869113,13.581164749754455,61.3825413957996,94.68711859764285,115.52013873294392,0.005902450059554784,0
2021-02-18,5728.330078125,5728.330078125,5779.009765625,5720.580078125,5757.75,95205800,-0.0065055163933592786,0.007439337211911479,13.409648823213491,58.39394965110234,89.32903437711866,86.14451379080718,0.006439759708059119,1
2021-02-19,5773.5498046875,5773.5498046875,5784.89990234375,5733.83984375,5737.18994140625,95515600,0.007894050438046918,0.014409064165787466,13.288302380180568,60.81498809778321,87.32615331284558,90.2555474138653,0.006311740289780186,0
2021-02-22,5767.43994140625,5767.43994140625,5776.64013671875,5703.47998046875,5737.47021484375,83870900,-0.0010582507275315178,0.017041711936095272,12.90760321412966,60.31580909519553,85.69692653584933,74.36494268532181,0.00630090886773076,1
2021-02-23,5779.83984375,5779.83984375,5804.89990234375,5721.919921875,5781.240234375,0,0.0021499837830520896,0.019404500132666813,12.757075130240974,60.99968447780421,88.74455020620155,81.45513415174929,0.006302160139783844,1
2021-02-24,5797.97998046875,5797.97998046875,5804.14013671875,5758.2998046875,5769.2099609375,83298700,0.0031385189225210386,0.01653497833597406,12.614073450546723,62.00789558247685,90.61723636599653,89.45233394643601,0.006039544154018554,0
2021-02-25,5783.89013671875,5783.89013671875,5834.35986328125,5783.89013671875,5824.72021484375,99039600,-0.0024301297688960055,-0.00040783984121839367,12.705155995571735,60.724416711358224,87.04015809799792,96.33327454347331,0.0061801567820862265,0
2021-02-26,5703.22021484375,5703.22021484375,5768.02978515625,5688.259765625,5715.68994140625,126426700,-0.013947346849289333,-0.014397155705688669,12.170238088533429,53.989490882422444,69.36325941800227,23.263282084205994,0.007767967624690022,0
2021-03-01,5792.7900390625,5792.7900390625,5804.35009765625,5765.7998046875,5770.89013671875,83783600,0.015705131635216807,0.004674114446954869,11.73844965717959,59.26929567304895,63.95154325734362,82.3410639624872,0.00802704413013802,1
2021-03-02,5809.72998046875,5809.72998046875,5835.740234375,5773.52001953125,5774.6201171875,78464500,0.0029243147588673413,0.014210057945961418,11.555390304321659,60.17899857684618,67.93021249297243,97.38136106785443,0.008074698162221129,1
2021-03-03,5830.06005859375,5830.06005859375,5871.43017578125,5788.66015625,5841.2001953125,91437400,0.0034993154920015535,0.009787783221402169,11.626706444113175,61.271719880701355,83.4475555803622,120.27673915419287,0.007994335146235675,1
2021-03-04,5830.64990234375,5830.64990234375,5844.68994140625,5797.669921875,5800.72998046875,96687500,0.00010117284283039929,0.010959795260926164,11.694456776915114,61.30414906040132,82.74082632171603,109.8830757518994,0.0075533988117524485,0
2021-03-05,5782.64990234375,5782.64990234375,5837.5498046875,5755.60009765625,5794.47998046875,99553700,-0.008232358451277566,0.0004861827783668726,11.390803392134659,57.201222767491146,70.75792677842306,57.98394523737932,0.007823853892793112,1
2021-03-08,5902.990234375,5902.990234375,5912.5,5799.0498046875,5822.919921875,0,0.020810585815073335,0.01811152405837735,11.616082735497097,63.62578875322098,75.00895673156218,170.36131083747094,0.010148657198051789,1
2021-03-09,5924.97021484375,5924.97021484375,5937.81005859375,5895.330078125,5903.259765625,98009300,0.0037235332595932924,0.024391901434876795,11.986773147995745,64.64612187454614,80.71508263248663,215.3882433958274,0.01015702924063242,1
2021-03-10,5990.5498046875,5990.5498046875,5993.6298828125,5912.35009765625,5915.169921875,84108900,0.011068340846584146,0.050380237658703475,12.661224506835513,67.50855418685805,96.53509554690065,239.50403308418043,0.010513184665679574,1
2021-03-11,6033.759765625,6033.759765625,6033.759765625,5995.41015625,6004.16015625,85660900,0.007213020898964695,0.04159821518431883,13.51368052377683,69.23610585747717,97.94872316097944,242.7368546513852,0.01036818071004477,1
2021-03-12,6046.5498046875,6046.5498046875,6046.5498046875,6017.41015625,6030.6298828125,72235700,0.0021197461548545515,0.04076262150132526,14.389256838245618,69.73744542980472,99.66378743349567,203.84782390284425,0.008258980044244663,0
2021-03-15,6035.97021484375,6035.97021484375,6089.2001953125,6018.5498046875,6069.08984375,78751000,-0.0017496903499494287,0.03531870241138946,15.43355343211417,68.76175734760315,95.57457280206286,168.35929569754936,0.007785829406338798,1
2021-03-16,6055.43017578125,6055.43017578125,6061.18994140625,6034.759765625,6050.39990234375,846600,0.003223998834461339,0.038551495494034915,16.425635196289296,69.58565443865278,92.76700530734627,139.72072602989297,0.007781172208378076,0
2021-03-17,6054.81982421875,6054.81982421875,6062.35986328125,6037.25,6048.31005859375,806600,-0.00010079408807994739,0.04706664357541124,17.374162261610095,69.52511441603258,89.9086944837536,119.57963130320105,0.00789844903700679,1
2021-03-18,6062.7900390625,6062.7900390625,6082.919921875,6044.31982421875,6076.2099609375,91171900,0.0013163421992954394,0.02707099255508405,18.383227010835274,69.88525200967369,91.69521795279019,110.08451790042545,0.007844076977943803,0
2021-03-19,5997.9599609375,5997.9599609375,6047.64990234375,5983.60986328125,6021.1298828125,212881400,-0.01069310955967473,0.012319006416418699,18.694567832414133,63.463771569107486,85.38605806283077,68.86837935548816,0.008294029766487583,0
2021-03-22,5968.47998046875,5968.47998046875,5987.22998046875,5943.7099609375,5960.85009765625,76067200,-0.004915001210535341,-0.003684106624316952,18.60948957951885,60.79009133418088,76.18200083039012,37.602536910150064,0.006092197946265976,0
2021-03-23,5945.2998046875,5945.2998046875,5968.56005859375,5921.830078125,5943.31005859375,75656900,-0.0038837653568588593,-0.014660835759730761,18.329298364416356,58.74177703753029,64.44237253487077,19.98546841281875,0.006204978135679128,0
2021-03-24,5947.2900390625,5947.2900390625,5948.669921875,5890.5498046875,5901.64013671875,80552800,0.0003347576136414343,-0.016415934513274055,17.787457115350914,58.86703855585406,59.37943218293563,4.872099079860436,0.004947781978428874,0
2021-03-25,5952.41015625,5952.41015625,5952.41015625,5886.0,5911.0400390625,73423600,0.0008609160060919496,-0.01384368305666217,17.232858914776042,59.202461821866194,55.72695677820974,1.4223737743344707,0.0041625271281281045,0
2021-03-26,5988.81005859375,5988.81005859375,6002.9501953125,5962.4599609375,5979.22998046875,80680200,0.006115153591277789,-0.01100171503156755,17.078171552782795,61.548897806397925,53.637306350941095,36.61614783811877,0.004690676717930951,0
2021-03-29,6015.509765625,6015.509765625,6029.58984375,5985.35986328125,5995.0,67745900,0.00445826579404307,-0.006492358110560703,17.113191103759917,63.18381661309886,55.728660626670006,52.609849814888896,0.004975127685754762,0
2021-03-30,6088.0400390625,6088.0400390625,6095.080078125,6041.39013671875,6044.5400390625,76904000,0.012057211485544617,0.004164749205780582,17.55282677902872,67.17483335293898,70.32112087973924,105.15449551065706,0.006287085350325973,0
2021-03-31,6067.22998046875,6067.22998046875,6097.740234375,6060.240234375,6085.02001953125,85387300,-0.003418186881200991,0.011548929966585408,17.986072333544662,65.04526846167823,81.986208319544,97.21515375410394,0.006411817239585836,1
2021-04-01,6102.9599609375,6102.9599609375,6106.1201171875,6063.85986328125,6079.669921875,75221700,0.00588901040240275,0.022531696664615186,18.448430512509795,66.93948558347782,93.59597150972594,106.29196358173449,0.006656805934335959,1
2021-04-06,6131.33984375,6131.33984375,6159.10009765625,6125.740234375,6155.22021484375,73632700,0.004650183352692405,0.03129195249595629,19.19296489347202,68.37247571158053,91.33006666912773,154.00606715757215,0.005392119167448597,0
2021-04-07,6130.66015625,6130.66015625,6154.3798828125,6118.91015625,6137.6298828125,0,-0.00011085464471405349,0.03083254994848139,19.825211288590467,68.29784532791719,92.66191412375782,138.34689039271308,0.004875569942624556,1
2021-04-08,6165.72021484375,6165.72021484375,6171.4501953125,6146.22021484375,6153.35986328125,66071200,0.005718806409128252,0.03583591402379671,20.52388838279935,70.07161567434447,92.47134819802595,154.3887595609212,0.00435351434941274,1
2021-04-09,6169.41015625,6169.41015625,6188.47998046875,6161.419921875,6171.60009765625,65261400,0.0005984607276481313,0.030156257401600994,21.284695637848756,70.25598616486393,93.75813912803676,150.2652553301916,0.004331909715128355,0
2021-04-12,6161.68017578125,6161.68017578125,6183.02001953125,6151.52001953125,6167.31982421875,0,-0.0012529529198053169,0.02429892325859484,21.88782311820555,69.31438532630148,94.27604471028671,124.07179428611718,0.004531824996758886,1
2021-04-13,6184.10009765625,6184.10009765625,6193.240234375,6156.490234375,6171.8798828125,74722300,0.0036386052562615845,0.015778486668517777,22.523433874425226,70.52062569002372,93.95352247571036,119.22641356721736,0.00443793903627266,1
2021-04-14,6208.580078125,6208.580078125,6217.740234375,6194.5498046875,6214.490234375,0,0.003958535612647696,0.02329730340060876,23.275333925571758,71.79494804135929,95.13460503456012,128.00429747872866,0.004425277631135791,1
2021-04-15,6234.14013671875,6234.14013671875,6244.22998046875,6209.58984375,6219.0400390625,66204600,0.004116892795472893,0.02149451686081494,24.14264415551413,73.07420207214888,97.1490861008261,128.64715955391813,0.003195530159339301,1
2021-04-16,6287.06982421875,6287.06982421875,6299.56005859375,6229.2998046875,6229.64990234375,86378000,0.00849029478632457,0.02539901301140457,25.255389264757,75.49672503824117,96.90565771124334,140.05664114516435,0.0030086106786591403,1
2021-04-19,6296.68994140625,6296.68994140625,6319.080078125,6293.169921875,6294.740234375,58527600,0.0015301432076422206,0.027081877142869804,26.405938056430642,75.9113629194571,95.58965428510044,139.82065683693898,0.002950447177042742,0
2021-04-20,6165.10986328125,6165.10986328125,6285.2900390625,6154.02978515625,6281.10009765625,0,-0.020896705943823868,-9.899112208022753e-05,25.96178398927928,61.04014405728942,78.04624511663997,63.8906845434239,0.008084610033342704,0
2021-04-21,6210.5498046875,6210.5498046875,6227.0400390625,6178.66015625,6180.68994140625,77394900,0.0073704998635766295,0.00666832766756853,25.539837625485482,63.63017529332641,65.30480921323752,61.325055973325135,0.008355290709739461,1
2021-04-22,6267.27978515625,6267.27978515625,6274.18994140625,6225.58984375,6230.2099609375,67091000,0.009134453833045786,0.017138119208144564,25.436864110122773,66.5523398404618,60.77578962032789,92.97433624068509,0.008620375670801242,0
2021-04-23,6257.93994140625,6257.93994140625,6280.81005859375,6227.18994140625,6259.6298828125,61769900,-0.00149025479477094,0.011940273052498673,25.379452502739895,65.63838504017386,69.07668710067645,88.14965611404062,0.008674328107543747,1
2021-04-26,6275.52001953125,6275.52001953125,6288.7900390625,6240.990234375,6256.0400390625,64366500,0.002809243663187022,0.01078184392629522,25.374977404759214,66.54857817539472,75.79934299531628,96.24799898086688,0.008628160036779424,0
2021-04-27,6273.759765625,6273.759765625,6282.52001953125,6255.41015625,6273.35986328125,66019200,-0.0002804953056912973,0.006355267613073368,25.37072606167757,66.36330229392381,73.82546391197879,91.6784761544331,0.00862771391986787,1
2021-04-28,6306.97998046875,6306.97998046875,6320.10986328125,6283.6201171875,6293.2099609375,69450200,0.005295104703525455,0.0031668419162935724,25.607895522967237,68.1261628910201,81.41081559391695,118.73676232688435,0.008680665697207697,0
2021-04-29,6302.56982421875,6302.56982421875,6352.35986328125,6287.43994140625,6341.1201171875,78833300,-0.0006992500790643508,0.0009338053591989581,26.025747548386533,67.63085252748795,80.40102340741952,119.3765055822671,0.008659575023238664,0
2021-04-30,6269.47998046875,6269.47998046875,6320.14013671875,6268.85986328125,6316.31982421875,80057800,-0.005250214543097376,0.016929157712033183,26.206114232764158,63.95822389403003,75.21071937562012,79.1823489942767,0.008448836924189749,1
2021-05-03,6307.89990234375,6307.89990234375,6314.919921875,6252.66015625,6285.509765625,49980000,0.006128087496042545,0.01567495643989103,26.190651068758353,66.20142736987921,70.33435530522135,79.34838695799333,0.008678337501235516,0
2021-05-04,6251.75,6251.75,6355.8701171875,6238.7900390625,6319.490234375,85369200,-0.008901520825161935,-0.0024779147714183436,26.439872790141003,60.41663300000242,61.40286519108639,60.69766222940793,0.005782263107328938,0
2021-05-05,6339.47021484375,6339.47021484375,6339.47021484375,6275.14013671875,6284.5400390625,83862000,0.014031305609429445,0.013028292729057256,26.67663342545452,65.38998737939635,72.62409056075147,103.757511577764,0.006833117146660278,1
2021-05-06,6357.08984375,6357.08984375,6377.580078125,6321.72021484375,6348.89990234375,86375500,0.00277935352783798,0.012998098000624791,27.137017834362826,66.28561078552774,77.04119969099732,145.02244153423052,0.006384691203049807,1
2021-05-07,6385.509765625,6385.509765625,6390.0400390625,6342.3701171875,6388.919921875,78606600,0.004470586789478981,0.017812285483466805,27.6481371543337,67.70456171583687,93.59648749170265,162.38924931604635,0.006358703323874964,1
2021-05-10,6385.990234375,6385.990234375,6395.60009765625,6367.0400390625,6395.3798828125,76551300,7.524360115884754e-05,0.01252743058499095,28.167185406419854,67.72873227893572,94.82830467165196,162.76881945938223,0.00638060686277457,0
2021-05-11,6267.39013671875,6267.39013671875,6324.31005859375,6226.10986328125,6314.27001953125,100699500,-0.018571919671571124,-0.005581800516483937,27.128567839512392,56.702139696079655,72.74588873231443,-16.660733425395335,0.009082041768950841,0
2021-05-12,6279.35009765625,6279.35009765625,6299.240234375,6233.9599609375,6259.6298828125,80897700,0.0019082840985804594,0.001574311939466888,26.141881150950304,57.43769383284757,50.523055912319734,-27.281527582993558,0.00892170889701799,1
2021-05-13,6288.330078125,6288.330078125,6303.7001953125,6150.43017578125,6219.72998046875,64872900,0.001430081191380328,-0.003102431002666828,25.148151531426723,58.00159504709287,37.41518874442393,-74.45342783842983,0.0089392458226734,0
2021-05-14,6385.14013671875,6385.14013671875,6385.669921875,6301.18994140625,6335.81982421875,66935700,0.015395193539620378,0.02133644766965248,24.194505021704366,63.49071467301224,61.13074293761923,117.02448766369582,0.00996584826496198,0
2021-05-17,6367.35009765625,6367.35009765625,6410.2099609375,6349.330078125,6397.22021484375,62538700,-0.002786162665435632,0.004397825349383266,23.454362127239467,61.92515433657277,78.4939048422617,128.4313478556901,0.009941747140939565,0
2021-05-18,6353.669921875,6353.669921875,6412.91015625,6343.5498046875,6406.18017578125,74129300,-0.0021484880792538297,-0.0005379697249933146,22.70375757875669,60.713343271591356,85.55520695809541,106.32944206444849,0.00941090705963875,0
2021-05-19,6262.5498046875,6262.5498046875,6310.490234375,6192.330078125,6292.0498046875,92757600,-0.014341336315533693,-0.019256091596543845,22.19235396416945,53.388259952011396,67.88251031785133,-82.9714393462535,0.009542220046227502,0
2021-05-20,6343.580078125,6343.580078125,6343.580078125,6267.5498046875,6296.25,68528400,0.012938862917600824,-0.00664112450747445,21.467281337185465,58.11827390729903,64.57753164458848,17.205772602845112,0.010502951434913546,0
2021-05-21,6386.41015625,6386.41015625,6402.10009765625,6351.9501953125,6360.8798828125,75862000,0.00675172025851678,0.018990363921012055,20.404501733351886,60.35656390072941,68.73533881862271,110.36658769496123,0.010638664362396225,1
2021-05-24,6408.490234375,6408.490234375,6408.490234375,6382.7099609375,6395.9599609375,34996500,0.00345735359690158,0.02056584434859765,19.43659361219067,61.47387782814587,87.26887033175274,124.48693427052352,0.010692643917876775,0
2021-05-25,6390.27001953125,6390.27001953125,6422.830078125,6390.27001953125,6416.60986328125,59097400,-0.0028431368664677548,0.01621097177466324,18.612941534300898,60.004884546810864,92.08901589151907,110.5369928933117,0.008529248912073299,1
2021-05-26,6391.60009765625,6391.60009765625,6413.72021484375,6375.14013671875,6403.9501953125,58338700,0.0002081411459819993,0.0010117179575044322,17.722026096437695,60.07819053783072,91.63276703043651,88.13721263612383,0.008547678569536659,1
2021-05-27,6435.7099609375,6435.7099609375,6467.72021484375,6379.830078125,6379.830078125,0,0.006901223888744923,0.01073599884297427,17.23942231057934,62.478917809036766,88.83118932704126,120.56501007243878,0.008694758912411692,1
2021-05-28,6484.10986328125,6484.10986328125,6493.72021484375,6448.8701171875,6453.1201171875,64752500,0.007520522621050407,0.020529858020662983,16.94567049627366,64.9157728261338,91.8823731726548,163.98387851965452,0.00767968630853072,0
2021-05-31,6447.169921875,6447.169921875,6496.31982421875,6441.759765625,6483.31982421875,41777500,-0.00569699499008125,0.02948002378349357,16.60975022182174,61.696604330879275,90.96738936825172,133.50764090733298,0.0079145433049273,1
2021-06-01,6489.39990234375,6489.39990234375,6521.56982421875,6464.7099609375,6470.419921875,61099200,0.006550157818155933,0.022986991954525804,16.45565242854882,63.85364840380836,91.44097803693133,155.70142972931234,0.007974292345174726,1
2021-06-02,6521.52001953125,6521.52001953125,6521.81982421875,6482.10009765625,6489.89990234375,55390700,0.004949628266228245,0.02115583872248261,16.310915578301326,65.41307978450723,92.34380935039951,156.48504018721613,0.005489080252665449,0
2021-06-03,6507.919921875,6507.919921875,6522.22998046875,6473.669921875,6518.580078125,55257300,-0.0020854183711035423,0.015515306080465141,16.09725416646882,64.17902004847934,95.63447899479316,128.53921993535462,0.004806733462384255,1
2021-06-04,6515.66015625,6515.66015625,6517.93017578125,6497.39013671875,6514.27001953125,51796200,0.0011893561180713608,0.01962204043577298,15.894275825227936,64.57934863956604,97.85995079586779,119.52607229759026,0.004585996373550783,1
2021-06-07,6543.56005859375,6543.56005859375,6560.39013671875,6485.7998046875,6509.97998046875,57848800,0.004281976296290901,0.023774948153158393,16.007746967123452,66.02021829893548,96.36606615261518,120.39748006220306,0.00462208376040918,1
2021-06-08,6551.009765625,6551.009765625,6574.2099609375,6540.7099609375,6545.68994140625,65450600,0.0011384792016184697,0.017915630969594476,16.21090222971298,66.40433597096349,95.29015129853356,126.40425852866186,0.0043101567788326935,1
2021-06-09,6563.4501953125,6563.4501953125,6570.81982421875,6533.3701171875,6561.93017578125,61452400,0.0018990094859541173,0.012236117787045142,16.32668747762972,67.05890332139126,94.34027904248133,114.10351664939996,0.004243089142763037,0
2021-06-10,6546.490234375,6546.490234375,6574.58984375,6526.22998046875,6574.58984375,75224400,-0.00258400085820909,0.015405257454594201,16.359650180312208,65.2349353525276,91.16830425494932,98.75439278528572,0.004251010472131784,1
2021-06-11,6600.66015625,6600.66015625,6607.60986328125,6549.830078125,6550.2998046875,68896800,0.00827465098634983,0.017144921807957347,16.637975204328537,68.14773637516164,92.69361463116955,118.87903793611143,0.004370430307704385,1
2021-06-14,6616.35009765625,6616.35009765625,6650.16015625,6599.27001953125,6625.5498046875,64515600,0.002377026090548462,0.014541100516596517,17.193963258576854,68.94113753296482,90.20941624817965,135.38338527347761,0.0034904516420941876,1
2021-06-15,6639.52001953125,6639.52001953125,6655.66015625,6634.4501953125,6643.419921875,67447800,0.0035019189633280767,0.020221529956738316,17.75849212835139,70.09889966626007,92.95511316543791,138.8279737864117,0.003230483966097692,1
2021-06-16,6652.64990234375,6652.64990234375,6659.3798828125,6632.35986328125,6657.52001953125,69886300,0.0019775349383504004,0.02102469171329413,18.320223092508332,70.74930289913729,92.92077135286097,136.77544248951955,0.0030928278272064624,1
2021-06-17,6666.259765625,6666.259765625,6674.3701171875,6631.6298828125,6636.7001953125,70681800,0.0020457807762370717,0.01875121584161321,18.95783278400054,71.42743462559508,95.85643916254293,133.31393884151987,0.0027430594157235723,0
2021-06-18,6569.16015625,6569.16015625,6687.2900390625,6560.1201171875,6657.22998046875,170613700,-0.014565830433986404,0.002770624876830441,18.72342155048076,60.83550523552569,80.11593817259346,76.59069587098924,0.006051547913309114,1
2021-06-21,6602.5400390625,6602.5400390625,6607.990234375,6511.93017578125,6525.02978515625,78939300,0.005081301417311668,0.005955685285448986,18.024476145846553,62.83005842642459,67.92237357138933,40.39827319883336,0.006107165005690057,1
2021-06-22,6611.5,6611.5,6622.2001953125,6583.5,6609.97998046875,65102500,0.0013570475732809228,0.009930476224288887,17.480598676929077,63.357334249866476,57.25830084018215,66.67259130116062,0.006108446302396679,0
2021-06-23,6551.06982421875,6551.06982421875,6619.02001953125,6551.06982421875,6616.72998046875,70376800,-0.009140161201126817,-0.0075129352000185,16.657864415285076,57.56045402557568,52.413840940154806,24.547949735166007,0.006865721252392617,0
2021-06-24,6631.14990234375,6631.14990234375,6639.830078125,6572.81005859375,6576.06982421875,74425300,0.012223969561269366,0.0022368533207972607,16.060129092987612,62.36386233175102,56.35076408217417,68.7548853315466,0.007817528759012872,0
2021-06-25,6622.8701171875,6622.8701171875,6641.89990234375,6604.85986328125,6637.68017578125,0,-0.0012486198137857674,-0.002507696685117522,15.510743440131137,61.604995311928654,55.93177902004242,73.60394379243584,0.007446535470140668,0
2021-06-28,6558.02001953125,6558.02001953125,6633.72998046875,6556.8798828125,6611.990234375,63796100,-0.009791841982217497,-0.014224389408972415,14.93539979737615,55.98809957592696,53.89490135810877,9.445524851299265,0.00805029772037285,0
2021-06-29,6567.43017578125,6567.43017578125,6599.8798828125,6561.08984375,6564.06982421875,61812500,0.001434908131108914,-0.014825343343709996,14.388823336758913,56.59261399169401,40.39878931995311,-8.863177173717467,0.007951908534958462,0
2021-06-30,6507.830078125,6507.830078125,6575.83984375,6474.43017578125,6562.169921875,88781800,-0.009075101837555555,-0.009336060724086548,14.577035327485067,51.84505458716036,24.541079487802943,-111.77302176051987,0.008245116588902134,0
2021-07-01,6553.81982421875,6553.81982421875,6588.14013671875,6502.0498046875,6549.81982421875,69789700,0.0070668326526128755,-0.007379010889068005,14.628542817796196,54.917002664459076,28.212301952927742,-68.71302398096175,0.008672057036979004,0
2021-07-02,6552.85986328125,6552.85986328125,6582.7900390625,6540.1201171875,6572.0,57451500,-0.00014647350144603166,-0.008869414916244378,14.677474933591771,54.84013557450414,29.944464452432346,-56.57225056703176,0.007393281394362513,0
2021-07-05,6567.5400390625,6567.5400390625,6582.8701171875,6520.3798828125,6545.97998046875,45905300,0.0022402700633825656,0.0025141259802881066,14.879674600387256,55.8352286179695,39.29489811601218,-64.82148185744282,0.007219309010632175,0
2021-07-06,6507.47998046875,6507.47998046875,6561.509765625,6483.2001953125,6551.0,72349800,-0.009144985525253557,-0.018649845606911963,15.348817519830112,50.995980422146474,32.03819206292041,-137.25625827286848,0.007667807107239332,0
2021-07-07,6527.72021484375,6527.72021484375,6550.9501953125,6497.75,6529.490234375,82080600,0.003110302979916657,-0.01436686823992206,15.794503293300824,52.45767356019321,28.101384680202262,-113.36395285209977,0.007291218752287614,0
2021-07-08,6396.72998046875,6396.72998046875,6483.31982421875,6348.64013671875,6479.39990234375,110791300,-0.02006676604752977,-0.024594319410758514,17.098393639819573,43.59845561697601,18.98673397062426,-269.83417474518825,0.008205194431689936,0
2021-07-09,6529.419921875,6529.419921875,6532.56005859375,6429.669921875,6435.2900390625,84934900,0.02074340198998459,-0.0057876906017853,17.80663707020241,52.205260142014055,34.35952638980434,-111.92952236336154,0.011269276639437492,0
2021-07-12,6559.25,6559.25,6567.97998046875,6479.5400390625,6525.10986328125,61855900,0.004568564816158194,0.007901239162319218,18.127765112400176,53.87103919900008,49.95337964288806,-49.00417195141419,0.01098728431032786,0
2021-07-13,6558.47021484375,6558.47021484375,6569.3701171875,6536.4501953125,6561.740234375,62056500,-0.00011888328029119322,0.000709569495306317,18.419115848169717,53.81942451024678,68.33756246572848,-15.034523547740902,0.010976867817173375,0
2021-07-14,6558.3798828125,6558.3798828125,6565.2001953125,6530.91015625,6533.7998046875,0,-1.3773338643163768e-05,0.0008423832717958657,18.73080960420064,53.813137423110895,71.62929268038194,-13.8851129937203,0.010516377667078865,0
2021-07-15,6493.35986328125,6493.35986328125,6554.7900390625,6471.06982421875,6538.41015625,0,-0.009914036803761128,-0.011294971228198114,19.38302910215219,49.43743227320012,64.61129943561836,-85.07095400113487,0.010764345207805427,0
2021-07-16,6460.080078125,6460.080078125,6526.759765625,6418.25,6524.9501953125,0,-0.005125202646543703,-0.007283910589969356,20.27804811018155,47.362498889597035,55.54632933336802,-134.2524730415866,0.010841804052384869,0
2021-07-19,6295.97021484375,6295.97021484375,6403.509765625,6253.25,6398.83984375,0,-0.025403688699921156,-0.03550244072547881,21.78616905928738,38.889916073722524,35.95845036176885,-288.4988952559634,0.013106194601479626,0
2021-07-20,6346.85009765625,6346.85009765625,6386.4599609375,6304.85009765625,6325.16015625,82160100,0.008081341092202488,-0.007797715858696375,23.21888396093792,42.26077060664334,28.353998633445837,-201.9088317340059,0.013500894384010568,0
2021-07-21,6464.47998046875,6464.47998046875,6471.64990234375,6381.93994140625,6382.35986328125,82556600,0.01853358453446674,-0.009945744366767872,23.773945450072915,49.09425054070678,34.929611579622495,-80.86234430961352,0.014999848401754726,0
2021-07-22,6481.58984375,6481.58984375,6525.2099609375,6474.0498046875,6498.31005859375,58412300,0.002646750138130871,-0.01183979208750996,23.856525328780723,50.00028299815235,53.76866179922305,-14.870926138395564,0.013405183966701185,0
2021-07-23,6568.81982421875,6568.81982421875,6574.85986328125,6510.27001953125,6518.60009765625,56119000,0.013458114840892543,0.001578052356108195,23.554348118644217,54.35963245062594,77.15947590003151,59.029509863173345,0.012397182371728759,1
2021-07-26,6578.60009765625,6578.60009765625,6588.08984375,6517.0498046875,6532.009765625,0,0.0014888935454495655,0.0030831112569036367,23.168675892990752,54.824488866527275,88.18715271040371,73.44314099869314,0.012327667095706082,0
2021-07-27,6531.919921875,6531.919921875,6578.0400390625,6516.56982421875,6565.18994140625,60870400,-0.007095761269617307,0.005938383118391455,22.80497550060142,52.15561150153685,92.83755344785578,53.17824158915265,0.012553352516087756,1
2021-07-28,6609.31005859375,6609.31005859375,6609.31005859375,6530.740234375,6547.47021484375,55290600,0.011847992266343477,0.02310032982006982,22.216247022169934,55.901917585522355,93.46357478116482,96.72659119890642,0.013133998040984536,1
2021-07-29,6633.77001953125,6633.77001953125,6671.1201171875,6633.77001953125,6647.080078125,94988900,0.0037008342354427626,0.05365333588953192,21.211081451751205,57.02153511269839,91.42887730659716,156.88234248662437,0.012588329952417775,0
2021-07-30,6612.759765625,6612.759765625,6648.2001953125,6596.990234375,6608.16015625,97436800,-0.0031671664595533944,0.04189632083274586,20.490599917683813,55.741907086816354,92.36521546751298,117.98608899846423,0.012476230387644869,1
2021-08-02,6675.89990234375,6675.89990234375,6690.7998046875,6639.31005859375,6657.9501953125,72373600,0.009548227813592991,0.03270486141402973,19.511509164296616,58.675520244713574,91.23011403188771,154.4348897263607,0.007861014533491301,1
2021-08-03,6723.81005859375,6723.81005859375,6749.8798828125,6688.1201171875,6692.60009765625,76009700,0.007176583973822037,0.037370494073659444,18.866593342482783,60.75335565143431,92.45973426858372,174.8459977135206,0.007838347694813461,1
2021-08-04,6746.22998046875,6746.22998046875,6766.60986328125,6730.60009765625,6751.14990234375,68209400,0.00333440737909374,0.027007919382398438,18.35541844233438,61.70191329517119,95.79181571748211,168.81519771874179,0.006448172736875304,1
2021-08-05,6781.18994140625,6781.18994140625,6788.68994140625,6750.85986328125,6750.85986328125,62368500,0.005182147812736071,0.030795281783760675,18.00369659753997,63.16326764108662,96.46001137961686,166.40833037258676,0.006426019199893116,1
2021-08-06,6816.9599609375,6816.9599609375,6832.93994140625,6763.009765625,6772.490234375,67227300,0.005274888307262415,0.043638017990379474,17.927771009564253,64.6173642842564,97.20112808548375,156.55964322145977,0.005637925486234449,0
2021-08-09,6813.18017578125,6813.18017578125,6832.77001953125,6806.97998046875,6818.5400390625,47885100,-0.0005544678533992986,0.030845900007735017,17.85564170098732,64.33488731149802,97.06398779050487,138.9789194300839,0.00576376371599797,1
2021-08-10,6820.2099609375,6820.2099609375,6833.1201171875,6811.77001953125,6817.6298828125,48652800,0.0010317920522986412,0.02810467364067959,17.78924956144292,64.63752830622238,96.33241369338043,120.82751373469887,0.0045436440867825155,1
2021-08-11,6857.990234375,6857.990234375,6867.10986328125,6821.2099609375,6840.27978515625,54453800,0.0055394589981665465,0.03708443636872727,17.933029305672726,66.25733423578902,96.48919107262964,117.76015670382068,0.0037544058362690346,1
2021-08-12,6882.47021484375,6882.47021484375,6891.2900390625,6854.990234375,6861.43994140625,53045300,0.0035695560407837945,0.03094269170025732,18.21157339723785,67.27959434885125,97.16506225338163,115.98508598168372,0.0037546580196436558,1
2021-08-13,6896.0400390625,6896.0400390625,6913.669921875,6885.64013671875,6888.47998046875,49869700,0.0019716502643896128,0.025614938400679854,18.60504798286235,67.84796293847616,96.88365641284933,113.30983027339954,0.002983881703074935,0
2021-08-16,6838.77001953125,6838.77001953125,6863.740234375,6817.43017578125,6849.68017578125,49720100,-0.008304768998852241,0.013717296820656255,18.363935214462348,62.98731683064162,91.21564418064025,79.05647638642232,0.004425805714555435,0
2021-08-17,6819.83984375,6819.83984375,6827.490234375,6789.10986328125,6812.419921875,56251300,-0.002768067317249434,0.005699575248254263,17.90226345373798,61.45544900169411,82.1237696930627,59.23898888891643,0.004355499833647185,0
2021-08-18,6770.10986328125,6770.10986328125,6828.330078125,6759.740234375,6824.64013671875,55662800,-0.0072919572318586034,-0.006872579261827827,17.230534000397814,57.58285960323201,68.49269162804943,39.658968074606925,0.005075403418900364,0
2021-08-19,6605.89013671875,6605.89013671875,6671.169921875,6560.740234375,6665.1201171875,96566200,-0.0242565822237496,-0.03042485795390415,17.365626656441346,47.23621410528682,45.943554920654385,-73.49165740453435,0.008995013190717754,0
2021-08-20,6626.10986328125,6626.10986328125,6633.18994140625,6567.93017578125,6602.9501953125,66755800,0.003060863281711068,-0.028459548718873906,17.493964679682705,48.43701428987057,28.660665074605024,-80.08516339746141,0.008805473874765452,0
2021-08-23,6683.10009765625,6683.10009765625,6699.31982421875,6657.14013671875,6699.31982421875,56007000,0.00860085865627025,-0.025501660215573096,17.141007328248833,51.69836981621475,21.994881018262316,-39.528010078208276,0.00951248953462356,0
2021-08-24,6664.31005859375,6664.31005859375,6717.77001953125,6634.68994140625,6717.77001953125,48958200,-0.002811575285112,-0.03169794411597793,16.92894147122634,50.58789095426559,27.512497694152373,-53.655647747212875,0.00945905203109941,0
2021-08-25,6676.47998046875,6676.47998046875,6684.2099609375,6667.25,6683.18017578125,48823600,0.0018261338034994967,-0.031838570737706795,16.727478907054977,51.30105510056922,32.26983028961447,-57.77288497424642,0.009187441789745957,0
2021-08-26,6666.02978515625,6666.02978515625,6673.93994140625,6618.68994140625,6646.3701171875,50801600,-0.001565225289833938,-0.025258962339961832,16.80556339880714,50.640412828104395,30.657581627006092,-77.29567753450948,0.008942021536537007,0
2021-08-27,6681.919921875,6681.919921875,6682.14990234375,6644.68017578125,6658.27001953125,43959300,0.0023837482325888004,-0.020223337356139792,16.815323177279602,51.63726449830784,32.320789522228374,-67.81262736502154,0.008969175703672963,0
2021-08-30,6687.2998046875,6687.2998046875,6697.52001953125,6675.31982421875,6690.27978515625,37296500,0.000805140270371707,-0.012231715624421935,16.70166524367322,51.98286695800802,33.34269507470947,-54.65557327384833,0.008845005391033988,0
2021-08-31,6680.18017578125,6680.18017578125,6708.14013671875,6650.89990234375,6692.85009765625,96775900,-0.0010646492776141825,0.011246030061802026,16.738755377068294,51.470495121582104,34.679164360819044,-57.38099071046007,0.008849286962092074,1
2021-09-01,6758.68994140625,6758.68994140625,6784.66015625,6730.169921875,6736.43994140625,75866000,0.011752641928676422,0.020008735270101052,16.182634270633777,56.45277607810045,41.929902232060506,7.555448288758184,0.009608114139903007,1
2021-09-02,6763.080078125,6763.080078125,6778.330078125,6747.169921875,6753.18017578125,56090600,0.0006495543895059797,0.011967497014865769,15.654319219520985,56.71435156404754,52.2362735953659,12.257927498991336,0.004560344835791498,0
2021-09-03,6689.990234375,6689.990234375,6758.3798828125,6667.39013671875,6758.3798828125,63290200,-0.010807182955944405,0.0038533885061566853,15.644224345251128,51.31280971831709,57.05597888416006,-32.13741376737295,0.0061547264293638415,1
2021-09-06,6743.5,6743.5,6756.39990234375,6700.4501953125,6704.35009765625,41892000,0.00799848187371821,0.010038226689409457,15.634634214694765,54.641946170092254,61.1262764132374,-4.981801037182314,0.006074240244844107,0
2021-09-07,6726.06982421875,6726.06982421875,6749.14013671875,6721.35009765625,6731.35986328125,48024800,-0.0025847372701490734,0.009006866305367511,15.625523590666223,53.39017951729107,63.478083551309986,-2.277242288053585,0.006059175124502751,0
2021-09-08,6668.89013671875,6668.89013671875,6712.0498046875,6628.97998046875,6688.83984375,68566500,-0.00850120337646687,-0.0019500061821443593,16.138400405047033,49.4762717250837,62.90533633569592,-55.546744140013644,0.006733791567670957,0
2021-09-09,6684.72021484375,6684.72021484375,6708.330078125,6605.08984375,6618.81982421875,63555000,0.0023737200344386977,-0.0003857446083008753,16.746057538151167,50.53304557203139,54.92083118575054,-54.3926375965577,0.0067533035090460184,0
2021-09-10,6663.77001953125,6663.77001953125,6722.72998046875,6651.06005859375,6707.330078125,70636600,-0.00313404220957203,-0.0024565439581247794,17.1937487291872,49.102275979887914,41.202117036319315,-33.57729424746448,0.00678950249760111,0
2021-09-13,6676.93017578125,6676.93017578125,6722.0,6670.85009765625,6688.77001953125,61573900,0.0019748815177336176,-0.012096984228276098,17.619055360671428,50.0376524239552,39.00995214270176,-10.901968107732527,0.006819733758985758,0
2021-09-14,6652.97021484375,6652.97021484375,6677.06982421875,6613.52001953125,6672.18994140625,63626300,-0.0035884695970624936,-0.016281023144675943,18.327074134863004,48.33528309005902,33.11625335363643,-77.73286282640592,0.0069041688079520625,0
2021-09-15,6583.6201171875,6583.6201171875,6659.27001953125,6577.02001953125,6654.830078125,81904200,-0.010423930277264737,-0.015899891249607667,19.17701652082169,43.79560784622577,23.283092674016114,-155.49760495233295,0.0060847086471202605,0
2021-09-16,6622.58984375,6622.58984375,6663.41015625,6612.16015625,6613.7099609375,79574500,0.0059191942835163935,-0.01792988155260622,19.94272246431398,46.75366728899244,17.263006471919578,-104.53494497482583,0.006603858416075413,0
2021-09-17,6570.18994140625,6570.18994140625,6697.080078125,6551.6201171875,6679.4501953125,214025500,-0.007912297693205561,-0.023175477936791422,20.95417968613571,43.51230034344351,11.031224956888495,-161.52374776219526,0.0062316128297132305,0
2021-09-20,6455.81005859375,6455.81005859375,6471.08984375,6389.6201171875,6450.39013671875,120069400,-0.01740891569841263,-0.0319513552865095,22.502306049674722,37.533344495414894,15.556766807967811,-358.352841335482,0.006937733358341337,0
2021-09-21,6552.72998046875,6552.72998046875,6570.1298828125,6513.75,6513.75,136740400,0.015012821163470136,-0.019745064884227892,23.12105883526865,44.353453588278626,22.228534684500094,-154.30793244779596,0.009269248462814437,0
2021-09-22,6637.0,6637.0,6642.31005859375,6595.93017578125,6612.10009765625,91076800,0.012860291784100308,-0.0040172484123534025,23.174565927439595,49.40883769186248,41.93379501797504,-44.07343247799128,0.010168053745638096,0
2021-09-23,6701.97998046875,6701.97998046875,6718.7998046875,6667.35986328125,6691.080078125,82926000,0.009790565084940583,0.0037516948699509722,22.721171480351817,52.88319628488943,64.73630557815939,43.49475920726322,0.010654376636208975,0
2021-09-24,6638.4599609375,6638.4599609375,6678.64990234375,6625.43017578125,6675.72998046875,70090500,-0.009477799055855662,-0.0021810189190198948,22.482668312390484,49.392827525532674,73.82051160394182,-16.212463925830786,0.011063173993822142,0
2021-09-27,6650.91015625,6650.91015625,6688.759765625,6647.080078125,6683.85009765625,89455000,0.001875464397730786,0.010220826515617176,22.18984744625596,50.0727095368344,77.60561330516889,3.804482252305963,0.01106092168556926,0
2021-09-28,6506.5,6506.5,6643.580078125,6491.419921875,6634.72021484375,117799600,-0.021712841228849644,-0.01752937241909347,22.553677054317347,43.01673660867573,60.91384909549456,-122.05605013317039,0.012972888372800218,0
2021-09-29,6560.7998046875,6560.7998046875,6590.81005859375,6538.10986328125,6549.41015625,86064200,0.008345470635134022,-0.0014292032349889627,22.899315181975666,46.02703150514993,54.97181460031555,-91.93015360742058,0.013000195617321558,0
2021-09-30,6520.009765625,6520.009765625,6621.75,6509.22998046875,6615.990234375,112651000,-0.006217235745153649,0.009944485114736334,23.015308926472958,44.181447107875904,41.90164964589081,-94.99639981118625,0.012924397419028476,0
2021-10-01,6517.68994140625,6517.68994140625,6535.4599609375,6412.7001953125,6421.10009765625,94022900,-0.0003558007276278641,-0.005347395538491839,23.48915997695936,44.0756443555363,43.174403487570565,-141.70704972239588,0.012726206385276185,0
2021-10-04,6477.66015625,6477.66015625,6540.9599609375,6452.77978515625,6484.89990234375,73993600,-0.006141713631074186,-0.024007811322886874,23.900899632147986,42.23839131751205,34.96004531826021,-122.52983843347563,0.011527673487096582,0
2021-10-05,6576.27978515625,6576.27978515625,6577.2900390625,6481.72021484375,6481.72021484375,86146000,0.015224575931340967,-0.018755680512150374,24.036764706092576,47.873301791188176,40.78517463707923,-58.014744216470135,0.01155765840060557,0
2021-10-06,6493.1201171875,6493.1201171875,6510.47021484375,6421.64013671875,6509.60009765625,98813600,-0.01264539689391786,-0.021893608548551824,24.397755682332104,44.05824739151347,38.29718958901942,-114.99352014141598,0.011318907018673857,0
2021-10-07,6600.18994140625,6600.18994140625,6616.52978515625,6545.740234375,6563.240234375,91000400,0.016489734101073017,-0.007626056231730516,24.050878626166494,49.51121605332642,50.70477829199795,1.28504593777832,0.012261889264364563,0
2021-10-08,6559.990234375,6559.990234375,6617.33984375,6559.990234375,6609.509765625,70183900,-0.006090689417748041,0.008221045781142022,23.716386576655825,47.67460892433416,47.84272651112149,-2.4413874957577035,0.012060987684063086,1
2021-10-11,6570.5400390625,6570.5400390625,6574.22021484375,6522.5498046875,6546.06982421875,68968500,0.0016082043281433478,0.0014846108195589736,23.561658229588424,48.205365485377826,54.55041604924346,-22.96250495858328,0.012053899528373137,0
2021-10-12,6548.10986328125,6548.10986328125,6548.10986328125,6491.580078125,6495.14990234375,69996000,-0.003413749196854554,0.004309824473638146,23.546495226240786,47.13533984726519,47.97344146466484,-49.93485074613076,0.009755119023940547,1
2021-10-13,6597.3798828125,6597.3798828125,6606.35986328125,6510.27001953125,6539.60986328125,75938000,0.007524311680769724,0.012226715618978368,23.15181268248649,49.716137109024274,54.23349315825734,5.89425450114226,0.009686642664289006,1
2021-10-14,6685.2099609375,6685.2099609375,6692.93994140625,6618.7900390625,6651.18017578125,71368900,0.01331287263809311,0.032040860384940695,22.267751338423487,53.93589924975763,69.45909037072711,123.54137359277713,0.010119006859378492,1
2021-10-15,6727.52001953125,6727.52001953125,6746.81005859375,6703.259765625,6714.259765625,84105700,0.0063289049769525985,0.022997840620524457,21.168341441775592,55.816083040462274,86.12219468334486,170.15318465453478,0.010126423656656005,0
2021-10-18,6673.10009765625,6673.10009765625,6697.60009765625,6642.16015625,6697.2900390625,64526000,-0.008089150491861652,0.02771856630102021,20.402361697743064,52.89309289200766,89.80216632672023,95.54799201780423,0.010342871453555077,0
2021-10-19,6669.85009765625,6669.85009765625,6692.14013671875,6650.83984375,6690.9501953125,63597900,-0.0004870300089071522,0.010554265387574313,19.67468094091216,52.719536178382796,83.04350558342846,83.76641532339517,0.009437472316085643,1
2021-10-20,6705.60986328125,6705.60986328125,6715.52001953125,6636.60986328125,6636.60986328125,65963400,0.005361404694472105,0.022198147208084107,18.849715331345074,54.45059897549614,80.85758226319449,91.16138836782457,0.00806673858308003,0
2021-10-21,6686.169921875,6686.169921875,6699.2099609375,6658.9501953125,6673.14013671875,63926300,-0.0028990564322418644,0.017598231214644322,18.06599800225634,53.33320718092886,81.99519574994135,88.56711204996267,0.006755672789659059,1
2021-10-22,6733.68994140625,6733.68994140625,6765.4599609375,6716.14990234375,6720.919921875,65949700,0.007107210867582037,0.028341014735511205,17.382960883629078,55.67377698108836,86.59320147772797,131.14416653649178,0.006429300547501761,0
2021-10-25,6712.8701171875,6712.8701171875,6752.97998046875,6707.31982421875,6752.97998046875,58586000,-0.0030918893504030542,0.017505469811716523,16.68081300630806,54.415112388253114,85.60505979872606,109.23301547151249,0.006679659852771475,1
2021-10-26,6766.509765625,6766.509765625,6775.81982421875,6711.2099609375,6723.06005859375,79339600,0.007990568490244154,0.01216114455081363,16.144405141984763,57.04854648456672,90.72950271424013,115.25298974921944,0.0065942814189694715,0
2021-10-27,6753.52001953125,6753.52001953125,6771.18994140625,6731.85986328125,6755.6298828125,68739200,-0.0019197114234195123,0.003864722798968545,15.634817670877629,56.22062647173678,91.19446590657513,102.46633850802411,0.006599262385262215,1
2021-10-28,6804.22021484375,6804.22021484375,6804.22021484375,6750.77978515625,6750.77978515625,75981000,0.0075072251456831385,0.019649055951304062,15.34592273113779,58.68409186141964,96.29305146850407,115.39204210498765,0.005726417625613831,1
2021-10-29,6830.33984375,6830.33984375,6830.33984375,6748.52978515625,6778.7900390625,89550100,0.003838739500122035,0.024061971969976614,15.22201955819742,59.9075067240946,97.38485967169595,118.71228781857373,0.005558344381777441,1
2021-11-01,6893.2900390625,6893.2900390625,6908.64990234375,6859.43994140625,6870.27978515625,67294100,0.00921626108693574,0.02798853193189088,15.519762995827312,62.70886421543965,98.71480598093025,171.6463089097205,0.004883033902880968,1
2021-11-02,6927.02978515625,6927.02978515625,6933.35009765625,6879.68994140625,6883.06005859375,64187800,0.004894578046557685,0.03602359289332946,15.92357249781431,64.1231616570175,98.04505444198672,168.56259231172453,0.004717651119074018,1
2021-11-03,6950.64990234375,6950.64990234375,6955.10009765625,6917.75,6919.47021484375,65516400,0.003409847787592124,0.03222006995056126,16.412857176158163,65.09858864387584,97.5792949688867,168.0908456624927,0.004686168134086697,1
2021-11-04,6987.7900390625,6987.7900390625,6993.009765625,6962.009765625,6977.6201171875,76559800,0.005343404896026582,0.04095415479156972,17.05707697383502,66.60153988548191,98.37629894000055,170.67496991121817,0.004103667867710234,1
2021-11-05,7040.7900390625,7040.7900390625,7063.39990234375,6983.7998046875,6983.7998046875,79993700,0.007584658340294093,0.04053497045565346,17.974005958760277,68.63069639575322,97.28016552288814,172.22385407190018,0.004140890736642854,1
2021-11-08,7047.47998046875,7047.47998046875,7067.10009765625,7037.669921875,7041.60009765625,66513600,0.0009501691385673805,0.043526925231192726,18.860432296145667,68.88189951066833,96.22671769689691,155.65281096574978,0.003461477431628574,0
2021-11-09,7043.27001953125,7043.27001953125,7079.580078125,7016.72998046875,7023.580078125,71276900,-0.0005973711098389289,0.03513257906703271,19.515827057471732,68.5184369041976,93.83747241295117,132.36645320179753,0.003663849795838961,1
2021-11-10,7045.16015625,7045.16015625,7053.27001953125,7014.93994140625,7046.169921875,85630200,0.0002683606781379577,0.03145089664851275,20.122153892047923,68.59674754898508,92.52129121467733,110.59466152841384,0.0033185982900520755,1
2021-11-11,7059.5498046875,7059.5498046875,7072.6298828125,7032.35009765625,7038.83984375,74342900,0.0020424870575488363,0.024119072994585933,20.791646604813508,69.21051007125644,92.24692594123671,104.98684096969461,0.0031675992864228287,1
2021-11-12,7091.39990234375,7091.39990234375,7097.4599609375,7056.93017578125,7062.5400390625,64249000,0.004511632970575885,0.0237288018509354,21.546047838323823,70.55150111324886,94.6013788702257,105.11498576542027,0.00317811901310252,1
2021-11-15,7128.6298828125,7128.6298828125,7136.1298828125,7088.7099609375,7090.9599609375,64255100,0.005250018470463802,0.025606235815263112,22.439566071492603,72.04936875162318,97.06504645943342,111.05080242322688,0.0026204174175680625,1
2021-11-16,7152.60009765625,7152.60009765625,7164.27001953125,7136.2998046875,7146.3701171875,69021700,0.0033625276157966955,0.023585433688253943,23.41120589276495,72.98077402504936,97.92294486894347,115.49707473659392,0.002565310291694354,1
2021-11-17,7156.85009765625,7156.85009765625,7167.7998046875,7147.009765625,7149.2998046875,68243500,0.0005941895173746659,0.01648395392418256,24.349737533613858,73.14777566534818,97.57538986786267,108.33148772067985,0.002692614939184072,0
2021-11-18,7141.97998046875,7141.97998046875,7181.5498046875,7136.85986328125,7155.0498046875,75845600,-0.0020777460732857023,0.013409048377845068,25.30310590634655,71.51969711125656,94.09893046375417,98.4292410697599,0.00296295992602149,0
2021-11-19,7112.2900390625,7112.2900390625,7183.080078125,7068.43017578125,7172.72021484375,117988000,-0.004157102300404558,0.009799428296779045,25.48701515362462,68.32362565902903,87.25693593170742,76.41423855691164,0.0029132390180883344,0
2021-11-22,7105.0,7105.0,7143.60009765625,7087.669921875,7130.240234375,85214100,-0.0010249918131095548,0.008493752082685324,25.66172893853879,67.54348806314653,78.31829795224813,66.65298197416179,0.0029841948873651886,0
2021-11-23,7044.6201171875,7044.6201171875,7112.490234375,7002.56005859375,7064.3798828125,73747800,-0.008498224181914149,-0.0021148214706392388,25.042092471983835,61.42832833774992,61.53594278934457,27.304853572799658,0.004198975382840989,0
2021-11-24,7042.22998046875,7042.22998046875,7089.10986328125,6983.97998046875,7052.18017578125,75264400,-0.0003392853949524266,-0.006933739818952955,24.299215395986607,61.197459886478256,45.7538121413998,9.920872504695648,0.004199493025280805,0
2021-11-25,7075.8701171875,7075.8701171875,7079.490234375,7047.85986328125,7067.60986328125,57485800,0.004776915382208369,-0.007401108837506998,23.59348217378924,63.24406819459756,37.613898565823796,26.903777460493977,0.0044322700003467845,0
2021-11-26,6739.72998046875,6739.72998046875,6861.14990234375,6725.080078125,6814.89990234375,159605400,-0.04750513098060627,-0.05772308133412751,23.799249450503645,40.67742226205922,26.224001242626798,-248.90314414340483,0.015519020501045444,0
2021-11-29,6776.25,6776.25,6841.7900390625,6760.31005859375,6831.41015625,108062500,0.005418617605910336,-0.05317983365068524,23.99472836338233,43.00328492262911,20.17462459400987,-208.65748463156962,0.01553143405562721,0
2021-11-30,6721.16015625,6721.16015625,6780.8798828125,6655.85986328125,6679.02978515625,182689600,-0.008129842280022115,-0.058922011174712074,24.57721717703165,40.482977962882934,8.918970837075173,-223.0286028458438,0.01527143016302339,0
2021-12-01,6881.8701171875,6881.8701171875,6902.4599609375,6750.64990234375,6774.7998046875,101765800,0.02391104470082528,-0.032397430449190856,24.32650894386511,49.56055168329162,22.142175636729576,-118.19720944846327,0.01795105875897812,0
2021-12-02,6795.75,6795.75,6850.3701171875,6762.740234375,6794.77001953125,101894500,-0.012514057330494266,-0.04352568613652352,24.0883361223569,45.634465980135744,27.26252847503474,-123.852335546819,0.018144551493351136,0
2021-12-03,6765.52001953125,6765.52001953125,6872.7900390625,6730.6298828125,6860.72998046875,83342600,-0.004448365591546155,-0.03961889967285814,23.996928480040438,44.33669920827449,30.06716696905232,-109.98019397679204,0.018143627503791174,0
2021-12-06,6865.77978515625,6865.77978515625,6888.06982421875,6776.169921875,6810.93017578125,84991100,0.014819225327182828,-0.025056011490944607,23.809115629584834,49.3639306195334,29.049860754417466,-71.57172751639743,0.01917579487069636,0
2021-12-07,7065.39013671875,7065.39013671875,7066.9501953125,6934.68017578125,6934.68017578125,96223300,0.029073223699084494,-0.0014810871730522868,22.623432986916953,57.42273245390299,46.09777413906529,17.645282271313743,0.0215652857481831,0
2021-12-08,7014.56982421875,7014.56982421875,7104.06005859375,7014.56982421875,7064.1201171875,80200900,-0.007192852980033915,0.04077905858935971,21.67495432267227,55.07371870455628,61.84387021527573,28.408325157661995,0.02170360402755426,0
2021-12-09,7008.22998046875,7008.22998046875,7044.990234375,6983.330078125,7035.93017578125,64070600,-0.0009038107694232522,0.03423427123685663,20.61532854767349,54.77945477670037,72.6535647376992,13.616588787061298,0.021633702230036092,0
2021-12-10,6991.68017578125,6991.68017578125,7025.8798828125,6960.39013671875,6960.39013671875,63499000,-0.0023614813916813526,0.040249006606351,19.6765150803864,53.9868236648418,71.27552112953634,6.192852446103125,0.014238679989224208,0
2021-12-13,6942.91015625,6942.91015625,7029.3798828125,6929.1298828125,7004.759765625,75947300,-0.006975436276416946,0.00886968774810959,18.94207834588693,51.66777623489935,69.94456481600139,-3.1688553538728335,0.014613445582843597,0
2021-12-14,6895.31005859375,6895.31005859375,6993.2998046875,6891.33984375,6978.77001953125,88567300,-0.006855928794267996,0.014650341550785484,18.43067132054175,49.48395267737029,63.67102571343046,-19.561697986903788,0.014515439893414757,1
2021-12-15,6927.6298828125,6927.6298828125,6949.919921875,6904.93994140625,6923.52001953125,74220800,0.004687218405569515,0.02396118300045802,17.94483464646383,50.9652402169612,59.368597348625975,-13.485019551596507,0.012523945435267842,1
2021-12-16,7005.06982421875,7005.06982421875,7054.919921875,6987.9501953125,7054.919921875,101536900,0.01117841783066087,0.020287577437837934,17.197491008146905,54.34199381391491,63.991506829615844,45.20356542832582,0.011968210240379794,0
2021-12-17,6926.6298828125,6926.6298828125,7011.60986328125,6884.91015625,6982.06982421875,148484800,-0.011197595937596283,-0.01963943267408752,16.70343192494995,50.624863203407344,66.32081001052386,4.429614989582515,0.012614180742962257,0
2021-12-20,6870.10009765625,6870.10009765625,6872.75,6747.68994140625,6783.830078125,86311700,-0.008161225027559338,-0.02059566447876804,16.804532864120283,48.12749827283037,58.55832678794108,-62.34694575436971,0.01219196298687906,0
2021-12-21,6964.990234375,6964.990234375,6967.93017578125,6888.52001953125,6935.66015625,75487700,0.013812045730035472,-0.006169852618172489,16.41103636664293,52.28641590256392,53.506653289155004,18.65254616804761,0.008589169968714302,0
2021-12-22,7051.669921875,7051.669921875,7051.669921875,6963.7099609375,6982.52978515625,55611500,0.012445055137651373,0.00858016164720321,15.650748777028008,55.70152483958698,62.02592885582222,79.14735506728208,0.009329838344050215,1
2021-12-23,7106.14990234375,7106.14990234375,7119.8701171875,7049.919921875,7071.93017578125,54434100,0.007725826800223157,0.023511718057708464,15.098104615010891,57.70439925875398,81.68097905625505,127.74518661777739,0.009574596800565886,0
2021-12-24,7086.580078125,7086.580078125,7116.8798828125,7086.580078125,7091.60009765625,11954300,-0.002753927863567207,0.027739147029779643,14.57309266109463,56.73447381957956,91.11317320946709,122.05243470826096,0.009592650029221082,1
2021-12-27,7140.39013671875,7140.39013671875,7149.14013671875,7062.39990234375,7070.14013671875,34917800,0.007593233689668244,0.030711839042398825,14.213507149391432,58.741688441697754,95.06311828122432,124.64650675821534,0.009282195709910622,1
2021-12-28,7181.10986328125,7181.10986328125,7187.759765625,7141.669921875,7141.85009765625,36149600,0.0057027313329984786,0.02513037606761226,14.036126119365239,60.212040298740924,95.78823249738002,150.6145476544811,0.008651659815598272,0
2021-12-29,7161.52001953125,7161.52001953125,7201.64990234375,7137.35009765625,7179.10986328125,37481200,-0.002727968813033721,0.033911171910830484,13.926789599627705,59.144639010787344,95.8231132052324,133.01771119926084,0.008909956488646679,1
2021-12-30,7173.22998046875,7173.22998046875,7189.83984375,7156.7900390625,7167.52978515625,35427000,0.0016351222792876374,0.04412306640421626,13.822919905877049,59.59532788249053,94.46283023436122,127.3756051731782,0.008480419857237869,0
