Date,Adj Close,Close,High,Low,Open,Volume
2017-01-02,4882.3798828125,4882.3798828125,4896.009765625,4843.93017578125,4845.9599609375,34310400
2017-01-03,4899.330078125,4899.330078125,4929.60009765625,4896.10986328125,4904.77001953125,82609500
2017-01-04,4899.39990234375,4899.39990234375,4913.93994140625,4879.22998046875,4912.9501953125,77276800
2017-01-05,4900.64013671875,4900.64013671875,4905.83984375,4874.7900390625,4881.72021484375,88092000
2017-01-06,4909.83984375,4909.83984375,4911.490234375,4874.419921875,4885.18994140625,73709000
2017-01-09,4887.56982421875,4887.56982421875,4915.60009765625,4867.830078125,4915.35009765625,72709600
2017-01-10,4888.22998046875,4888.22998046875,4906.14990234375,4868.5,4894.4501953125,92809300
2017-01-11,4888.7099609375,4888.7099609375,4916.47998046875,4856.5,4890.0400390625,99652700
2017-01-12,4863.97021484375,4863.97021484375,4889.2099609375,4857.43994140625,4873.009765625,99417200
2017-01-13,4922.490234375,4922.490234375,4924.580078125,4883.06005859375,4889.4501953125,106285900
2017-01-16,4882.18017578125,4882.18017578125,4911.39013671875,4879.7998046875,4883.43017578125,71928500
2017-01-17,4859.68994140625,4859.68994140625,4889.16015625,4841.68017578125,4865.18994140625,87737000
2017-01-18,4853.39990234375,4853.39990234375,4875.740234375,4827.10986328125,4874.31005859375,88911500
2017-01-19,4841.14013671875,4841.14013671875,4867.580078125,4829.81982421875,4859.759765625,95638900
2017-01-20,4850.669921875,4850.669921875,4869.3798828125,4818.8798828125,4834.2998046875,117756800
2017-01-23,4821.41015625,4821.41015625,4842.97021484375,4800.39013671875,4816.97998046875,78546600
2017-01-24,4830.02978515625,4830.02978515625,4840.5,4816.72998046875,4831.9501953125,87954000
2017-01-25,4877.669921875,4877.669921875,4890.16015625,4854.5498046875,4865.08984375,114294300
2017-01-26,4867.240234375,4867.240234375,4901.06982421875,4855.759765625,4891.85986328125,94017900
2017-01-27,4839.97998046875,4839.97998046875,4867.31005859375,4829.7001953125,4867.31005859375,79429000
2017-01-30,4784.64013671875,4784.64013671875,4830.68994140625,4771.97998046875,4823.5,83384600
2017-01-31,4748.89990234375,4748.89990234375,4812.5498046875,4748.89990234375,4790.27978515625,98487800
2017-02-01,4794.580078125,4794.580078125,4823.81005859375,4782.60986328125,4786.85009765625,97905700
2017-02-02,4794.2900390625,4794.2900390625,4812.31005859375,4774.18017578125,4785.14013671875,98607300
2017-02-03,4825.419921875,4825.419921875,4847.47021484375,4803.91015625,4808.4599609375,80815700
2017-02-06,4778.080078125,4778.080078125,4841.169921875,4773.35009765625,4829.68017578125,76878800
2017-02-07,4754.47021484375,4754.47021484375,4787.93994140625,4750.02978515625,4762.169921875,83945400
2017-02-08,4766.60009765625,4766.60009765625,4790.2900390625,4733.81982421875,4768.0,102120800
2017-02-09,4826.240234375,4826.240234375,4831.31005859375,4769.85986328125,4793.009765625,100798200
2017-02-10,4828.31982421875,4828.31982421875,4845.4501953125,4815.669921875,4842.91015625,122653200
2017-02-13,4888.18994140625,4888.18994140625,4906.7099609375,4841.60009765625,4844.22021484375,102000800
2017-02-14,4895.81982421875,4895.81982421875,4897.89013671875,4878.7900390625,4887.22998046875,95785900
2017-02-15,4924.85986328125,4924.85986328125,4932.35009765625,4902.16015625,4910.56982421875,96447600
2017-02-16,4899.4599609375,4899.4599609375,4928.25,4890.47998046875,4925.5400390625,91475500
2017-02-17,4867.580078125,4867.580078125,4903.16015625,4843.009765625,4896.97021484375,102966800
2017-02-20,4864.990234375,4864.990234375,4901.41015625,4856.1201171875,4894.25,68415900
2017-02-21,4888.759765625,4888.759765625,4900.3798828125,4849.91015625,4865.89013671875,83739300
2017-02-22,4895.8798828125,4895.8798828125,4922.64013671875,4866.1201171875,4899.64990234375,99237500
2017-02-23,4891.2900390625,4891.2900390625,4916.43994140625,4880.490234375,4900.7998046875,107821600
2017-02-24,4845.240234375,4845.240234375,4890.10986328125,4806.490234375,4886.509765625,117178100
2017-02-27,4845.18017578125,4845.18017578125,4869.509765625,4833.77001953125,4864.1298828125,89282400
2017-02-28,4858.580078125,4858.580078125,4865.9501953125,4836.52978515625,4862.64990234375,96712700
2017-03-01,4960.830078125,4960.830078125,4970.64013671875,4897.47998046875,4897.47998046875,120246400
2017-03-02,4963.7998046875,4963.7998046875,4972.8798828125,4955.41015625,4965.27001953125,106837200
2017-03-03,4995.1298828125,4995.1298828125,5002.31982421875,4948.72021484375,4953.2998046875,105338700
2017-03-06,4972.18994140625,4972.18994140625,4985.240234375,4960.259765625,4983.9599609375,90426900
2017-03-07,4955.0,4955.0,4974.7900390625,4941.259765625,4974.7900390625,79830000
2017-03-08,4960.47998046875,4960.47998046875,4976.0400390625,4933.77001953125,4941.18017578125,82332500
2017-03-09,4981.509765625,4981.509765625,4988.6298828125,4939.8701171875,4950.52978515625,114473500
2017-03-10,4993.31982421875,4993.31982421875,5022.10009765625,4990.14990234375,4994.0,103802900
2017-03-13,4999.60009765625,4999.60009765625,5013.080078125,4986.06005859375,4997.8798828125,84024800
2017-03-14,4974.259765625,4974.259765625,5006.0498046875,4958.8798828125,5006.0498046875,91792700
2017-03-15,4985.47998046875,4985.47998046875,4989.2998046875,4966.0498046875,4980.0498046875,81890200
2017-03-16,5013.3798828125,5013.3798828125,5031.56982421875,5004.6201171875,5027.10009765625,113121800
2017-03-17,5029.240234375,5029.240234375,5037.85009765625,5001.39013671875,5006.7099609375,160166500
2017-03-20,5012.16015625,5012.16015625,5030.06005859375,5004.080078125,5008.080078125,64225900
2017-03-21,5002.43017578125,5002.43017578125,5054.91015625,4990.64013671875,5030.2001953125,93549600
2017-03-22,4994.7001953125,4994.7001953125,5005.06005859375,4953.56982421875,4969.10986328125,99409000
2017-03-23,5032.759765625,5032.759765625,5032.93994140625,4980.56005859375,4996.6201171875,89305600
2017-03-24,5020.89990234375,5020.89990234375,5027.18994140625,5003.580078125,5027.18994140625,68967900
2017-03-27,5017.43017578125,5017.43017578125,5017.8798828125,4971.06982421875,4975.08984375,94079200
2017-03-28,5046.2001953125,5046.2001953125,5048.10986328125,5008.669921875,5027.1298828125,85350200
2017-03-29,5069.0400390625,5069.0400390625,5073.22998046875,5044.419921875,5063.7001953125,86407300
2017-03-30,5089.64013671875,5089.64013671875,5090.919921875,5063.06982421875,5075.60986328125,73882900
2017-03-31,5122.509765625,5122.509765625,5122.509765625,5067.740234375,5077.2998046875,103369500
2017-04-03,5085.91015625,5085.91015625,5132.93017578125,5083.14013671875,5130.18017578125,81634900
2017-04-04,5101.1298828125,5101.1298828125,5101.1298828125,5076.35009765625,5087.60009765625,84044500
2017-04-05,5091.85009765625,5091.85009765625,5123.77978515625,5087.68017578125,5104.7099609375,84135600
2017-04-06,5121.43994140625,5121.43994140625,5126.740234375,5051.60986328125,5063.6201171875,88623600
2017-04-07,5135.27978515625,5135.27978515625,5135.27978515625,5098.0498046875,5104.72998046875,84781300
2017-04-10,5107.4501953125,5107.4501953125,5127.35986328125,5097.56005859375,5127.35986328125,70156500
2017-04-11,5101.85986328125,5101.85986328125,5119.18017578125,5068.25,5086.60986328125,93608500
2017-04-12,5101.10986328125,5101.10986328125,5142.81005859375,5093.97998046875,5114.5,100135100
2017-04-13,5071.10009765625,5071.10009765625,5090.47998046875,5062.31982421875,5090.47998046875,97291600
2017-04-18,4990.25,4990.25,5080.02978515625,4990.25,5078.25,140164900
2017-04-19,5003.72998046875,5003.72998046875,5011.330078125,4980.41015625,4987.2900390625,112517100
2017-04-20,5077.91015625,5077.91015625,5093.60009765625,4989.259765625,4992.47021484375,134681300
2017-04-21,5059.2001953125,5059.2001953125,5081.60986328125,5029.06005859375,5063.35986328125,165386200
2017-04-24,5268.85009765625,5268.85009765625,5295.47021484375,5228.5400390625,5267.8798828125,228792800
2017-04-25,5277.8798828125,5277.8798828125,5293.39013671875,5259.6298828125,5274.35986328125,115584900
2017-04-26,5287.8798828125,5287.8798828125,5296.52001953125,5270.31982421875,5272.85986328125,120017900
2017-04-27,5271.7001953125,5271.7001953125,5278.9599609375,5261.72998046875,5276.97021484375,113942900
2017-04-28,5267.330078125,5267.330078125,5287.85009765625,5265.35986328125,5267.66015625,122645300
2017-05-02,5304.14990234375,5304.14990234375,5305.9501953125,5274.2900390625,5284.8798828125,104617800
2017-05-03,5301.0,5301.0,5301.60986328125,5282.4501953125,5299.740234375,97848100
2017-05-04,5372.419921875,5372.419921875,5372.419921875,5304.4599609375,5309.39013671875,152534000
2017-05-05,5432.39990234375,5432.39990234375,5432.39990234375,5343.02001953125,5344.919921875,138533800
2017-05-08,5382.9501953125,5382.9501953125,5442.10009765625,5374.2001953125,5442.10009765625,116136600
2017-05-09,5398.009765625,5398.009765625,5413.60009765625,5394.1298828125,5404.14013671875,103174700
2017-05-10,5400.4599609375,5400.4599609375,5402.33984375,5377.75,5398.81005859375,100058200
2017-05-11,5383.419921875,5383.419921875,5409.990234375,5356.41015625,5409.89990234375,124960400
2017-05-12,5405.419921875,5405.419921875,5405.419921875,5375.47998046875,5386.7900390625,158409000
2017-05-15,5417.39990234375,5417.39990234375,5417.39990234375,5384.5400390625,5411.27001953125,97533000
2017-05-16,5406.10009765625,5406.10009765625,5417.169921875,5389.8701171875,5398.14990234375,95519900
2017-05-17,5317.89013671875,5317.89013671875,5394.8798828125,5297.43017578125,5375.83984375,118949500
2017-05-18,5289.72998046875,5289.72998046875,5322.7001953125,5238.509765625,5309.91015625,124719100
2017-05-19,5324.39990234375,5324.39990234375,5334.4501953125,5292.1201171875,5299.39990234375,108705400
2017-05-22,5322.8798828125,5322.8798828125,5339.41015625,5315.22998046875,5335.1201171875,73526700
2017-05-23,5348.16015625,5348.16015625,5368.8798828125,5314.47998046875,5317.1201171875,85536300
2017-05-24,5341.33984375,5341.33984375,5353.009765625,5326.58984375,5336.97998046875,79667800
2017-05-25,5337.16015625,5337.16015625,5366.7001953125,5323.10986328125,5360.97021484375,66254500
2017-05-26,5336.64013671875,5336.64013671875,5336.759765625,5282.419921875,5328.85986328125,76926600
2017-05-29,5332.47021484375,5332.47021484375,5335.77978515625,5316.68994140625,5327.72998046875,43001700
2017-05-30,5305.93994140625,5305.93994140625,5309.35986328125,5273.56005859375,5291.080078125,78126400
2017-05-31,5283.6298828125,5283.6298828125,5334.56982421875,5283.6298828125,5306.2099609375,143676300
2017-06-01,5318.669921875,5318.669921875,5327.60009765625,5287.990234375,5290.83984375,84194600
2017-06-02,5343.41015625,5343.41015625,5372.97021484375,5328.18994140625,5347.85986328125,95624300
2017-06-05,5307.89013671875,5307.89013671875,5343.7900390625,5299.759765625,5337.10986328125,48932000
2017-06-06,5269.22021484375,5269.22021484375,5296.419921875,5260.9501953125,5280.2001953125,79880200
2017-06-07,5265.52978515625,5265.52978515625,5320.0400390625,5254.02978515625,5261.419921875,94213100
2017-06-08,5264.240234375,5264.240234375,5290.5,5250.68017578125,5264.68994140625,85052500
2017-06-09,5299.7099609375,5299.7099609375,5320.169921875,5266.830078125,5275.990234375,79889400
2017-06-12,5240.58984375,5240.58984375,5286.10009765625,5233.68994140625,5282.580078125,85538800
2017-06-13,5261.740234375,5261.740234375,5273.8701171875,5248.2900390625,5254.14013671875,72390200
2017-06-14,5243.2900390625,5243.2900390625,5314.9599609375,5243.2900390625,5283.60009765625,97019900
2017-06-15,5216.8798828125,5216.8798828125,5235.8798828125,5176.669921875,5235.35986328125,118313500
2017-06-16,5263.31005859375,5263.31005859375,5273.68017578125,5236.0,5243.52978515625,164098100
2017-06-19,5310.72021484375,5310.72021484375,5331.31982421875,5302.0498046875,5305.22021484375,77527800
2017-06-20,5293.64990234375,5293.64990234375,5339.5498046875,5293.64990234375,5330.580078125,81245800
2017-06-21,5274.259765625,5274.259765625,5286.06005859375,5224.0498046875,5273.0,83179900
2017-06-22,5281.93017578125,5281.93017578125,5286.4599609375,5237.330078125,5258.68017578125,80688900
2017-06-23,5266.1201171875,5266.1201171875,5283.8798828125,5247.52001953125,5273.240234375,66693700
2017-06-26,5295.75,5295.75,5323.72998046875,5289.56005859375,5295.0400390625,67071900
2017-06-27,5258.580078125,5258.580078125,5284.9599609375,5237.669921875,5282.8701171875,90277800
2017-06-28,5252.89990234375,5252.89990234375,5273.9501953125,5203.89990234375,5235.830078125,96381000
2017-06-29,5154.35009765625,5154.35009765625,5272.93994140625,5143.81982421875,5268.22998046875,114605600
2017-06-30,5120.68017578125,5120.68017578125,5192.39013671875,5117.22998046875,5157.58984375,97126700
2017-07-03,5195.72021484375,5195.72021484375,5200.72998046875,5151.18994140625,5151.18994140625,76373400
2017-07-04,5174.89990234375,5174.89990234375,5197.81005859375,5165.85986328125,5170.5400390625,56279100
2017-07-05,5180.10009765625,5180.10009765625,5192.509765625,5160.85986328125,5174.7900390625,85258200
2017-07-06,5152.39990234375,5152.39990234375,5177.6201171875,5111.16015625,5177.2099609375,91164900
2017-07-07,5145.16015625,5145.16015625,5155.419921875,5125.990234375,5149.7900390625,74708800
2017-07-10,5165.64013671875,5165.64013671875,5179.33984375,5147.669921875,5160.7001953125,60989800
2017-07-11,5140.60009765625,5140.60009765625,5186.43994140625,5135.9501953125,5172.02978515625,64875700
2017-07-12,5222.1298828125,5222.1298828125,5239.02001953125,5157.83984375,5158.22998046875,83513800
2017-07-13,5235.39990234375,5235.39990234375,5259.47021484375,5221.580078125,5228.93017578125,75719800
2017-07-14,5235.31005859375,5235.31005859375,5246.77978515625,5215.97998046875,5246.2001953125,60089700
2017-07-17,5230.169921875,5230.169921875,5246.22998046875,5214.31005859375,5238.41015625,53978000
2017-07-18,5173.27001953125,5173.27001953125,5233.14990234375,5164.6298828125,5219.669921875,75790200
2017-07-19,5216.06982421875,5216.06982421875,5218.990234375,5174.2900390625,5196.1298828125,69296400
2017-07-20,5199.22021484375,5199.22021484375,5251.25,5177.72998046875,5239.4599609375,78772300
2017-07-21,5117.66015625,5117.66015625,5208.85009765625,5095.1201171875,5188.919921875,106403800
2017-07-24,5127.7001953125,5127.7001953125,5143.47998046875,5094.35986328125,5133.68017578125,72053200
2017-07-25,5161.080078125,5161.080078125,5193.18994140625,5130.52978515625,5130.52978515625,91159700
2017-07-26,5190.169921875,5190.169921875,5208.330078125,5158.7900390625,5162.240234375,79110400
2017-07-27,5186.9501953125,5186.9501953125,5218.56005859375,5172.77978515625,5181.14990234375,99460800
2017-07-28,5131.39013671875,5131.39013671875,5144.02978515625,5105.72021484375,5144.02978515625,99859600
2017-07-31,5093.77001953125,5093.77001953125,5148.14990234375,5092.14013671875,5127.6298828125,87612000
2017-08-01,5127.02978515625,5127.02978515625,5148.490234375,5087.3798828125,5116.89990234375,75327900
2017-08-02,5107.25,5107.25,5135.14013671875,5094.64013671875,5122.3798828125,82005400
2017-08-03,5130.490234375,5130.490234375,5142.91015625,5084.2001953125,5097.14013671875,71167300
2017-08-04,5203.43994140625,5203.43994140625,5216.39990234375,5118.60986328125,5122.39990234375,78567600
2017-08-07,5207.89013671875,5207.89013671875,5220.58984375,5195.259765625,5210.72998046875,63788300
2017-08-08,5218.89013671875,5218.89013671875,5231.64990234375,5191.3798828125,5200.2001953125,62058600
2017-08-09,5145.7001953125,5145.7001953125,5183.3701171875,5122.5,5182.0498046875,84579800
2017-08-10,5115.22998046875,5115.22998046875,5148.47021484375,5096.18994140625,5140.990234375,71793700
2017-08-11,5060.919921875,5060.919921875,5086.06005859375,5046.75,5081.919921875,86172400
2017-08-14,5121.669921875,5121.669921875,5136.18994140625,5080.009765625,5082.8701171875,57283400
2017-08-15,5140.25,5140.25,5158.5,5123.97021484375,5141.02001953125,48077600
2017-08-16,5176.60986328125,5176.60986328125,5200.16015625,5159.10009765625,5159.10009765625,55940500
2017-08-17,5146.85009765625,5146.85009765625,5180.259765625,5137.419921875,5164.5400390625,64545000
2017-08-18,5114.14990234375,5114.14990234375,5117.0400390625,5074.4501953125,5103.47021484375,73461700
2017-08-21,5087.58984375,5087.58984375,5105.93994140625,5066.18994140625,5091.31005859375,59101700
2017-08-22,5131.85986328125,5131.85986328125,5137.5400390625,5101.68017578125,5112.1298828125,57269900
2017-08-23,5115.39013671875,5115.39013671875,5149.080078125,5105.5498046875,5125.02978515625,58660400
2017-08-24,5113.1298828125,5113.1298828125,5136.2998046875,5111.85986328125,5127.7099609375,55558700
2017-08-25,5104.330078125,5104.330078125,5141.0498046875,5098.509765625,5121.47998046875,57203600
2017-08-28,5079.75,5079.75,5106.25,5066.009765625,5076.47021484375,37172200
2017-08-29,5031.919921875,5031.919921875,5041.89013671875,4995.06982421875,5035.3798828125,83662800
2017-08-30,5056.33984375,5056.33984375,5069.1201171875,5046.06982421875,5063.240234375,61690100
2017-08-31,5085.58984375,5085.58984375,5104.77978515625,5068.43994140625,5083.1201171875,108192000
2017-09-01,5123.259765625,5123.259765625,5138.419921875,5115.9501953125,5117.18994140625,75774600
2017-09-04,5103.97021484375,5103.97021484375,5114.7001953125,5088.27978515625,5088.27978515625,44171300
2017-09-05,5086.56005859375,5086.56005859375,5125.7998046875,5081.080078125,5107.18994140625,72150200
2017-09-06,5101.41015625,5101.41015625,5114.2900390625,5050.08984375,5054.31982421875,173147800
2017-09-07,5114.6201171875,5114.6201171875,5148.06005859375,5103.14990234375,5118.83984375,84862300
2017-09-08,5113.490234375,5113.490234375,5117.89013671875,5086.509765625,5099.31005859375,84096300
2017-09-11,5176.7099609375,5176.7099609375,5180.25,5145.77978515625,5145.77978515625,76915100
2017-09-12,5209.009765625,5209.009765625,5219.080078125,5184.47021484375,5192.75,79355100
2017-09-13,5217.58984375,5217.58984375,5227.0,5200.2099609375,5205.2099609375,86353100
2017-09-14,5225.2001953125,5225.2001953125,5233.5400390625,5201.64990234375,5205.18017578125,79396000
2017-09-15,5213.91015625,5213.91015625,5237.169921875,5201.97021484375,5220.89013671875,259691200
2017-09-18,5229.31982421875,5229.31982421875,5239.8798828125,5221.56005859375,5231.990234375,61537100
2017-09-19,5237.43994140625,5237.43994140625,5238.2900390625,5219.7099609375,5223.2900390625,66921900
2017-09-20,5241.66015625,5241.66015625,5248.7900390625,5230.02001953125,5230.509765625,65750000
2017-09-21,5267.2900390625,5267.2900390625,5275.419921875,5257.43994140625,5259.02001953125,84829300
2017-09-22,5281.2900390625,5281.2900390625,5295.93017578125,5271.8798828125,5277.39013671875,71447900
2017-09-25,5267.1298828125,5267.1298828125,5286.830078125,5260.4599609375,5267.990234375,64221800
2017-09-26,5268.759765625,5268.759765625,5274.580078125,5255.10986328125,5263.9501953125,70839200
2017-09-27,5281.9599609375,5281.9599609375,5289.89013671875,5272.31982421875,5281.2998046875,74049900
2017-09-28,5293.77001953125,5293.77001953125,5295.27001953125,5279.10009765625,5286.0498046875,67809900
2017-09-29,5329.81005859375,5329.81005859375,5329.81005859375,5284.740234375,5297.419921875,85230900
2017-10-02,5350.43994140625,5350.43994140625,5350.43994140625,5326.66015625,5332.919921875,68575600
2017-10-03,5367.41015625,5367.41015625,5370.89013671875,5355.2998046875,5362.75,58748500
2017-10-04,5363.22998046875,5363.22998046875,5369.4501953125,5345.2001953125,5369.240234375,80019900
2017-10-05,5379.2099609375,5379.2099609375,5381.740234375,5355.91015625,5355.91015625,70314300
2017-10-06,5359.89990234375,5359.89990234375,5378.06982421875,5350.259765625,5378.06982421875,66128500
2017-10-09,5365.830078125,5365.830078125,5378.509765625,5351.68017578125,5364.81005859375,55296900
2017-10-10,5363.64990234375,5363.64990234375,5372.27001953125,5351.7900390625,5364.16015625,59718000
2017-10-11,5362.41015625,5362.41015625,5367.3798828125,5338.14013671875,5367.3798828125,71441700
2017-10-12,5360.81005859375,5360.81005859375,5361.919921875,5342.68994140625,5358.419921875,56447100
2017-10-13,5351.740234375,5351.740234375,5371.64990234375,5344.9599609375,5362.72998046875,73942000
2017-10-16,5362.8798828125,5362.8798828125,5371.6201171875,5347.60986328125,5362.52978515625,63076900
2017-10-17,5361.3701171875,5361.3701171875,5376.68994140625,5347.5498046875,5372.64990234375,64933200
2017-10-18,5383.81005859375,5383.81005859375,5394.22998046875,5359.68017578125,5368.08984375,64165900
2017-10-19,5368.2900390625,5368.2900390625,5377.81005859375,5343.0,5371.0,86686600
2017-10-20,5372.3798828125,5372.3798828125,5392.08984375,5368.2099609375,5389.47998046875,92307000
2017-10-23,5386.81005859375,5386.81005859375,5408.740234375,5367.64990234375,5377.4501953125,63702000
2017-10-24,5394.7998046875,5394.7998046875,5413.02978515625,5377.85986328125,5377.85986328125,74560600
2017-10-25,5374.89013671875,5374.89013671875,5416.5400390625,5364.16015625,5399.60986328125,80466800
2017-10-26,5455.39990234375,5455.39990234375,5459.60986328125,5375.259765625,5383.43994140625,90950700
2017-10-27,5494.1298828125,5494.1298828125,5513.52978515625,5470.240234375,5470.33984375,95585200
2017-10-30,5493.6298828125,5493.6298828125,5507.56005859375,5487.2900390625,5488.330078125,67428800
2017-10-31,5503.2900390625,5503.2900390625,5511.25,5489.41015625,5492.6298828125,75164700
2017-11-01,5514.2900390625,5514.2900390625,5536.39990234375,5514.2900390625,5524.3798828125,75303700
2017-11-02,5510.5,5510.5,5520.81005859375,5486.240234375,5510.9599609375,70253200
2017-11-03,5517.97021484375,5517.97021484375,5521.919921875,5498.2900390625,5513.47021484375,75125000
2017-11-06,5507.25,5507.25,5513.31005859375,5492.89990234375,5507.06982421875,70213800
2017-11-07,5480.64013671875,5480.64013671875,5525.5498046875,5475.919921875,5521.75,78339100
2017-11-08,5471.43017578125,5471.43017578125,5496.080078125,5452.2001953125,5487.52978515625,92596200
2017-11-09,5407.75,5407.75,5479.7001953125,5401.43017578125,5470.18017578125,98897900
2017-11-10,5380.72021484375,5380.72021484375,5415.8798828125,5375.1201171875,5405.5498046875,84901400
2017-11-13,5341.6298828125,5341.6298828125,5384.759765625,5301.02001953125,5382.64990234375,84572600
2017-11-14,5315.580078125,5315.580078125,5365.64013671875,5301.56982421875,5345.2998046875,90263700
2017-11-15,5301.25,5301.25,5312.39013671875,5267.22021484375,5301.14013671875,94175400
2017-11-16,5336.39013671875,5336.39013671875,5345.22998046875,5312.8701171875,5325.41015625,74296300
2017-11-17,5319.169921875,5319.169921875,5350.25,5304.35009765625,5335.85009765625,88650100
2017-11-20,5340.4501953125,5340.4501953125,5348.14990234375,5302.85009765625,5311.27978515625,66757000
2017-11-21,5366.14990234375,5366.14990234375,5385.85986328125,5326.85986328125,5335.83984375,74777300
2017-11-22,5352.759765625,5352.759765625,5391.009765625,5352.759765625,5364.60986328125,67526600
2017-11-23,5379.5400390625,5379.5400390625,5391.89013671875,5330.31982421875,5339.759765625,55368500
2017-11-24,5390.4599609375,5390.4599609375,5419.8798828125,5374.39990234375,5374.39990234375,54357200
2017-11-27,5360.08984375,5360.08984375,5408.47021484375,5359.39013671875,5378.9599609375,62120700
2017-11-28,5390.47998046875,5390.47998046875,5398.18994140625,5357.27978515625,5366.3798828125,65960000
2017-11-29,5398.0498046875,5398.0498046875,5441.68994140625,5394.89013671875,5416.490234375,92621500
2017-11-30,5372.7900390625,5372.7900390625,5429.64990234375,5372.58984375,5402.66015625,128032500
2017-12-01,5316.89013671875,5316.89013671875,5378.31982421875,5299.06005859375,5374.1298828125,99908800
2017-12-04,5389.2900390625,5389.2900390625,5400.10009765625,5350.58984375,5363.2900390625,81907500
2017-12-05,5375.52978515625,5375.52978515625,5392.47998046875,5349.7900390625,5382.22998046875,77844600
2017-12-06,5374.35009765625,5374.35009765625,5385.52978515625,5316.5498046875,5333.31982421875,78019500
2017-12-07,5383.85986328125,5383.85986328125,5396.31005859375,5365.75,5374.56982421875,81173900
2017-12-08,5399.08984375,5399.08984375,5425.75,5393.56005859375,5411.91015625,90629200
2017-12-11,5386.830078125,5386.830078125,5411.7099609375,5382.5,5411.7099609375,68771400
2017-12-12,5427.18994140625,5427.18994140625,5427.18994140625,5359.759765625,5394.93017578125,80840200
2017-12-13,5399.4501953125,5399.4501953125,5429.02978515625,5393.97998046875,5415.31982421875,87609600
2017-12-14,5357.14013671875,5357.14013671875,5400.27978515625,5357.14013671875,5392.0,78206300
2017-12-15,5349.2998046875,5349.2998046875,5360.8701171875,5330.10009765625,5340.33984375,157439000
2017-12-18,5420.580078125,5420.580078125,5427.8701171875,5386.39990234375,5386.39990234375,81891400
2017-12-19,5382.91015625,5382.91015625,5420.64013671875,5380.14990234375,5409.64990234375,63736200
2017-12-20,5352.77001953125,5352.77001953125,5382.3701171875,5338.02978515625,5377.919921875,68688100
2017-12-21,5385.97021484375,5385.97021484375,5389.7998046875,5323.5400390625,5332.39013671875,70387200
2017-12-22,5364.72021484375,5364.72021484375,5385.9599609375,5355.43994140625,5371.0,46753800
2017-12-27,5368.83984375,5368.83984375,5388.14013671875,5352.52978515625,5359.81982421875,41098800
2017-12-28,5339.419921875,5339.419921875,5370.43017578125,5331.16015625,5367.7001953125,42420600
2017-12-29,5312.56005859375,5312.56005859375,5344.0498046875,5312.56005859375,5336.14990234375,46218500
2018-01-02,5288.60009765625,5288.60009765625,5318.740234375,5258.66015625,5318.740234375,66802600
2018-01-03,5331.27978515625,5331.27978515625,5347.6298828125,5291.89013671875,5295.31005859375,75371700
2018-01-04,5413.68994140625,5413.68994140625,5430.72021484375,5360.009765625,5360.009765625,92583500
2018-01-05,5470.75,5470.75,5470.75,5422.77978515625,5424.16015625,76275800
2018-01-08,5487.419921875,5487.419921875,5499.14990234375,5478.919921875,5483.47021484375,72318000
2018-01-09,5523.93994140625,5523.93994140625,5525.669921875,5491.91015625,5491.91015625,78844900
2018-01-10,5504.68017578125,5504.68017578125,5529.2998046875,5487.56005859375,5518.31982421875,96478300
2018-01-11,5488.5498046875,5488.5498046875,5516.58984375,5478.97021484375,5514.08984375,83544400
2018-01-12,5517.06005859375,5517.06005859375,5520.18017578125,5486.08984375,5502.6298828125,80659900
2018-01-15,5509.68994140625,5509.68994140625,5525.009765625,5501.27978515625,5515.5498046875,56215000
2018-01-16,5513.81982421875,5513.81982421875,5535.9501953125,5500.22021484375,5513.7001953125,69422000
2018-01-17,5493.990234375,5493.990234375,5518.39013671875,5485.02001953125,5496.259765625,72741600
2018-01-18,5494.830078125,5494.830078125,5515.16015625,5474.10986328125,5511.2998046875,82084500
2018-01-19,5526.509765625,5526.509765625,5528.89013671875,5490.31982421875,5493.990234375,78466200
2018-01-22,5541.990234375,5541.990234375,5543.06005859375,5512.27001953125,5520.2099609375,77421200
2018-01-23,5535.259765625,5535.259765625,5567.02978515625,5521.830078125,5563.56005859375,85807600
2018-01-24,5495.16015625,5495.16015625,5538.580078125,5495.16015625,5532.85009765625,85219400
2018-01-25,5481.2099609375,5481.2099609375,5525.759765625,5456.0498046875,5493.81005859375,84803300
2018-01-26,5529.14990234375,5529.14990234375,5539.77001953125,5493.66015625,5496.830078125,65388300
2018-01-29,5521.58984375,5521.58984375,5537.52978515625,5517.669921875,5534.14013671875,60112400
2018-01-30,5473.77978515625,5473.77978515625,5518.93994140625,5464.85009765625,5493.93017578125,80083100
2018-01-31,5481.93017578125,5481.93017578125,5496.77978515625,5471.18017578125,5483.509765625,83562500
2018-02-01,5454.5498046875,5454.5498046875,5529.39990234375,5432.58984375,5510.58984375,87026200
2018-02-02,5364.97998046875,5364.97998046875,5437.259765625,5364.97998046875,5433.83984375,99312300
2018-02-05,5285.830078125,5285.830078125,5332.77001953125,5283.27001953125,5322.93994140625,96711900
2018-02-06,5161.81005859375,5161.81005859375,5226.1298828125,5101.14990234375,5104.27978515625,175358700
2018-02-07,5255.89990234375,5255.89990234375,5267.8798828125,5169.39990234375,5208.10986328125,117755000
2018-02-08,5151.68017578125,5151.68017578125,5248.43994140625,5129.52001953125,5229.77978515625,123977500
2018-02-09,5079.2099609375,5079.2099609375,5155.8701171875,5051.2099609375,5133.4599609375,143039900
2018-02-12,5140.06005859375,5140.06005859375,5165.75,5113.81982421875,5130.39990234375,93467100
2018-02-13,5109.240234375,5109.240234375,5155.22021484375,5109.240234375,5136.08984375,78507900
2018-02-14,5165.259765625,5165.259765625,5188.14013671875,5081.6201171875,5137.56982421875,109723700
2018-02-15,5222.52001953125,5222.52001953125,5255.080078125,5204.43994140625,5211.7099609375,97295500
2018-02-16,5281.580078125,5281.580078125,5291.47998046875,5245.7998046875,5249.419921875,101183700
2018-02-19,5256.18017578125,5256.18017578125,5297.3701171875,5249.89013671875,5295.330078125,51447900
2018-02-20,5289.85986328125,5289.85986328125,5291.81005859375,5249.85009765625,5257.43017578125,75702000
2018-02-21,5302.169921875,5302.169921875,5303.81005859375,5255.77001953125,5278.47998046875,72945400
2018-02-22,5309.22998046875,5309.22998046875,5321.18994140625,5253.2001953125,5272.43017578125,87528200
2018-02-23,5317.3701171875,5317.3701171875,5322.35009765625,5292.7001953125,5312.2998046875,68488500
2018-02-26,5344.259765625,5344.259765625,5357.35986328125,5329.509765625,5343.56982421875,67882600
2018-02-27,5343.93017578125,5343.93017578125,5363.52001953125,5329.7900390625,5358.56982421875,76239100
2018-02-28,5320.490234375,5320.490234375,5357.06005859375,5312.6201171875,5321.5,84387800
2018-03-01,5262.56005859375,5262.56005859375,5315.77001953125,5242.8701171875,5304.81005859375,112757700
2018-03-02,5136.580078125,5136.580078125,5226.10986328125,5121.240234375,5223.14013671875,117629800
2018-03-05,5167.22998046875,5167.22998046875,5176.52001953125,5115.93994140625,5116.39013671875,120940100
2018-03-06,5170.22998046875,5170.22998046875,5216.60009765625,5170.14013671875,5203.10986328125,90489200
2018-03-07,5187.830078125,5187.830078125,5203.06005859375,5134.509765625,5151.68994140625,93450600
2018-03-08,5254.10009765625,5254.10009765625,5264.35986328125,5186.27978515625,5189.14013671875,92799400
2018-03-09,5274.39990234375,5274.39990234375,5293.080078125,5241.509765625,5243.08984375,75500400
2018-03-12,5276.7099609375,5276.7099609375,5302.419921875,5258.10986328125,5298.22021484375,64074300
2018-03-13,5242.7900390625,5242.7900390625,5311.66015625,5225.27001953125,5284.83984375,87014000
2018-03-14,5233.35986328125,5233.35986328125,5272.72021484375,5224.31005859375,5237.75,73618000
2018-03-15,5267.259765625,5267.259765625,5274.93994140625,5235.93994140625,5252.22021484375,82441300
2018-03-16,5282.75,5282.75,5299.22998046875,5258.509765625,5259.35986328125,150258600
2018-03-19,5222.83984375,5222.83984375,5265.43994140625,5210.06982421875,5263.39013671875,76919000
2018-03-20,5252.43017578125,5252.43017578125,5255.10009765625,5208.509765625,5232.1201171875,66443200
2018-03-21,5239.740234375,5239.740234375,5257.240234375,5220.259765625,5252.77978515625,69220400
2018-03-22,5167.2099609375,5167.2099609375,5231.169921875,5119.2900390625,5205.169921875,104323700
2018-03-23,5095.22021484375,5095.22021484375,5128.7099609375,5059.669921875,5115.81982421875,102365000
2018-03-26,5066.27978515625,5066.27978515625,5126.990234375,5043.27001953125,5106.33984375,83600900
2018-03-27,5115.740234375,5115.740234375,5149.0498046875,5100.2099609375,5141.39990234375,84280000
2018-03-28,5130.43994140625,5130.43994140625,5130.43994140625,5038.1201171875,5073.419921875,102195900
2018-03-29,5167.2998046875,5167.2998046875,5194.97998046875,5134.75,5152.02978515625,92382200
2018-04-03,5152.1201171875,5152.1201171875,5171.6201171875,5118.68994140625,5144.6298828125,81857300
2018-04-04,5141.7998046875,5141.7998046875,5163.6298828125,5094.68994140625,5155.47021484375,91113200
2018-04-05,5276.669921875,5276.669921875,5280.60986328125,5213.6298828125,5216.68017578125,94689000
2018-04-06,5258.240234375,5258.240234375,5282.72021484375,5243.02001953125,5256.25,68854400
2018-04-09,5263.39013671875,5263.39013671875,5289.72021484375,5247.56982421875,5271.0,60670000
2018-04-10,5307.56005859375,5307.56005859375,5312.8798828125,5281.580078125,5299.580078125,78090500
2018-04-11,5277.93994140625,5277.93994140625,5303.31982421875,5264.27001953125,5301.43994140625,68231500
2018-04-12,5309.22021484375,5309.22021484375,5309.97021484375,5266.35986328125,5280.66015625,82203700
2018-04-13,5315.02001953125,5315.02001953125,5339.0498046875,5303.3798828125,5318.1298828125,68375700
2018-04-16,5312.9599609375,5312.9599609375,5322.41015625,5298.93994140625,5322.41015625,60319200
2018-04-17,5353.5400390625,5353.5400390625,5370.22998046875,5317.1201171875,5325.6298828125,81726700
2018-04-18,5380.169921875,5380.169921875,5381.740234375,5359.6298828125,5360.4501953125,82529900
2018-04-19,5391.64013671875,5391.64013671875,5397.83984375,5377.10986328125,5389.81982421875,74094100
2018-04-20,5412.830078125,5412.830078125,5425.7900390625,5381.10986328125,5395.1298828125,87342700
2018-04-23,5438.5498046875,5438.5498046875,5440.83984375,5392.580078125,5404.72021484375,65848500
2018-04-24,5444.16015625,5444.16015625,5446.7001953125,5414.39990234375,5428.18017578125,90205000
2018-04-25,5413.2998046875,5413.2998046875,5442.31982421875,5388.669921875,5414.14990234375,78056400
2018-04-26,5453.580078125,5453.580078125,5460.009765625,5407.580078125,5416.75,83179000
2018-04-27,5483.18994140625,5483.18994140625,5483.18994140625,5453.97021484375,5454.25,71130200
2018-04-30,5520.5,5520.5,5521.43994140625,5474.47998046875,5477.43994140625,73369100
2018-05-02,5529.22021484375,5529.22021484375,5538.72998046875,5509.080078125,5511.4599609375,93979100
2018-05-03,5501.66015625,5501.66015625,5523.77978515625,5489.6298828125,5515.35986328125,79259400
2018-05-04,5516.0498046875,5516.0498046875,5516.0498046875,5485.990234375,5495.7099609375,85333000
2018-05-07,5531.419921875,5531.419921875,5532.1201171875,5503.7001953125,5511.93994140625,45591900
2018-05-08,5521.93017578125,5521.93017578125,5529.14990234375,5496.39013671875,5523.91015625,70214400
2018-05-09,5534.6298828125,5534.6298828125,5535.240234375,5511.580078125,5520.64990234375,72894200
2018-05-10,5545.9501953125,5545.9501953125,5547.2001953125,5522.91015625,5532.3701171875,48972800
2018-05-11,5541.93994140625,5541.93994140625,5544.740234375,5521.33984375,5533.41015625,61288900
2018-05-14,5540.68017578125,5540.68017578125,5542.2099609375,5524.43994140625,5539.0498046875,59725700
2018-05-15,5553.16015625,5553.16015625,5563.35986328125,5527.64013671875,5529.39013671875,88419600
2018-05-16,5567.5400390625,5567.5400390625,5570.9599609375,5540.669921875,5546.39013671875,76258900
2018-05-17,5621.919921875,5621.919921875,5621.919921875,5570.0400390625,5570.39013671875,80318200
2018-05-18,5614.509765625,5614.509765625,5643.14990234375,5603.35009765625,5610.14013671875,115184600
2018-05-21,5637.509765625,5637.509765625,5657.43994140625,5626.18017578125,5626.7001953125,49392900
2018-05-22,5640.10009765625,5640.10009765625,5653.08984375,5628.93017578125,5637.93994140625,82627400
2018-05-23,5565.85009765625,5565.85009765625,5626.02001953125,5544.41015625,5626.02001953125,100736000
2018-05-24,5548.4501953125,5548.4501953125,5598.64990234375,5523.22021484375,5576.64990234375,85231200
2018-05-25,5542.5498046875,5542.5498046875,5592.16015625,5519.77978515625,5570.72998046875,87810500
2018-05-28,5508.93017578125,5508.93017578125,5577.3798828125,5492.2998046875,5565.66015625,58701500
2018-05-29,5438.06005859375,5438.06005859375,5480.18017578125,5389.60986328125,5466.47998046875,141981600
2018-05-30,5427.35009765625,5427.35009765625,5434.240234375,5386.14990234375,5420.14990234375,116950900
2018-05-31,5398.39990234375,5398.39990234375,5453.009765625,5381.3798828125,5440.9501953125,144487200
2018-06-01,5465.52978515625,5465.52978515625,5482.56005859375,5438.31005859375,5440.419921875,99399200
2018-06-04,5472.91015625,5472.91015625,5501.47998046875,5468.919921875,5497.740234375,79269000
2018-06-05,5460.9501953125,5460.9501953125,5512.81982421875,5460.9501953125,5464.8798828125,84084300
2018-06-06,5457.56005859375,5457.56005859375,5480.31005859375,5419.93994140625,5470.580078125,88256900
2018-06-07,5448.35986328125,5448.35986328125,5500.31982421875,5440.66015625,5482.60986328125,80269600
2018-06-08,5450.22021484375,5450.22021484375,5458.85009765625,5405.35986328125,5419.7099609375,79611800
2018-06-11,5473.91015625,5473.91015625,5480.419921875,5451.1298828125,5459.81005859375,87500400
2018-06-12,5453.3701171875,5453.3701171875,5496.47021484375,5448.7001953125,5494.830078125,78558400
2018-06-13,5452.72998046875,5452.72998046875,5474.009765625,5447.89990234375,5457.31005859375,82724700
2018-06-14,5528.4599609375,5528.4599609375,5543.2900390625,5408.2998046875,5420.39013671875,99909400
2018-06-15,5501.8798828125,5501.8798828125,5560.6201171875,5501.8798828125,5542.81982421875,189560900
2018-06-18,5450.47998046875,5450.47998046875,5491.83984375,5418.47998046875,5487.7001953125,84643700
2018-06-19,5390.6298828125,5390.6298828125,5398.0400390625,5366.0498046875,5387.81005859375,87760800
2018-06-20,5372.31005859375,5372.31005859375,5418.2001953125,5372.0400390625,5418.2001953125,83444100
2018-06-21,5316.009765625,5316.009765625,5396.47021484375,5302.08984375,5386.8798828125,92471200
2018-06-22,5387.3798828125,5387.3798828125,5389.31982421875,5327.02978515625,5330.0498046875,74045400
2018-06-25,5283.85986328125,5283.85986328125,5362.330078125,5283.85986328125,5350.9599609375,61986900
2018-06-26,5281.2900390625,5281.2900390625,5315.56005859375,5281.2900390625,5308.8798828125,66678000
2018-06-27,5327.2001953125,5327.2001953125,5371.580078125,5246.41015625,5284.4599609375,91539300
2018-06-28,5275.64013671875,5275.64013671875,5341.08984375,5250.22021484375,5308.43994140625,91384400
2018-06-29,5323.52978515625,5323.52978515625,5357.9501953125,5318.47021484375,5335.240234375,96281300
2018-07-02,5276.759765625,5276.759765625,5293.39990234375,5242.64013671875,5264.39990234375,84519600
2018-07-03,5316.77001953125,5316.77001953125,5336.2001953125,5284.1298828125,5302.35986328125,79762300
2018-07-04,5320.5,5320.5,5333.22021484375,5307.2001953125,5313.9599609375,63961500
2018-07-05,5366.31982421875,5366.31982421875,5391.56982421875,5324.52001953125,5326.02001953125,95493300
2018-07-06,5375.77001953125,5375.77001953125,5393.4599609375,5345.4599609375,5387.18017578125,72631100
2018-07-09,5398.10986328125,5398.10986328125,5418.9501953125,5384.60009765625,5403.0400390625,68001100
2018-07-10,5434.35986328125,5434.35986328125,5437.0498046875,5404.89990234375,5410.18994140625,73970700
2018-07-11,5353.93017578125,5353.93017578125,5396.7001953125,5353.93017578125,5393.41015625,87179200
2018-07-12,5405.89990234375,5405.89990234375,5406.47998046875,5349.47998046875,5369.18994140625,77442500
2018-07-13,5429.2001953125,5429.2001953125,5439.56005859375,5418.169921875,5428.0400390625,66789800
2018-07-16,5409.43017578125,5409.43017578125,5439.66015625,5404.52001953125,5429.43017578125,56645300
2018-07-17,5422.5400390625,5422.5400390625,5426.77978515625,5383.0,5405.60986328125,63232400
2018-07-18,5447.43994140625,5447.43994140625,5459.72021484375,5438.31005859375,5441.5400390625,72157000
2018-07-19,5417.06982421875,5417.06982421875,5444.18994140625,5409.77001953125,5437.7099609375,73346300
2018-07-20,5398.31982421875,5398.31982421875,5424.3701171875,5342.2998046875,5409.669921875,93503600
2018-07-23,5378.25,5378.25,5385.830078125,5358.81982421875,5382.85986328125,58933900
2018-07-24,5434.18994140625,5434.18994140625,5453.0498046875,5389.77001953125,5399.18994140625,96565100
2018-07-25,5426.41015625,5426.41015625,5452.25,5413.66015625,5445.240234375,81395300
2018-07-26,5480.5498046875,5480.5498046875,5480.5498046875,5435.27001953125,5463.2900390625,98897800
2018-07-27,5511.759765625,5511.759765625,5514.39990234375,5475.77001953125,5477.52978515625,104519100
2018-07-30,5491.22021484375,5491.22021484375,5507.47998046875,5482.240234375,5490.2001953125,68998200
2018-07-31,5511.2998046875,5511.2998046875,5529.02978515625,5496.41015625,5505.52001953125,97712800
2018-08-01,5498.3701171875,5498.3701171875,5531.580078125,5495.7900390625,5520.330078125,81015200
2018-08-02,5460.97998046875,5460.97998046875,5483.740234375,5445.91015625,5477.6298828125,95127100
2018-08-03,5478.97998046875,5478.97998046875,5491.77978515625,5459.27001953125,5475.81982421875,72256600
2018-08-06,5477.18017578125,5477.18017578125,5501.5400390625,5456.509765625,5487.27978515625,61262700
2018-08-07,5521.31005859375,5521.31005859375,5539.41015625,5490.080078125,5490.91015625,65874000
2018-08-08,5501.89990234375,5501.89990234375,5530.02001953125,5497.10009765625,5518.490234375,57616100
2018-08-09,5502.25,5502.25,5502.419921875,5468.64013671875,5487.919921875,55242100
2018-08-10,5414.68017578125,5414.68017578125,5466.669921875,5391.009765625,5455.9599609375,103117500
2018-08-13,5412.31982421875,5412.31982421875,5428.91015625,5385.18994140625,5402.41015625,66875100
2018-08-14,5403.41015625,5403.41015625,5447.93017578125,5392.39013671875,5437.43017578125,68465700
2018-08-15,5305.22021484375,5305.22021484375,5417.18994140625,5287.18017578125,5414.75,87832500
2018-08-16,5349.02001953125,5349.02001953125,5354.9501953125,5307.16015625,5326.169921875,64762100
2018-08-17,5344.93017578125,5344.93017578125,5366.56005859375,5313.990234375,5356.490234375,64188500
2018-08-20,5379.64990234375,5379.64990234375,5397.77978515625,5356.31982421875,5362.3701171875,48284100
2018-08-21,5408.60009765625,5408.60009765625,5427.259765625,5367.3798828125,5372.02001953125,56477500
2018-08-22,5420.60986328125,5420.60986328125,5431.52001953125,5401.43017578125,5401.43017578125,71435300
2018-08-23,5419.330078125,5419.330078125,5436.72021484375,5415.43017578125,5422.39013671875,52041400
2018-08-24,5432.5,5432.5,5449.75,5421.2099609375,5422.77978515625,52056700
2018-08-27,5479.10009765625,5479.10009765625,5487.4501953125,5448.490234375,5455.39990234375,43768100
2018-08-28,5484.990234375,5484.990234375,5506.759765625,5477.35009765625,5489.509765625,62817700
2018-08-29,5501.330078125,5501.330078125,5504.31982421875,5476.27001953125,5495.9501953125,52978800
2018-08-30,5478.06005859375,5478.06005859375,5498.77001953125,5467.1201171875,5494.02001953125,64286100
2018-08-31,5406.85009765625,5406.85009765625,5471.0498046875,5403.16015625,5470.7998046875,89131200
2018-09-03,5413.7998046875,5413.7998046875,5417.4599609375,5387.2099609375,5400.7001953125,48627400
2018-09-04,5342.7001953125,5342.7001953125,5428.22021484375,5322.77001953125,5423.669921875,79249300
2018-09-05,5260.22021484375,5260.22021484375,5324.0,5259.97998046875,5322.080078125,103548700
2018-09-06,5243.83984375,5243.83984375,5292.43017578125,5243.81005859375,5254.7001953125,79501100
2018-09-07,5252.22021484375,5252.22021484375,5266.6298828125,5226.31005859375,5252.97998046875,83620300
2018-09-10,5269.6298828125,5269.6298828125,5291.2099609375,5241.18017578125,5250.759765625,71394000
2018-09-11,5283.7900390625,5283.7900390625,5285.02001953125,5240.0400390625,5284.240234375,74742700
2018-09-12,5332.1298828125,5332.1298828125,5338.6298828125,5293.6201171875,5294.580078125,75458800
2018-09-13,5328.1201171875,5328.1201171875,5366.33984375,5325.2998046875,5327.93994140625,75754300
2018-09-14,5352.56982421875,5352.56982421875,5362.2001953125,5338.25,5353.580078125,66793100
2018-09-17,5348.8701171875,5348.8701171875,5358.18017578125,5329.97021484375,5344.5498046875,66172300
2018-09-18,5363.7900390625,5363.7900390625,5389.759765625,5339.6201171875,5348.490234375,80228500
2018-09-19,5393.740234375,5393.740234375,5406.06005859375,5361.330078125,5362.93994140625,85324800
2018-09-20,5451.58984375,5451.58984375,5461.10986328125,5398.2001953125,5398.2001953125,108602600
2018-09-21,5494.169921875,5494.169921875,5499.02978515625,5463.66015625,5463.66015625,222510800
2018-09-24,5476.169921875,5476.169921875,5488.18017578125,5463.43994140625,5480.64013671875,73646100
2018-09-25,5479.10009765625,5479.10009765625,5497.14990234375,5468.77978515625,5468.91015625,74313200
2018-09-26,5512.72998046875,5512.72998046875,5512.75,5471.56982421875,5482.990234375,77971500
2018-09-27,5540.41015625,5540.41015625,5546.7998046875,5485.830078125,5500.25,74700600
2018-09-28,5493.490234375,5493.490234375,5527.240234375,5458.2099609375,5514.5498046875,112190100
2018-10-01,5506.81982421875,5506.81982421875,5519.93994140625,5491.169921875,5494.93017578125,75188000
2018-10-02,5467.89013671875,5467.89013671875,5480.240234375,5440.77978515625,5473.7900390625,83460200
2018-10-03,5491.39990234375,5491.39990234375,5509.080078125,5468.47021484375,5485.02001953125,65565700
2018-10-04,5410.85009765625,5410.85009765625,5477.919921875,5404.83984375,5471.8798828125,94188600
2018-10-05,5359.35986328125,5359.35986328125,5412.31005859375,5354.7900390625,5407.580078125,84127700
2018-10-08,5300.25,5300.25,5349.31005859375,5291.740234375,5339.490234375,69434100
2018-10-09,5318.5498046875,5318.5498046875,5328.3701171875,5260.52978515625,5304.10986328125,78857600
2018-10-10,5206.22021484375,5206.22021484375,5319.8798828125,5200.10986328125,5319.27001953125,104816300
2018-10-11,5106.3701171875,5106.3701171875,5175.35986328125,5101.89990234375,5128.22021484375,141209700
2018-10-12,5095.97998046875,5095.97998046875,5164.02978515625,5095.740234375,5160.22998046875,98283100
2018-10-15,5095.06982421875,5095.06982421875,5105.93017578125,5058.0498046875,5095.1201171875,79093900
2018-10-16,5173.0498046875,5173.0498046875,5176.7998046875,5082.41015625,5094.43994140625,88042700
2018-10-17,5144.9501953125,5144.9501953125,5205.3798828125,5117.22998046875,5187.10986328125,90604000
2018-10-18,5116.7900390625,5116.7900390625,5175.58984375,5115.31005859375,5150.22998046875,99240000
2018-10-19,5084.66015625,5084.66015625,5133.58984375,5057.4501953125,5119.64013671875,130238900
2018-10-22,5053.31005859375,5053.31005859375,5135.68994140625,5052.240234375,5130.2900390625,74610400
2018-10-23,4967.68994140625,4967.68994140625,5009.43017578125,4955.669921875,4991.91015625,114932000
2018-10-24,4953.08984375,4953.08984375,5043.3701171875,4951.16015625,4995.77001953125,116382700
2018-10-25,5032.2998046875,5032.2998046875,5033.52001953125,4925.56005859375,4933.9501953125,125445400
2018-10-26,4967.3701171875,4967.3701171875,4978.39013671875,4896.7998046875,4978.39013671875,131619600
2018-10-29,4989.35009765625,4989.35009765625,5030.02001953125,4958.509765625,4958.509765625,83255000
2018-10-30,4978.52978515625,4978.52978515625,5010.43994140625,4929.93994140625,4996.919921875,96430500
2018-10-31,5093.43994140625,5093.43994140625,5106.759765625,5047.35009765625,5049.740234375,130251200
2018-11-01,5085.77978515625,5085.77978515625,5119.68017578125,5060.759765625,5076.5498046875,86117000
2018-11-02,5102.1298828125,5102.1298828125,5162.18017578125,5101.27978515625,5147.02001953125,94431400
2018-11-05,5101.39013671875,5101.39013671875,5124.18994140625,5092.35986328125,5101.8701171875,68302600
2018-11-06,5075.18994140625,5075.18994140625,5110.7998046875,5066.39013671875,5110.7998046875,67159700
2018-11-07,5137.93994140625,5137.93994140625,5150.64013671875,5098.89990234375,5100.080078125,88816200
2018-11-08,5131.4501953125,5131.4501953125,5168.10986328125,5120.14013671875,5147.18994140625,87240200
2018-11-09,5106.75,5106.75,5112.56982421875,5072.2099609375,5103.43017578125,84712400
2018-11-12,5059.08984375,5059.08984375,5140.4501953125,5058.490234375,5130.3798828125,77068100
2018-11-13,5101.85009765625,5101.85009765625,5106.77001953125,5054.89990234375,5077.56982421875,78747800
2018-11-14,5068.85009765625,5068.85009765625,5131.0400390625,5026.22021484375,5062.43994140625,88350000
2018-11-15,5033.6201171875,5033.6201171875,5106.56005859375,4993.47998046875,5097.08984375,99859900
2018-11-16,5025.2001953125,5025.2001953125,5081.0,4986.18994140625,5068.64013671875,99615100
2018-11-19,4985.4501953125,4985.4501953125,5062.75,4979.97998046875,5040.68017578125,75776800
2018-11-20,4924.89013671875,4924.89013671875,4967.97998046875,4894.2998046875,4962.85009765625,97368100
2018-11-21,4975.5,4975.5,4978.919921875,4930.25,4949.72021484375,82217400
2018-11-22,4938.14013671875,4938.14013671875,4961.35009765625,4923.7998046875,4958.89013671875,60539000
2018-11-23,4946.9501953125,4946.9501953125,4968.5,4913.72021484375,4939.7900390625,61973700
2018-11-26,4994.97998046875,4994.97998046875,5023.77978515625,4973.7099609375,4982.5400390625,94237200
2018-11-27,4983.14990234375,4983.14990234375,5013.68994140625,4958.7099609375,4992.52978515625,85316600
2018-11-28,4983.240234375,4983.240234375,5007.47021484375,4977.93017578125,4998.14013671875,84265900
2018-11-29,5006.25,5006.25,5036.81005859375,4995.9501953125,5026.66015625,82130300
2018-11-30,5003.919921875,5003.919921875,5016.85986328125,4974.990234375,5016.4501953125,107965900
2018-12-03,5053.97998046875,5053.97998046875,5115.1298828125,5043.2001953125,5112.580078125,101898900
2018-12-04,5012.66015625,5012.66015625,5043.259765625,5012.47998046875,5036.9501953125,84238000
2018-12-05,4944.3701171875,4944.3701171875,4976.6298828125,4941.4501953125,4963.18017578125,78499500
2018-12-06,4780.4599609375,4780.4599609375,4898.35009765625,4760.97998046875,4898.35009765625,140516600
2018-12-07,4813.1298828125,4813.1298828125,4877.1298828125,4812.3798828125,4813.6201171875,95511500
2018-12-10,4742.3798828125,4742.3798828125,4809.97998046875,4732.02001953125,4797.919921875,108458800
2018-12-11,4806.2001953125,4806.2001953125,4853.919921875,4770.06982421875,4781.93994140625,101943600
2018-12-12,4909.4501953125,4909.4501953125,4924.66015625,4829.1201171875,4834.240234375,106795300
2018-12-13,4896.919921875,4896.919921875,4935.47998046875,4890.43994140625,4926.85986328125,88192400
2018-12-14,4853.7001953125,4853.7001953125,4873.16015625,4822.89013671875,4853.1201171875,89679200
2018-12-17,4799.8701171875,4799.8701171875,4847.5,4788.8798828125,4840.1201171875,83817900
2018-12-18,4754.080078125,4754.080078125,4804.97998046875,4754.080078125,4773.18994140625,109281600
2018-12-19,4777.4501953125,4777.4501953125,4794.009765625,4761.6298828125,4766.72998046875,96198400
2018-12-20,4692.4599609375,4692.4599609375,4719.60986328125,4685.60986328125,4709.75,120847000
2018-12-21,4694.3798828125,4694.3798828125,4696.18017578125,4628.240234375,4672.77001953125,187129800
2018-12-24,4626.39013671875,4626.39013671875,4664.2001953125,4622.02978515625,4650.419921875,24595900
2018-12-27,4598.60986328125,4598.60986328125,4692.43017578125,4555.990234375,4689.2001953125,89451800
2018-12-28,4678.740234375,4678.740234375,4700.490234375,4623.97021484375,4641.0498046875,67583000
2018-12-31,4730.68994140625,4730.68994140625,4731.490234375,4696.1201171875,4708.740234375,23249900
2019-01-02,4689.39013671875,4689.39013671875,4699.97998046875,4606.2001953125,4642.18017578125,76980400
2019-01-03,4611.490234375,4611.490234375,4671.27978515625,4607.68017578125,4641.7998046875,78741500
2019-01-04,4737.1201171875,4737.1201171875,4750.509765625,4636.7900390625,4649.6298828125,95967400
2019-01-07,4719.169921875,4719.169921875,4760.27001953125,4690.22021484375,4757.009765625,73900700
2019-01-08,4773.27001953125,4773.27001953125,4810.27001953125,4719.22998046875,4722.16015625,98114900
2019-01-09,4813.580078125,4813.580078125,4843.47998046875,4801.830078125,4811.18017578125,94180800
2019-01-10,4805.66015625,4805.66015625,4805.66015625,4759.759765625,4788.759765625,76138500
2019-01-11,4781.33984375,4781.33984375,4821.27978515625,4760.83984375,4814.66015625,77037500
2019-01-14,4762.75,4762.75,4773.14990234375,4730.5498046875,4740.31005859375,69500100
2019-01-15,4786.169921875,4786.169921875,4816.72998046875,4754.68994140625,4799.580078125,83421600
2019-01-16,4810.740234375,4810.740234375,4816.490234375,4784.7900390625,4811.58984375,81097500
2019-01-17,4794.3701171875,4794.3701171875,4801.669921875,4772.64013671875,4782.6298828125,82674400
2019-01-18,4875.93017578125,4875.93017578125,4881.56982421875,4824.259765625,4825.97021484375,106129400
2019-01-21,4867.77978515625,4867.77978515625,4872.6201171875,4859.759765625,4865.7900390625,49416900
2019-01-22,4847.52978515625,4847.52978515625,4863.2998046875,4824.06005859375,4841.18017578125,67998400
2019-01-23,4840.3798828125,4840.3798828125,4875.41015625,4820.14013671875,4831.919921875,78599700
2019-01-24,4871.9599609375,4871.9599609375,4883.89990234375,4832.39990234375,4839.58984375,82884500
2019-01-25,4925.81982421875,4925.81982421875,4931.7998046875,4890.89990234375,4895.58984375,82965000
2019-01-28,4888.580078125,4888.580078125,4912.10009765625,4878.6201171875,4903.9501953125,64841000
2019-01-29,4928.18017578125,4928.18017578125,4949.4501953125,4879.66015625,4889.33984375,66407300
2019-01-30,4974.759765625,4974.759765625,4974.759765625,4942.64013671875,4943.68017578125,68861600
2019-01-31,4992.72021484375,4992.72021484375,5016.27978515625,4955.5,4993.08984375,102641200
2019-02-01,5019.259765625,5019.259765625,5023.3701171875,4980.5,5004.64990234375,79792300
2019-02-04,5000.18994140625,5000.18994140625,5019.39990234375,4970.7001953125,5014.31005859375,70664200
2019-02-05,5083.33984375,5083.33984375,5083.33984375,4997.52978515625,5009.830078125,87212600
2019-02-06,5079.0498046875,5079.0498046875,5083.81005859375,5058.0400390625,5060.64990234375,85303500
2019-02-07,4985.56005859375,4985.56005859375,5083.89013671875,4985.56005859375,5075.75,111261700
2019-02-08,4961.64013671875,4961.64013671875,5005.64013671875,4946.14013671875,4980.81005859375,100191000
2019-02-11,5014.47021484375,5014.47021484375,5023.2900390625,4986.2998046875,4988.08984375,70045200
2019-02-12,5056.35009765625,5056.35009765625,5073.7900390625,5039.990234375,5052.330078125,81414900
2019-02-13,5074.27001953125,5074.27001953125,5092.18994140625,5061.60009765625,5071.5400390625,84733400
2019-02-14,5062.52001953125,5062.52001953125,5117.7900390625,5062.52001953125,5117.7900390625,90012000
2019-02-15,5153.18994140625,5153.18994140625,5164.580078125,5059.5,5061.5400390625,110465200
2019-02-18,5168.5400390625,5168.5400390625,5170.9599609375,5147.81005859375,5149.06005859375,60816200
2019-02-19,5160.52001953125,5160.52001953125,5176.41015625,5137.169921875,5162.31005859375,67491900
2019-02-20,5195.9501953125,5195.9501953125,5202.89990234375,5159.06005859375,5168.58984375,74722600
2019-02-21,5196.10986328125,5196.10986328125,5206.3798828125,5180.6201171875,5200.1201171875,95156300
2019-02-22,5215.85009765625,5215.85009765625,5226.7998046875,5190.27978515625,5190.93994140625,75215100
2019-02-25,5231.85009765625,5231.85009765625,5242.22021484375,5219.39013671875,5228.25,72266600
2019-02-26,5238.72021484375,5238.72021484375,5248.5,5197.2900390625,5212.85986328125,74612300
2019-02-27,5225.35009765625,5225.35009765625,5236.830078125,5211.5400390625,5218.1201171875,86877000
2019-02-28,5240.52978515625,5240.52978515625,5247.5498046875,5204.77001953125,5204.77001953125,110811900
2019-03-01,5265.18994140625,5265.18994140625,5286.68994140625,5262.47021484375,5267.14013671875,88315600
2019-03-04,5286.56982421875,5286.56982421875,5310.64013671875,5283.35009765625,5291.1298828125,63344600
2019-03-05,5297.52001953125,5297.52001953125,5297.990234375,5267.56982421875,5288.5498046875,74259300
2019-03-06,5288.81005859375,5288.81005859375,5314.97021484375,5281.9501953125,5288.39990234375,18519200
2019-03-07,5267.919921875,5267.919921875,5306.08984375,5249.31982421875,5282.14013671875,100441400
2019-03-08,5231.22021484375,5231.22021484375,5252.35009765625,5221.02978515625,5233.97021484375,99881400
2019-03-11,5265.9599609375,5265.9599609375,5268.58984375,5230.16015625,5253.490234375,71957700
2019-03-12,5270.25,5270.25,5294.830078125,5245.759765625,5290.93994140625,79641900
2019-03-13,5306.3798828125,5306.3798828125,5309.77001953125,5261.89013671875,5263.009765625,72032100
2019-03-14,5349.77978515625,5349.77978515625,5358.41015625,5308.75,5308.75,80679300
2019-03-15,5405.31982421875,5405.31982421875,5421.509765625,5351.8798828125,5352.8798828125,213640300
2019-03-18,5412.830078125,5412.830078125,5416.490234375,5401.47021484375,5403.5400390625,71187100
2019-03-19,5425.89990234375,5425.89990234375,5443.10009765625,5403.580078125,5406.22998046875,70707600
2019-03-20,5382.66015625,5382.66015625,5429.43994140625,5382.66015625,5417.2099609375,80810600
2019-03-21,5378.85009765625,5378.85009765625,5393.330078125,5349.0,5378.41015625,75608100
2019-03-22,5269.919921875,5269.919921875,5398.47021484375,5264.1298828125,5394.4599609375,109347500
2019-03-25,5260.64013671875,5260.64013671875,5276.740234375,5211.759765625,5211.759765625,77602300
2019-03-26,5307.3798828125,5307.3798828125,5315.2900390625,5257.7900390625,5271.14013671875,64772700
2019-03-27,5301.240234375,5301.240234375,5340.0498046875,5279.64990234375,5312.7001953125,92888500
2019-03-28,5296.5400390625,5296.5400390625,5327.72998046875,5291.64013671875,5299.02978515625,74378700
2019-03-29,5350.52978515625,5350.52978515625,5356.06982421875,5315.10986328125,5334.56005859375,79046600
2019-04-01,5405.52978515625,5405.52978515625,5414.52978515625,5376.18017578125,5394.5,77183600
2019-04-02,5423.47021484375,5423.47021484375,5433.509765625,5403.43994140625,5409.68017578125,67149200
2019-04-03,5468.91015625,5468.91015625,5473.919921875,5451.43994140625,5458.02001953125,87758700
2019-04-04,5463.7998046875,5463.7998046875,5474.41015625,5448.39990234375,5460.830078125,69798300
2019-04-05,5476.2001953125,5476.2001953125,5486.0,5464.85009765625,5469.33984375,77567000
2019-04-08,5471.77978515625,5471.77978515625,5486.6298828125,5462.3798828125,5471.740234375,58463400
2019-04-09,5436.419921875,5436.419921875,5491.85009765625,5436.419921875,5453.0,68930800
2019-04-10,5449.8798828125,5449.8798828125,5461.33984375,5440.31982421875,5442.68017578125,70801100
2019-04-11,5485.72021484375,5485.72021484375,5498.89013671875,5446.2001953125,5474.330078125,75234800
2019-04-12,5502.7001953125,5502.7001953125,5510.990234375,5474.35986328125,5478.9501953125,81746200
2019-04-15,5508.72998046875,5508.72998046875,5518.3701171875,5497.52978515625,5501.509765625,67400500
2019-04-16,5528.669921875,5528.669921875,5532.31005859375,5503.35009765625,5510.72021484375,76025200
2019-04-17,5563.08984375,5563.08984375,5569.27978515625,5522.60986328125,5528.009765625,86734600
2019-04-18,5580.3798828125,5580.3798828125,5601.3798828125,5527.93994140625,5548.66015625,105619800
2019-04-23,5591.68994140625,5591.68994140625,5596.2099609375,5564.93994140625,5577.52001953125,87060900
2019-04-24,5576.06005859375,5576.06005859375,5597.60009765625,5557.2099609375,5581.16015625,84201400
2019-04-25,5557.669921875,5557.669921875,5571.85986328125,5538.2998046875,5569.2099609375,75881200
2019-04-26,5569.35986328125,5569.35986328125,5575.25,5546.81982421875,5570.06982421875,75422900
2019-04-29,5580.97998046875,5580.97998046875,5593.60009765625,5547.1201171875,5567.08984375,67208000
2019-04-30,5586.41015625,5586.41015625,5586.41015625,5553.10009765625,5570.43017578125,92198400
2019-05-02,5538.85986328125,5538.85986328125,5573.16015625,5537.990234375,5568.2001953125,92443600
2019-05-03,5548.83984375,5548.83984375,5563.1201171875,5535.580078125,5537.4599609375,67538000
2019-05-06,5483.52001953125,5483.52001953125,5489.5400390625,5422.58984375,5450.830078125,77234200
2019-05-07,5395.75,5395.75,5490.330078125,5387.990234375,5478.5498046875,93789000
2019-05-08,5417.58984375,5417.58984375,5426.31982421875,5378.18017578125,5388.72021484375,76182500
2019-05-09,5313.16015625,5313.16015625,5363.77001953125,5307.06005859375,5358.10009765625,96336000
2019-05-10,5327.43994140625,5327.43994140625,5372.25,5312.009765625,5353.5,82554800
2019-05-13,5262.56982421875,5262.56982421875,5334.06005859375,5247.66015625,5332.2998046875,87610900
2019-05-14,5341.35009765625,5341.35009765625,5341.35009765625,5288.919921875,5292.080078125,86384000
2019-05-15,5374.259765625,5374.259765625,5374.259765625,5297.2998046875,5348.33984375,103541000
2019-05-16,5448.10986328125,5448.10986328125,5448.10986328125,5346.5400390625,5365.3701171875,89653900
2019-05-17,5438.22998046875,5438.22998046875,5450.64990234375,5401.66015625,5428.169921875,96770400
2019-05-20,5358.58984375,5358.58984375,5438.60009765625,5333.31005859375,5425.2998046875,88787600
2019-05-21,5385.4599609375,5385.4599609375,5394.91015625,5350.1298828125,5373.009765625,79280900
2019-05-22,5378.97998046875,5378.97998046875,5399.72021484375,5345.27978515625,5381.68994140625,69422500
2019-05-23,5281.3701171875,5281.3701171875,5340.3798828125,5272.77978515625,5335.1201171875,95282100
2019-05-24,5316.509765625,5316.509765625,5337.66015625,5302.52001953125,5307.7998046875,86386600
2019-05-27,5336.18994140625,5336.18994140625,5364.22021484375,5323.169921875,5341.39013671875,55120600
2019-05-28,5312.68994140625,5312.68994140625,5351.08984375,5300.7998046875,5343.2998046875,123522700
2019-05-29,5222.1201171875,5222.1201171875,5252.52001953125,5203.81005859375,5249.27001953125,96891600
2019-05-30,5248.91015625,5248.91015625,5258.0498046875,5229.740234375,5241.9501953125,53926800
2019-05-31,5207.6298828125,5207.6298828125,5208.06982421875,5160.91015625,5198.759765625,92675600
2019-06-03,5241.4599609375,5241.4599609375,5241.4599609375,5152.2998046875,5171.60986328125,82486400
2019-06-04,5268.259765625,5268.259765625,5278.91015625,5191.60986328125,5204.22021484375,100999600
2019-06-05,5292.0,5292.0,5306.830078125,5265.60009765625,5271.259765625,82999200
2019-06-06,5278.43017578125,5278.43017578125,5332.68994140625,5264.6201171875,5293.72021484375,97740400
2019-06-07,5364.0498046875,5364.0498046875,5389.9501953125,5299.7099609375,5299.7099609375,85504600
2019-06-10,5382.5,5382.5,5397.35009765625,5369.81982421875,5382.2900390625,44478400
2019-06-11,5408.4501953125,5408.4501953125,5431.5400390625,5381.31005859375,5382.8798828125,82532500
2019-06-12,5374.919921875,5374.919921875,5394.85009765625,5358.81005859375,5379.14990234375,71298300
2019-06-13,5375.6298828125,5375.6298828125,5392.509765625,5353.10986328125,5361.60009765625,69304200
2019-06-14,5367.6201171875,5367.6201171875,5369.3798828125,5342.14990234375,5367.10009765625,65531100
2019-06-17,5390.9501953125,5390.9501953125,5408.75,5368.06982421875,5370.759765625,60116200
2019-06-18,5509.72998046875,5509.72998046875,5516.06005859375,5376.1201171875,5386.3798828125,112114700
2019-06-19,5518.4501953125,5518.4501953125,5521.81005859375,5496.5400390625,5513.31982421875,94042300
2019-06-20,5535.56982421875,5535.56982421875,5564.1298828125,5535.56982421875,5551.02978515625,91520000
2019-06-21,5528.330078125,5528.330078125,5582.240234375,5518.39013671875,5534.43017578125,180857100
2019-06-24,5521.7099609375,5521.7099609375,5547.10986328125,5514.14013671875,5534.35009765625,69081000
2019-06-25,5514.56982421875,5514.56982421875,5523.56982421875,5499.64990234375,5499.81982421875,67601900
2019-06-26,5500.72021484375,5500.72021484375,5531.4501953125,5497.22021484375,5504.669921875,72145100
2019-06-27,5493.60986328125,5493.60986328125,5511.22021484375,5465.6201171875,5508.3798828125,68458200
2019-06-28,5538.97021484375,5538.97021484375,5545.06005859375,5486.27978515625,5491.169921875,77991000
2019-07-01,5567.91015625,5567.91015625,5611.27978515625,5567.91015625,5584.1298828125,70651600
2019-07-02,5576.81982421875,5576.81982421875,5582.91015625,5556.759765625,5578.3798828125,67572900
2019-07-03,5618.81005859375,5618.81005859375,5618.81005859375,5579.0400390625,5579.240234375,63296400
2019-07-04,5620.72998046875,5620.72998046875,5629.7900390625,5613.02978515625,5622.7998046875,46168300
2019-07-05,5593.72021484375,5593.72021484375,5616.6298828125,5573.35009765625,5613.919921875,63896500
2019-07-08,5589.18994140625,5589.18994140625,5598.97021484375,5572.77001953125,5580.259765625,54984500
2019-07-09,5572.10009765625,5572.10009765625,5582.77001953125,5544.6201171875,5578.33984375,62346600
2019-07-10,5567.58984375,5567.58984375,5606.18017578125,5557.66015625,5562.43994140625,60776200
2019-07-11,5551.9501953125,5551.9501953125,5592.2998046875,5548.9501953125,5589.68017578125,57476600
2019-07-12,5572.85986328125,5572.85986328125,5587.83984375,5552.580078125,5559.16015625,60414500
2019-07-15,5578.2099609375,5578.2099609375,5606.47998046875,5550.85986328125,5581.10986328125,53770000
2019-07-16,5614.3798828125,5614.3798828125,5626.7900390625,5573.35986328125,5574.18017578125,66028700
2019-07-17,5571.7099609375,5571.7099609375,5621.2099609375,5567.85009765625,5602.25,63754200
2019-07-18,5550.5498046875,5550.5498046875,5585.81005859375,5533.47021484375,5538.02978515625,63265600
2019-07-19,5552.33984375,5552.33984375,5598.0,5534.25,5580.990234375,65514600
2019-07-22,5567.02001953125,5567.02001953125,5575.740234375,5545.60986328125,5550.2998046875,58118200
2019-07-23,5618.16015625,5618.16015625,5638.66015625,5580.52001953125,5590.60009765625,77856100
2019-07-24,5605.8701171875,5605.8701171875,5627.080078125,5583.14013671875,5617.85986328125,68914100
2019-07-25,5578.0498046875,5578.0498046875,5672.77001953125,5549.66015625,5646.72998046875,106354900
2019-07-26,5610.0498046875,5610.0498046875,5614.25,5568.830078125,5572.72021484375,71726800
2019-07-29,5601.10009765625,5601.10009765625,5624.33984375,5590.81982421875,5598.64990234375,59297700
2019-07-30,5511.06982421875,5511.06982421875,5611.0,5496.77001953125,5610.72998046875,87362100
2019-07-31,5518.89990234375,5518.89990234375,5538.58984375,5503.1298828125,5511.509765625,84213800
2019-08-01,5557.41015625,5557.41015625,5563.64990234375,5499.8798828125,5500.91015625,81383400
2019-08-02,5359.0,5359.0,5455.1298828125,5350.759765625,5427.5498046875,130992200
2019-08-05,5241.5498046875,5241.5498046875,5315.60009765625,5230.4599609375,5296.080078125,105517800
2019-08-06,5234.64990234375,5234.64990234375,5297.4501953125,5234.64990234375,5245.52001953125,88253800
2019-08-07,5266.509765625,5266.509765625,5312.31005859375,5226.39013671875,5252.72998046875,89433100
2019-08-08,5387.9599609375,5387.9599609375,5387.9599609375,5305.85986328125,5333.18017578125,79249600
2019-08-09,5327.919921875,5327.919921875,5374.89990234375,5317.91015625,5368.83984375,71097900
2019-08-12,5310.31005859375,5310.31005859375,5386.4599609375,5293.759765625,5362.39013671875,60267400
2019-08-13,5363.06982421875,5363.06982421875,5402.990234375,5268.47021484375,5292.93994140625,99386900
2019-08-14,5251.2998046875,5251.2998046875,5367.5400390625,5233.85986328125,5367.5400390625,97168500
2019-08-15,5236.93017578125,5236.93017578125,5278.06982421875,5170.77001953125,5274.89990234375,88556700
2019-08-16,5300.7900390625,5300.7900390625,5306.06982421875,5249.330078125,5254.6201171875,99103700
2019-08-19,5371.56005859375,5371.56005859375,5378.740234375,5325.72021484375,5333.1298828125,71538300
2019-08-20,5344.64013671875,5344.64013671875,5391.22998046875,5328.93994140625,5363.58984375,65790300
2019-08-21,5435.47998046875,5435.47998046875,5441.35009765625,5360.02978515625,5360.02978515625,57209100
2019-08-22,5388.25,5388.25,5439.64013671875,5378.25,5414.81005859375,70434200
2019-08-23,5326.8701171875,5326.8701171875,5421.27978515625,5326.8701171875,5413.41015625,70292400
2019-08-26,5351.02001953125,5351.02001953125,5377.02001953125,5300.990234375,5310.16015625,49092000
2019-08-27,5387.08984375,5387.08984375,5399.18017578125,5321.8798828125,5349.85009765625,70020000
2019-08-28,5368.7998046875,5368.7998046875,5375.0400390625,5322.990234375,5372.080078125,62433900
2019-08-29,5449.97021484375,5449.97021484375,5452.89990234375,5354.5498046875,5359.0,69419100
2019-08-30,5480.47998046875,5480.47998046875,5504.009765625,5446.580078125,5451.60009765625,78422900
2019-09-02,5493.0400390625,5493.0400390625,5502.580078125,5479.81982421875,5483.43017578125,42347400
2019-09-03,5466.06982421875,5466.06982421875,5484.5400390625,5441.18017578125,5484.35986328125,57453400
2019-09-04,5532.06982421875,5532.06982421875,5537.10009765625,5508.5,5518.919921875,60939800
2019-09-05,5593.3701171875,5593.3701171875,5605.8798828125,5559.81982421875,5569.58984375,84379600
2019-09-06,5603.990234375,5603.990234375,5610.7001953125,5581.5400390625,5592.06982421875,71138100
2019-09-09,5588.9501953125,5588.9501953125,5611.58984375,5579.93017578125,5606.35986328125,73880200
2019-09-10,5593.2099609375,5593.2099609375,5596.93994140625,5555.509765625,5586.8798828125,106338200
2019-09-11,5618.06005859375,5618.06005859375,5626.0498046875,5606.43017578125,5606.43017578125,92098300
2019-09-12,5642.85986328125,5642.85986328125,5667.4599609375,5596.3701171875,5633.9501953125,110360200
2019-09-13,5655.4599609375,5655.4599609375,5672.06982421875,5638.169921875,5649.22998046875,85595400
2019-09-16,5602.22998046875,5602.22998046875,5632.740234375,5602.22998046875,5626.60986328125,76134900
2019-09-17,5615.509765625,5615.509765625,5619.4501953125,5587.740234375,5602.9599609375,82367800
2019-09-18,5620.64990234375,5620.64990234375,5634.7900390625,5601.64990234375,5609.919921875,68987800
2019-09-19,5659.080078125,5659.080078125,5662.85986328125,5616.91015625,5617.7001953125,78682000
2019-09-20,5690.77978515625,5690.77978515625,5696.25,5647.52978515625,5655.3701171875,188623500
2019-09-23,5630.759765625,5630.759765625,5683.93017578125,5619.2900390625,5679.31005859375,81625000
2019-09-24,5628.330078125,5628.330078125,5648.4599609375,5625.240234375,5644.4599609375,67257400
2019-09-25,5583.7998046875,5583.7998046875,5600.759765625,5531.6201171875,5598.5,80836400
2019-09-26,5620.56982421875,5620.56982421875,5632.14990234375,5572.41015625,5573.6298828125,71044800
2019-09-27,5640.580078125,5640.580078125,5645.35986328125,5621.580078125,5627.43994140625,69249200
2019-09-30,5677.7900390625,5677.7900390625,5678.2001953125,5624.93994140625,5636.14990234375,77126700
2019-10-01,5597.6298828125,5597.6298828125,5704.93017578125,5594.93017578125,5696.2001953125,75964100
2019-10-02,5422.77001953125,5422.77001953125,5589.2001953125,5422.77001953125,5587.14013671875,104451600
2019-10-03,5438.77001953125,5438.77001953125,5472.6201171875,5393.490234375,5432.009765625,83768700
2019-10-04,5488.31982421875,5488.31982421875,5488.31982421875,5426.0,5456.830078125,76196900
2019-10-07,5521.60986328125,5521.60986328125,5524.18994140625,5461.58984375,5476.77001953125,60954000
2019-10-08,5456.6201171875,5456.6201171875,5531.2900390625,5451.72021484375,5526.009765625,72687700
2019-10-09,5499.14013671875,5499.14013671875,5515.64013671875,5447.009765625,5458.16015625,69267500
2019-10-10,5569.0498046875,5569.0498046875,5581.06982421875,5487.169921875,5520.97998046875,87261800
2019-10-11,5665.47998046875,5665.47998046875,5667.39990234375,5574.259765625,5576.9501953125,115452700
2019-10-14,5643.080078125,5643.080078125,5649.669921875,5600.10986328125,5646.330078125,65357900
2019-10-15,5702.0498046875,5702.0498046875,5724.31005859375,5659.68994140625,5676.740234375,88007900
2019-10-16,5696.89990234375,5696.89990234375,5708.91015625,5677.9599609375,5703.39013671875,83929000
2019-10-17,5673.06982421875,5673.06982421875,5737.14990234375,5673.06982421875,5679.919921875,88695900
2019-10-18,5636.25,5636.25,5667.58984375,5621.8701171875,5653.080078125,95316900
2019-10-21,5648.35009765625,5648.35009765625,5664.580078125,5625.10009765625,5633.0400390625,77639300
2019-10-22,5657.68994140625,5657.68994140625,5658.64990234375,5612.85986328125,5644.97998046875,67301500
2019-10-23,5653.43994140625,5653.43994140625,5657.64990234375,5616.02001953125,5617.2998046875,75280000
2019-10-24,5684.330078125,5684.330078125,5691.5,5659.9501953125,5678.259765625,83627900
2019-10-25,5722.14990234375,5722.14990234375,5722.64013671875,5671.81982421875,5694.89990234375,71714000
2019-10-28,5730.56982421875,5730.56982421875,5747.10009765625,5711.10009765625,5720.72998046875,69809000
2019-10-29,5740.14013671875,5740.14013671875,5742.080078125,5715.259765625,5728.10009765625,74571800
2019-10-30,5765.8701171875,5765.8701171875,5765.8701171875,5720.27001953125,5749.68994140625,90959100
2019-10-31,5729.85986328125,5729.85986328125,5778.240234375,5718.6298828125,5770.259765625,112062300
2019-11-01,5761.89013671875,5761.89013671875,5778.2900390625,5739.7001953125,5749.47998046875,65867300
2019-11-04,5824.2998046875,5824.2998046875,5833.68994140625,5784.85009765625,5788.35986328125,86434000
2019-11-05,5846.89013671875,5846.89013671875,5850.009765625,5818.93994140625,5825.60009765625,78408500
2019-11-06,5866.740234375,5866.740234375,5876.27001953125,5838.39990234375,5847.60986328125,86948200
2019-11-07,5890.990234375,5890.990234375,5894.8701171875,5871.18017578125,5888.83984375,105688900
2019-11-08,5889.7001953125,5889.7001953125,5889.7001953125,5861.60986328125,5867.419921875,94387100
2019-11-11,5893.81982421875,5893.81982421875,5906.330078125,5871.7099609375,5873.740234375,60606400
2019-11-12,5919.75,5919.75,5931.18994140625,5897.2998046875,5904.27001953125,72093200
2019-11-13,5907.08984375,5907.08984375,5917.56982421875,5874.06005859375,5908.16015625,76988600
2019-11-14,5901.080078125,5901.080078125,5916.89990234375,5894.06982421875,5902.39990234375,67172300
2019-11-15,5939.27001953125,5939.27001953125,5947.6201171875,5907.9501953125,5933.06982421875,74070300
2019-11-18,5929.7900390625,5929.7900390625,5942.47021484375,5900.35009765625,5939.64013671875,70805300
2019-11-19,5909.0498046875,5909.0498046875,5966.7900390625,5895.91015625,5936.990234375,72290900
2019-11-20,5894.02978515625,5894.02978515625,5902.9501953125,5859.580078125,5880.68994140625,74180900
2019-11-21,5881.2099609375,5881.2099609375,5895.56982421875,5834.259765625,5860.5498046875,76235300
2019-11-22,5893.1298828125,5893.1298828125,5930.4599609375,5885.60986328125,5885.60986328125,75146000
2019-11-25,5924.85986328125,5924.85986328125,5933.75,5908.2900390625,5917.83984375,62132600
2019-11-26,5929.6201171875,5929.6201171875,5941.509765625,5909.93017578125,5927.41015625,112044300
2019-11-27,5926.83984375,5926.83984375,5947.2998046875,5921.919921875,5943.4501953125,68032200
2019-11-28,5912.72021484375,5912.72021484375,5919.1298828125,5900.2099609375,5909.9501953125,42729800
2019-11-29,5905.169921875,5905.169921875,5929.7900390625,5885.66015625,5895.89013671875,61639300
2019-12-02,5786.740234375,5786.740234375,5947.68017578125,5781.02978515625,5910.1201171875,99392100
2019-12-03,5727.22021484375,5727.22021484375,5800.93017578125,5697.06005859375,5787.14013671875,86293300
2019-12-04,5799.68017578125,5799.68017578125,5812.7099609375,5725.97021484375,5725.97021484375,89688600
2019-12-05,5801.5498046875,5801.5498046875,5849.77978515625,5801.4599609375,5808.259765625,73424300
2019-12-06,5871.91015625,5871.91015625,5871.91015625,5811.2900390625,5815.75,75933300
2019-12-09,5837.25,5837.25,5870.7900390625,5836.14013671875,5865.72998046875,56245200
2019-12-10,5848.02978515625,5848.02978515625,5851.10986328125,5776.669921875,5833.47998046875,73070100
2019-12-11,5860.8798828125,5860.8798828125,5865.8798828125,5825.419921875,5844.02001953125,62940400
2019-12-12,5884.259765625,5884.259765625,5915.64990234375,5845.0,5871.2001953125,91513000
2019-12-13,5919.02001953125,5919.02001953125,5972.169921875,5907.22021484375,5968.85986328125,113199500
2019-12-16,5991.66015625,5991.66015625,6003.3798828125,5942.2998046875,5946.64990234375,77242800
2019-12-17,5968.259765625,5968.259765625,5989.47998046875,5955.35986328125,5989.47998046875,84477400
2019-12-18,5959.60009765625,5959.60009765625,5983.02001953125,5959.60009765625,5971.39990234375,80799300
2019-12-19,5972.27978515625,5972.27978515625,5972.27978515625,5942.8798828125,5963.8701171875,72322800
2019-12-20,6021.52978515625,6021.52978515625,6024.169921875,5966.8798828125,5979.52978515625,151362500
2019-12-23,6029.3701171875,6029.3701171875,6035.9501953125,6005.9599609375,6013.56005859375,46603900
2019-12-24,6029.5498046875,6029.5498046875,6033.990234375,6025.6201171875,6027.18994140625,12440900
2019-12-27,6037.39013671875,6037.39013671875,6065.0,6027.72021484375,6039.9501953125,47289800
2019-12-30,5982.22021484375,5982.22021484375,6037.7001953125,5982.22021484375,6028.9599609375,40318700
2019-12-31,5978.06005859375,5978.06005859375,5987.22021484375,5958.25,5970.58984375,20670000
2020-01-02,6041.5,6041.5,6062.919921875,6011.2099609375,6016.60986328125,63958300
2020-01-03,6044.16015625,6044.16015625,6044.16015625,5994.58984375,6007.9599609375,60488000
2020-01-06,6013.58984375,6013.58984375,6017.97021484375,5955.25,6001.2099609375,69063700
2020-01-07,6012.35009765625,6012.35009765625,6065.740234375,6000.0,6033.22021484375,69593800
2020-01-08,6031.0,6031.0,6031.0,5972.77001953125,5986.81005859375,71431600
2020-01-09,6042.5498046875,6042.5498046875,6071.66015625,6034.14990234375,6066.75,67961100
2020-01-10,6037.10986328125,6037.10986328125,6057.830078125,6028.2900390625,6056.740234375,64393300
2020-01-13,6036.14013671875,6036.14013671875,6058.68994140625,6018.330078125,6040.91015625,65192400
2020-01-14,6040.89013671875,6040.89013671875,6046.1201171875,5980.0498046875,6037.4501953125,75439500
2020-01-15,6032.60986328125,6032.60986328125,6053.009765625,6011.27978515625,6042.72021484375,79851500
2020-01-16,6039.02978515625,6039.02978515625,6058.97021484375,6021.02978515625,6039.6201171875,76032900
2020-01-17,6100.72021484375,6100.72021484375,6109.81005859375,6066.2900390625,6066.2900390625,79316600
2020-01-20,6078.5400390625,6078.5400390625,6094.08984375,6071.169921875,6092.97021484375,41270000
2020-01-21,6045.990234375,6045.990234375,6045.990234375,5994.169921875,6034.240234375,63922800
2020-01-22,6010.97998046875,6010.97998046875,6069.259765625,6005.77001953125,6053.85009765625,69408800
2020-01-23,5971.7900390625,5971.7900390625,6024.31982421875,5961.8701171875,5992.47021484375,90037200
2020-01-24,6024.259765625,6024.259765625,6064.5498046875,6016.77001953125,6019.60009765625,82330600
2020-01-27,5863.02001953125,5863.02001953125,5942.830078125,5851.0,5924.06005859375,104036300
2020-01-28,5925.81982421875,5925.81982421875,5933.72021484375,5857.22998046875,5886.81005859375,84491600
2020-01-29,5954.89013671875,5954.89013671875,5969.72998046875,5916.22998046875,5921.97021484375,74107000
2020-01-30,5871.77001953125,5871.77001953125,5904.080078125,5846.4501953125,5886.02001953125,89992200
2020-01-31,5806.33984375,5806.33984375,5894.68994140625,5799.0400390625,5891.7099609375,101862600
2020-02-03,5832.509765625,5832.509765625,5857.39990234375,5804.14013671875,5822.0400390625,75677800
2020-02-04,5935.0498046875,5935.0498046875,5935.0498046875,5862.81982421875,5863.35986328125,85595000
2020-02-05,5985.39990234375,5985.39990234375,6004.330078125,5912.490234375,5919.06005859375,107839000
2020-02-06,6038.18017578125,6038.18017578125,6050.93994140625,6008.5498046875,6045.0400390625,106153100
2020-02-07,6029.75,6029.75,6044.97021484375,5999.9501953125,6027.5400390625,82348500
2020-02-10,6015.669921875,6015.669921875,6018.31005859375,5993.91015625,6008.47998046875,65703100
2020-02-11,6054.759765625,6054.759765625,6060.97021484375,6032.7900390625,6047.9599609375,81568400
2020-02-12,6104.72998046875,6104.72998046875,6104.72998046875,6062.97021484375,6064.25,92681200
2020-02-13,6093.14013671875,6093.14013671875,6098.259765625,6028.27978515625,6076.919921875,92665700
2020-02-14,6069.35009765625,6069.35009765625,6096.06982421875,6067.14013671875,6096.06982421875,77985500
2020-02-17,6085.9501953125,6085.9501953125,6088.60009765625,6064.919921875,6079.52978515625,58001900
2020-02-18,6056.81982421875,6056.81982421875,6079.5,6039.93994140625,6042.3798828125,89930300
2020-02-19,6111.240234375,6111.240234375,6111.41015625,6072.66015625,6086.10986328125,80156900
2020-02-20,6062.2998046875,6062.2998046875,6110.9501953125,6062.2998046875,6105.169921875,91055800
2020-02-21,6029.72021484375,6029.72021484375,6067.2900390625,5995.14013671875,6035.02978515625,97327600
2020-02-24,5791.8701171875,5791.8701171875,5884.85986328125,5765.169921875,5875.85986328125,175269600
2020-02-25,5679.68017578125,5679.68017578125,5828.4599609375,5670.7099609375,5825.3701171875,143623800
2020-02-26,5684.5498046875,5684.5498046875,5707.31005859375,5526.14013671875,5646.14013671875,161976300
2020-02-27,5495.60009765625,5495.60009765625,5613.72021484375,5421.31005859375,5571.72021484375,216328100
2020-02-28,5309.89990234375,5309.89990234375,5376.0498046875,5229.56005859375,5310.81982421875,268468000
2020-03-02,5333.52001953125,5333.52001953125,5430.0498046875,5197.56982421875,5416.02001953125,201844000
2020-03-03,5393.169921875,5393.169921875,5509.27978515625,5371.66015625,5408.14990234375,186265500
2020-03-04,5464.89013671875,5464.89013671875,5493.25,5357.35009765625,5400.43017578125,152463500
2020-03-05,5361.10009765625,5361.10009765625,5494.16015625,5329.240234375,5490.52001953125,155475900
2020-03-06,5139.10986328125,5139.10986328125,5284.080078125,5117.56982421875,5253.81982421875,198425500
2020-03-09,4707.91015625,4707.91015625,4863.33984375,4691.2001953125,4845.27001953125,329160800
2020-03-10,4636.60986328125,4636.60986328125,4924.83984375,4615.16015625,4770.6201171875,280309600
2020-03-11,4610.25,4610.25,4766.0,4603.0498046875,4716.22021484375,206895800
2020-03-12,4044.260009765625,4044.260009765625,4404.259765625,4025.889892578125,4374.669921875,371403200
2020-03-13,4118.35986328125,4118.35986328125,4438.509765625,4055.18994140625,4234.3701171875,326461800
2020-03-16,3881.4599609375,3881.4599609375,3962.010009765625,3632.06005859375,3886.820068359375,311603900
2020-03-17,3991.780029296875,3991.780029296875,4042.4599609375,3759.0,4041.330078125,225787000
2020-03-18,3754.840087890625,3754.840087890625,3908.719970703125,3726.449951171875,3905.530029296875,214274700
2020-03-19,3855.5,3855.5,3909.14990234375,3691.080078125,3833.989990234375,199534100
2020-03-20,4048.800048828125,4048.800048828125,4109.10986328125,3984.300048828125,4066.7900390625,271872900
2020-03-23,3914.31005859375,3914.31005859375,4097.81982421875,3851.169921875,3869.010009765625,195845200
2020-03-24,4242.7001953125,4242.7001953125,4242.7001953125,4038.06005859375,4087.610107421875,185439800
2020-03-25,4432.2998046875,4432.2998046875,4453.009765625,4221.31982421875,4339.7099609375,176942500
2020-03-26,4543.580078125,4543.580078125,4543.580078125,4296.06005859375,4332.7900390625,150657300
2020-03-27,4351.490234375,4351.490234375,4471.3701171875,4288.66015625,4433.9501953125,144021100
2020-03-30,4378.509765625,4378.509765625,4379.14990234375,4216.41015625,4362.08984375,119404100
2020-03-31,4396.1201171875,4396.1201171875,4468.52001953125,4309.72021484375,4437.77978515625,151397700
2020-04-01,4207.240234375,4207.240234375,4266.68994140625,4186.4501953125,4259.93994140625,141856100
2020-04-02,4220.9599609375,4220.9599609375,4265.56005859375,4143.16015625,4243.83984375,135203200
2020-04-03,4154.580078125,4154.580078125,4214.58984375,4142.27978515625,4204.81005859375,124037700
2020-04-06,4346.14013671875,4346.14013671875,4353.2099609375,4268.52001953125,4298.5,141469800
2020-04-07,4438.27001953125,4438.27001953125,4527.60009765625,4379.27001953125,4489.39990234375,146543100
2020-04-08,4442.75,4442.75,4442.75,4333.08984375,4397.35986328125,96256500
2020-04-09,4506.85009765625,4506.85009765625,4543.68994140625,4409.0400390625,4512.2998046875,126589000
2020-04-14,4523.91015625,4523.91015625,4577.83984375,4497.56005859375,4553.5498046875,104764600
2020-04-15,4353.72021484375,4353.72021484375,4525.5,4335.58984375,4511.8701171875,119358000
2020-04-16,4350.16015625,4350.16015625,4418.64990234375,4318.89990234375,4402.3798828125,107745200
2020-04-17,4499.009765625,4499.009765625,4550.77978515625,4464.08984375,4470.919921875,134393000
2020-04-20,4528.2998046875,4528.2998046875,4531.33984375,4426.240234375,4531.33984375,79833400
2020-04-21,4357.4599609375,4357.4599609375,4477.31005859375,4357.4599609375,4467.490234375,98896700
2020-04-22,4411.7998046875,4411.7998046875,4417.56982421875,4361.43994140625,4382.2001953125,84195800
2020-04-23,4451.0,4451.0,4495.89990234375,4395.75,4450.18994140625,90083500
2020-04-24,4393.31982421875,4393.31982421875,4448.72998046875,4366.08984375,4387.02978515625,81295300
2020-04-27,4505.259765625,4505.259765625,4505.259765625,4448.0498046875,4479.85986328125,75900400
2020-04-28,4569.7900390625,4569.7900390625,4601.93994140625,4493.509765625,4507.419921875,104388900
2020-04-29,4671.10986328125,4671.10986328125,4678.93017578125,4552.81005859375,4566.2900390625,111685100
2020-04-30,4572.18017578125,4572.18017578125,4719.740234375,4554.91015625,4693.27978515625,141611100
2020-05-04,4378.22998046875,4378.22998046875,4427.740234375,4362.1298828125,4413.14013671875,124810600
2020-05-05,4483.1298828125,4483.1298828125,4492.52001953125,4419.9501953125,4455.740234375,93373300
2020-05-06,4433.3798828125,4433.3798828125,4484.16015625,4425.77978515625,4484.16015625,83242500
2020-05-07,4501.43994140625,4501.43994140625,4503.93994140625,4440.97998046875,4456.43994140625,78225400
2020-05-08,4549.64013671875,4549.64013671875,4560.18994140625,4519.58984375,4538.08984375,49408600
2020-05-11,4490.22021484375,4490.22021484375,4569.759765625,4460.240234375,4561.18994140625,83493200
2020-05-12,4472.5,4472.5,4499.39013671875,4453.64990234375,4473.43017578125,99269700
2020-05-13,4344.9501953125,4344.9501953125,4422.740234375,4336.56005859375,4420.5,103285300
2020-05-14,4273.1298828125,4273.1298828125,4313.259765625,4194.580078125,4294.009765625,127632000
2020-05-15,4277.6298828125,4277.6298828125,4335.77001953125,4255.18994140625,4314.97021484375,111236400
2020-05-18,4498.33984375,4498.33984375,4508.9501953125,4354.72998046875,4361.02978515625,119506400
2020-05-19,4458.16015625,4458.16015625,4536.06982421875,4421.10986328125,4536.06982421875,138767200
2020-05-20,4496.97998046875,4496.97998046875,4499.7900390625,4396.2001953125,4434.6201171875,107244100
2020-05-21,4445.4501953125,4445.4501953125,4498.080078125,4429.27001953125,4443.919921875,88243500
2020-05-22,4444.56005859375,4444.56005859375,4475.35009765625,4368.7998046875,4381.81982421875,99188200
2020-05-25,4539.91015625,4539.91015625,4539.91015625,4451.56005859375,4482.5400390625,65971900
2020-05-26,4606.240234375,4606.240234375,4619.83984375,4573.89013671875,4588.2998046875,140172500
2020-05-27,4688.740234375,4688.740234375,4711.990234375,4614.41015625,4621.77001953125,177960100
2020-05-28,4771.39013671875,4771.39013671875,4784.08984375,4701.52001953125,4718.10986328125,127442900
2020-05-29,4695.43994140625,4695.43994140625,4768.85009765625,4695.35986328125,4733.97998046875,167179700
2020-06-01,4762.77978515625,4762.77978515625,4782.02978515625,4721.6298828125,4776.72021484375,75978000
2020-06-02,4858.97021484375,4858.97021484375,4880.14990234375,4795.27978515625,4799.8798828125,126839400
2020-06-03,5022.3798828125,5022.3798828125,5026.4501953125,4909.990234375,4911.4501953125,160112800
2020-06-04,5011.97998046875,5011.97998046875,5052.75,4966.81982421875,4994.18017578125,138794600
2020-06-05,5197.7900390625,5197.7900390625,5199.64990234375,5060.919921875,5060.919921875,186841500
2020-06-08,5175.52001953125,5175.52001953125,5213.669921875,5137.2001953125,5159.2998046875,152914400
2020-06-09,5095.10986328125,5095.10986328125,5203.419921875,5053.2099609375,5187.08984375,160534800
2020-06-10,5053.419921875,5053.419921875,5152.4501953125,5043.56982421875,5119.85986328125,121335100
2020-06-11,4815.60009765625,4815.60009765625,4956.2998046875,4815.60009765625,4925.9501953125,161274600
2020-06-12,4839.259765625,4839.259765625,4940.7900390625,4759.169921875,4774.10986328125,133164300
2020-06-15,4815.72021484375,4815.72021484375,4841.52978515625,4691.81005859375,4716.97998046875,111889900
2020-06-16,4952.4599609375,4952.4599609375,5006.7900390625,4887.56005859375,4922.7900390625,144445800
2020-06-17,4995.97021484375,4995.97021484375,5026.83984375,4952.56982421875,4952.56982421875,107060900
2020-06-18,4958.75,4958.75,5017.18017578125,4908.60009765625,4978.2998046875,101195000
2020-06-19,4979.4501953125,4979.4501953125,5040.47021484375,4979.4501953125,4997.52978515625,219575400
2020-06-22,4948.7001953125,4948.7001953125,5006.39990234375,4902.06005859375,4928.009765625,84695500
2020-06-23,5017.68017578125,5017.68017578125,5046.31005859375,4962.60009765625,4972.8798828125,101534900
2020-06-24,4871.35986328125,4871.35986328125,5004.0400390625,4871.35986328125,4985.6298828125,97104300
2020-06-25,4918.580078125,4918.580078125,4941.9599609375,4795.0498046875,4860.16015625,99381800
2020-06-26,4909.64013671875,4909.64013671875,5014.830078125,4908.14990234375,4965.72021484375,83954200
2020-06-29,4945.4599609375,4945.4599609375,4977.6298828125,4867.330078125,4887.22998046875,94421100
2020-06-30,4935.990234375,4935.990234375,4967.35009765625,4901.9599609375,4958.93994140625,102399800
2020-07-01,4926.93994140625,4926.93994140625,4963.3701171875,4851.3701171875,4939.7998046875,94498400
2020-07-02,5049.3798828125,5049.3798828125,5072.7099609375,4956.66015625,4963.1298828125,115448500
2020-07-03,5007.14013671875,5007.14013671875,5062.509765625,4982.240234375,5056.669921875,61984900
2020-07-06,5081.509765625,5081.509765625,5121.72021484375,5059.06982421875,5112.5,88519700
2020-07-07,5043.72998046875,5043.72998046875,5056.52001953125,5009.02978515625,5054.0400390625,75993100
2020-07-08,4981.1298828125,4981.1298828125,5040.52001953125,4969.830078125,5004.81982421875,79877900
2020-07-09,4921.009765625,4921.009765625,5014.85009765625,4911.56005859375,5006.52001953125,83118100
2020-07-10,4970.47998046875,4970.47998046875,4974.3701171875,4882.5,4891.60986328125,82357100
2020-07-13,5056.22998046875,5056.22998046875,5060.43017578125,4980.1201171875,5026.2001953125,75191300
2020-07-14,5007.4599609375,5007.4599609375,5007.4599609375,4941.72998046875,4990.47998046875,83503800
2020-07-15,5108.97998046875,5108.97998046875,5145.330078125,5039.18994140625,5045.919921875,97819900
2020-07-16,5085.27978515625,5085.27978515625,5105.1201171875,5048.31982421875,5076.52001953125,69535800
2020-07-17,5069.419921875,5069.419921875,5091.1298828125,5045.06982421875,5088.0,82550600
2020-07-20,5093.18017578125,5093.18017578125,5100.7900390625,5015.10986328125,5058.47998046875,65186800
2020-07-21,5104.27978515625,5104.27978515625,5172.97998046875,5097.419921875,5129.77978515625,85782100
2020-07-22,5037.1201171875,5037.1201171875,5099.2900390625,5028.47998046875,5098.47998046875,75799200
2020-07-23,5033.759765625,5033.759765625,5083.97021484375,5019.2099609375,5064.72021484375,79473700
2020-07-24,4956.43017578125,4956.43017578125,4982.1201171875,4925.41015625,4973.72998046875,76465000
2020-07-27,4939.6201171875,4939.6201171875,4957.77001953125,4923.18994140625,4944.2998046875,74167000
2020-07-28,4928.93994140625,4928.93994140625,4950.009765625,4893.6298828125,4930.10009765625,78674500
2020-07-29,4958.740234375,4958.740234375,4978.5,4945.580078125,4948.47998046875,75517100
2020-07-30,4852.93994140625,4852.93994140625,4952.3798828125,4801.02001953125,4952.080078125,137065700
2020-07-31,4783.68994140625,4783.68994140625,4902.89990234375,4783.68994140625,4866.240234375,129676300
2020-08-03,4875.93017578125,4875.93017578125,4899.52001953125,4763.60009765625,4797.06005859375,104619900
2020-08-04,4889.52001953125,4889.52001953125,4920.7998046875,4856.64990234375,4905.66015625,86945300
2020-08-05,4933.33984375,4933.33984375,4954.60009765625,4907.41015625,4916.9599609375,74970100
2020-08-06,4885.1298828125,4885.1298828125,4951.85986328125,4860.97998046875,4919.41015625,80015300
2020-08-07,4889.52001953125,4889.52001953125,4896.2099609375,4843.89990234375,4873.10009765625,62365400
2020-08-10,4909.509765625,4909.509765625,4937.6298828125,4878.580078125,4905.27001953125,62044500
2020-08-11,5027.990234375,5027.990234375,5052.1201171875,4949.0498046875,4952.41015625,97809400
2020-08-12,5073.31005859375,5073.31005859375,5096.52978515625,5010.7998046875,5017.72998046875,76792800
2020-08-13,5042.3798828125,5042.3798828125,5079.02001953125,5037.5498046875,5055.419921875,57693500
2020-08-14,4962.93017578125,4962.93017578125,5018.9501953125,4921.580078125,5018.9501953125,66383400
2020-08-17,4971.93994140625,4971.93994140625,4995.5498046875,4937.72021484375,4972.58984375,51855600
2020-08-18,4938.06005859375,4938.06005859375,5001.2900390625,4924.14990234375,4951.97998046875,60466700
2020-08-19,4977.22998046875,4977.22998046875,4977.22998046875,4917.52978515625,4934.7900390625,53103600
2020-08-20,4911.240234375,4911.240234375,4937.9501953125,4888.14990234375,4914.68994140625,66410900
2020-08-21,4896.330078125,4896.330078125,4939.25,4839.080078125,4927.60986328125,72886800
2020-08-24,5007.89013671875,5007.89013671875,5013.7001953125,4948.7099609375,4948.7099609375,68837200
2020-08-25,5008.27001953125,5008.27001953125,5073.60986328125,5008.27001953125,5023.06005859375,64060000
2020-08-26,5048.43017578125,5048.43017578125,5050.10009765625,4977.93994140625,4991.6298828125,49317700
2020-08-27,5015.97021484375,5015.97021484375,5052.259765625,5005.4599609375,5052.259765625,67454700
2020-08-28,5002.93994140625,5002.93994140625,5031.52978515625,4970.64013671875,5031.31005859375,71208000
2020-08-31,4947.22021484375,4947.22021484375,5067.5498046875,4942.18017578125,5041.33984375,97432500
2020-09-01,4938.10009765625,4938.10009765625,4993.56005859375,4892.830078125,4974.419921875,91322100
2020-09-02,5031.740234375,5031.740234375,5062.009765625,4959.64013671875,4969.6201171875,86998900
2020-09-03,5009.52001953125,5009.52001953125,5131.39013671875,4982.33984375,5074.64013671875,93616800
2020-09-04,4965.06982421875,4965.06982421875,5068.8798828125,4928.7900390625,4974.68994140625,108586000
2020-09-07,5053.72021484375,5053.72021484375,5064.64013671875,4979.8701171875,4979.8701171875,61686000
2020-09-08,4973.52001953125,4973.52001953125,5061.60009765625,4935.3798828125,5052.8798828125,85589800
2020-09-09,5042.97998046875,5042.97998046875,5058.35009765625,4973.35986328125,4980.4599609375,86318500
2020-09-10,5023.93017578125,5023.93017578125,5062.89013671875,5005.83984375,5039.47998046875,70699400
2020-09-11,5034.14013671875,5034.14013671875,5053.6298828125,4997.85986328125,5014.97021484375,70572900
2020-09-14,5051.8798828125,5051.8798828125,5087.52001953125,5034.91015625,5071.8701171875,57540800
2020-09-15,5067.93017578125,5067.93017578125,5087.990234375,5035.10009765625,5056.89990234375,79316700
2020-09-16,5074.419921875,5074.419921875,5091.52001953125,5029.56005859375,5065.75,81456400
2020-09-17,5039.5,5039.5,5053.31982421875,4995.64990234375,5005.89013671875,85821100
2020-09-18,4978.18017578125,4978.18017578125,5041.330078125,4978.18017578125,5035.93994140625,279158000
2020-09-21,4792.0400390625,4792.0400390625,4949.759765625,4779.2099609375,4949.759765625,128894100
2020-09-22,4772.83984375,4772.83984375,4827.0,4772.83984375,4809.56982421875,92909500
2020-09-23,4802.259765625,4802.259765625,4871.4501953125,4802.259765625,4824.169921875,86947200
2020-09-24,4762.6201171875,4762.6201171875,4806.830078125,4744.0400390625,4746.10009765625,97836800
2020-09-25,4729.66015625,4729.66015625,4758.0498046875,4666.259765625,4754.81005859375,96957900
2020-09-28,4843.27001953125,4843.27001953125,4849.97021484375,4788.18017578125,4806.14013671875,96864500
2020-09-29,4832.06982421875,4832.06982421875,4846.6298828125,4806.4501953125,4832.8701171875,73788000
2020-09-30,4803.43994140625,4803.43994140625,4854.02001953125,4782.68994140625,4793.18994140625,98788900
2020-10-01,4824.0400390625,4824.0400390625,4871.830078125,4804.77001953125,4850.2001953125,90319600
2020-10-02,4824.8798828125,4824.8798828125,4824.8798828125,4757.22021484375,4769.43017578125,78027700
2020-10-05,4871.8701171875,4871.8701171875,4876.85986328125,4842.259765625,4863.6298828125,73984600
2020-10-06,4895.4599609375,4895.4599609375,4925.7099609375,4850.35986328125,4881.7998046875,88768400
2020-10-07,4882.0,4882.0,4915.6298828125,4865.259765625,4888.490234375,90531200
2020-10-08,4911.93994140625,4911.93994140625,4936.0400390625,4877.10009765625,4910.490234375,76900000
2020-10-09,4946.81005859375,4946.81005859375,4954.02001953125,4918.06005859375,4925.41015625,82326900
2020-10-12,4979.2900390625,4979.2900390625,4998.509765625,4944.0,4952.47021484375,74090900
2020-10-13,4947.60986328125,4947.60986328125,4976.580078125,4928.64013671875,4976.27978515625,81146200
2020-10-14,4941.66015625,4941.66015625,4965.31982421875,4928.43017578125,4956.68994140625,71558400
2020-10-15,4837.419921875,4837.419921875,4881.31005859375,4808.580078125,4873.02978515625,106038500
2020-10-16,4935.85986328125,4935.85986328125,4957.60009765625,4875.759765625,4904.10009765625,103413300
2020-10-19,4942.6201171875,4942.6201171875,4993.39013671875,4881.4599609375,4955.39013671875,44905900
2020-10-20,4929.27978515625,4929.27978515625,4968.60986328125,4914.490234375,4932.8701171875,89484700
2020-10-21,4853.9501953125,4853.9501953125,4945.330078125,4849.009765625,4945.330078125,77277800
2020-10-22,4851.3798828125,4851.3798828125,4873.89990234375,4783.64990234375,4830.43994140625,89673900
2020-10-23,4909.64013671875,4909.64013671875,4934.7099609375,4843.14013671875,4843.27978515625,80388100
2020-10-26,4816.1201171875,4816.1201171875,4896.47021484375,4814.990234375,4844.64013671875,0
2020-10-27,4730.66015625,4730.66015625,4818.97998046875,4723.7001953125,4818.97998046875,0
2020-10-28,4571.1201171875,4571.1201171875,4640.6298828125,4521.60986328125,4635.18994140625,0
2020-10-29,4569.669921875,4569.669921875,4606.72021484375,4512.56982421875,4571.1298828125,0
2020-10-30,4594.240234375,4594.240234375,4601.740234375,4519.3701171875,4519.3701171875,0
2020-11-02,4691.14013671875,4691.14013671875,4705.10986328125,4581.85986328125,4614.9501953125,0
2020-11-03,4805.60986328125,4805.60986328125,4812.2900390625,4730.22998046875,4743.85986328125,0
2020-11-04,4922.85009765625,4922.85009765625,4926.56005859375,4730.31005859375,4736.4599609375,0
2020-11-05,4983.990234375,4983.990234375,4998.18994140625,4942.18017578125,4956.02001953125,0
2020-11-06,4960.8798828125,4960.8798828125,4997.740234375,4915.240234375,4964.259765625,0
2020-11-09,5336.31982421875,5336.31982421875,5387.490234375,5021.330078125,5036.919921875,0
2020-11-10,5418.97021484375,5418.97021484375,5439.080078125,5327.22021484375,5351.31005859375,0
2020-11-11,5445.2099609375,5445.2099609375,5462.9501953125,5408.669921875,5433.66015625,0
2020-11-12,5362.56982421875,5362.56982421875,5421.39990234375,5348.6298828125,5394.3701171875,0
2020-11-13,5380.16015625,5380.16015625,5411.1201171875,5343.25,5343.31982421875,0
2020-11-16,5471.47998046875,5471.47998046875,5518.91015625,5402.31005859375,5430.56982421875,0
2020-11-17,5483.0,5483.0,5487.31005859375,5441.259765625,5468.2900390625,0
2020-11-18,5511.4501953125,5511.4501953125,5521.009765625,5452.1201171875,5468.169921875,0
2020-11-19,5474.66015625,5474.66015625,5490.18017578125,5449.4501953125,5458.02001953125,0
2020-11-20,5495.89013671875,5495.89013671875,5524.25,5461.39013671875,5463.990234375,0
2020-11-23,5492.14990234375,5492.14990234375,5555.830078125,5492.14990234375,5543.830078125,95986700
2020-11-24,5558.419921875,5558.419921875,5574.68994140625,5536.10986328125,5546.06982421875,0
2020-11-25,5571.2900390625,5571.2900390625,5589.77978515625,5545.009765625,5577.97021484375,0
2020-11-26,5566.7900390625,5566.7900390625,5592.77978515625,5559.72021484375,5589.3798828125,65753800
2020-11-27,5598.18017578125,5598.18017578125,5612.759765625,5556.6201171875,5563.0400390625,84633600
2020-11-30,5518.5498046875,5518.5498046875,5599.93994140625,5518.5498046875,5564.16015625,0
2020-12-01,5581.64013671875,5581.64013671875,5589.68017578125,5529.25,5542.4599609375,0
2020-12-02,5583.009765625,5583.009765625,5585.8701171875,5549.7900390625,5563.0498046875,0
2020-12-03,5574.35986328125,5574.35986328125,5584.10009765625,5546.2900390625,5581.52978515625,0
2020-12-04,5609.14990234375,5609.14990234375,5616.6201171875,5574.1201171875,5574.1201171875,0
2020-12-07,5573.3798828125,5573.3798828125,5595.830078125,5535.419921875,5594.5,86156600
2020-12-08,5560.669921875,5560.669921875,5574.56982421875,5521.8701171875,5553.7900390625,0
2020-12-09,5546.81982421875,5546.81982421875,5599.41015625,5545.93994140625,5590.18994140625,90861600
2020-12-10,5549.64990234375,5549.64990234375,5572.7998046875,5511.47998046875,5558.9599609375,0
2020-12-11,5507.5498046875,5507.5498046875,5532.81005859375,5466.56005859375,5528.14013671875,96872800
2020-12-14,5527.83984375,5527.83984375,5577.18017578125,5527.83984375,5547.2998046875,0
2020-12-15,5530.31005859375,5530.31005859375,5565.52001953125,5517.06005859375,5521.7900390625,0
2020-12-16,5547.68017578125,5547.68017578125,5589.759765625,5515.5,5551.4501953125,0
2020-12-17,5549.4599609375,5549.4599609375,5585.509765625,5547.58984375,5578.7900390625,0
2020-12-18,5527.83984375,5527.83984375,5581.9599609375,5519.169921875,5533.77978515625,173234900
2020-12-21,5393.33984375,5393.33984375,5422.10009765625,5306.580078125,5392.5498046875,122849400
2020-12-22,5466.85986328125,5466.85986328125,5477.8701171875,5411.14990234375,5411.14990234375,0
2020-12-23,5527.58984375,5527.58984375,5539.16015625,5472.02978515625,5472.14013671875,59208500
2020-12-24,5522.009765625,5522.009765625,5545.7099609375,5517.009765625,5542.490234375,0
2020-12-28,5588.3798828125,5588.3798828125,5601.0,5547.89990234375,5562.0400390625,44706900
2020-12-29,5611.7900390625,5611.7900390625,5625.52001953125,5603.740234375,5610.1298828125,0
2020-12-30,5599.41015625,5599.41015625,5625.60009765625,5594.10986328125,5603.72021484375,35280300
2020-12-31,5551.41015625,5551.41015625,5598.93017578125,5551.41015625,5573.2001953125,0
2021-01-04,5588.9599609375,5588.9599609375,5656.419921875,5567.97021484375,5614.0400390625,82741000
2021-01-05,5564.60009765625,5564.60009765625,5603.66015625,5530.47998046875,5561.60009765625,79263400
2021-01-06,5630.60009765625,5630.60009765625,5648.419921875,5553.39013671875,5601.009765625,116286300
2021-01-07,5669.85009765625,5669.85009765625,5689.27978515625,5629.490234375,5651.0400390625,91729600
2021-01-08,5706.8798828125,5706.8798828125,5721.89013671875,5676.14990234375,5711.580078125,87558400
2021-01-11,5662.43017578125,5662.43017578125,5704.08984375,5629.4599609375,5684.66015625,76382800
2021-01-12,5650.97021484375,5650.97021484375,5679.06005859375,5636.75,5672.2001953125,73935200
2021-01-13,5662.669921875,5662.669921875,5679.06982421875,5643.75,5648.9599609375,109764000
2021-01-14,5681.14013671875,5681.14013671875,5690.490234375,5656.75,5662.169921875,104615600
2021-01-15,5611.68994140625,5611.68994140625,5656.4501953125,5563.740234375,5648.7001953125,127619000
2021-01-18,5617.27001953125,5617.27001953125,5618.419921875,5584.58984375,5584.85009765625,62122300
2021-01-19,5598.60986328125,5598.60986328125,5655.22021484375,5592.2001953125,5647.75,89498100
2021-01-20,5628.43994140625,5628.43994140625,5646.06005859375,5602.490234375,5615.41015625,78552400
2021-01-21,5590.7900390625,5590.7900390625,5665.97998046875,5589.7998046875,5660.27001953125,87605000
2021-01-22,5559.56982421875,5559.56982421875,5573.7099609375,5511.43994140625,5568.8798828125,89454700
2021-01-25,5472.35986328125,5472.35986328125,5584.39990234375,5453.240234375,5579.72998046875,103153900
2021-01-26,5523.52001953125,5523.52001953125,5555.27978515625,5471.08984375,5473.25,84017800
2021-01-27,5459.6201171875,5459.6201171875,5545.4501953125,5401.43017578125,5517.52978515625,123358200
2021-01-28,5510.52001953125,5510.52001953125,5525.9501953125,5379.22021484375,5407.740234375,113180800
2021-01-29,5399.2099609375,5399.2099609375,5474.7998046875,5399.2099609375,5421.52978515625,109393800
2021-02-01,5461.68017578125,5461.68017578125,5481.669921875,5429.77978515625,5441.43017578125,75051100
2021-02-02,5563.10986328125,5563.10986328125,5574.77001953125,5509.240234375,5510.6201171875,92321700
2021-02-03,5563.0498046875,5563.0498046875,5626.41015625,5554.08984375,5610.58984375,81321400
2021-02-04,5608.5400390625,5608.5400390625,5613.9501953125,5566.580078125,5568.39013671875,84653400
2021-02-05,5659.259765625,5659.259765625,5673.02978515625,5627.83984375,5638.740234375,90026000
2021-02-08,5686.02978515625,5686.02978515625,5714.27978515625,5673.6298828125,5688.68017578125,75598300
2021-02-09,5691.5400390625,5691.5400390625,5703.52978515625,5674.43017578125,5703.52978515625,74734600
2021-02-10,5670.7998046875,5670.7998046875,5719.31982421875,5647.27978515625,5719.31982421875,80605800
2021-02-11,5669.81982421875,5669.81982421875,5692.0,5656.7998046875,5684.93994140625,85822100
2021-02-12,5703.669921875,5703.669921875,5705.02001953125,5627.990234375,5651.669921875,74872400
2021-02-15,5786.25,5786.25,5801.3798828125,5722.16015625,5732.2998046875,95598000
2021-02-16,5786.52978515625,5786.52978515625,5797.919921875,5768.9599609375,5796.43017578125,69738200
2021-02-17,5765.83984375,5765.83984375,5790.27001953125,5752.85009765625,5762.009765625,89772300
2021-02-18,5728.330078125,5728.330078125,5779.009765625,5720.580078125,5757.75,95205800
2021-02-19,5773.5498046875,5773.5498046875,5784.89990234375,5733.83984375,5737.18994140625,95515600
2021-02-22,5767.43994140625,5767.43994140625,5776.64013671875,5703.47998046875,5737.47021484375,83870900
2021-02-23,5779.83984375,5779.83984375,5804.89990234375,5721.919921875,5781.240234375,0
2021-02-24,5797.97998046875,5797.97998046875,5804.14013671875,5758.2998046875,5769.2099609375,83298700
2021-02-25,5783.89013671875,5783.89013671875,5834.35986328125,5783.89013671875,5824.72021484375,99039600
2021-02-26,5703.22021484375,5703.22021484375,5768.02978515625,5688.259765625,5715.68994140625,126426700
2021-03-01,5792.7900390625,5792.7900390625,5804.35009765625,5765.7998046875,5770.89013671875,83783600
2021-03-02,5809.72998046875,5809.72998046875,5835.740234375,5773.52001953125,5774.6201171875,78464500
2021-03-03,5830.06005859375,5830.06005859375,5871.43017578125,5788.66015625,5841.2001953125,91437400
2021-03-04,5830.64990234375,5830.64990234375,5844.68994140625,5797.669921875,5800.72998046875,96687500
2021-03-05,5782.64990234375,5782.64990234375,5837.5498046875,5755.60009765625,5794.47998046875,99553700
2021-03-08,5902.990234375,5902.990234375,5912.5,5799.0498046875,5822.919921875,0
2021-03-09,5924.97021484375,5924.97021484375,5937.81005859375,5895.330078125,5903.259765625,98009300
2021-03-10,5990.5498046875,5990.5498046875,5993.6298828125,5912.35009765625,5915.169921875,84108900
2021-03-11,6033.759765625,6033.759765625,6033.759765625,5995.41015625,6004.16015625,85660900
2021-03-12,6046.5498046875,6046.5498046875,6046.5498046875,6017.41015625,6030.6298828125,72235700
2021-03-15,6035.97021484375,6035.97021484375,6089.2001953125,6018.5498046875,6069.08984375,78751000
2021-03-16,6055.43017578125,6055.43017578125,6061.18994140625,6034.759765625,6050.39990234375,846600
2021-03-17,6054.81982421875,6054.81982421875,6062.35986328125,6037.25,6048.31005859375,806600
2021-03-18,6062.7900390625,6062.7900390625,6082.919921875,6044.31982421875,6076.2099609375,91171900
2021-03-19,5997.9599609375,5997.9599609375,6047.64990234375,5983.60986328125,6021.1298828125,212881400
2021-03-22,5968.47998046875,5968.47998046875,5987.22998046875,5943.7099609375,5960.85009765625,76067200
2021-03-23,5945.2998046875,5945.2998046875,5968.56005859375,5921.830078125,5943.31005859375,75656900
2021-03-24,5947.2900390625,5947.2900390625,5948.669921875,5890.5498046875,5901.64013671875,80552800
2021-03-25,5952.41015625,5952.41015625,5952.41015625,5886.0,5911.0400390625,73423600
2021-03-26,5988.81005859375,5988.81005859375,6002.9501953125,5962.4599609375,5979.22998046875,80680200
2021-03-29,6015.509765625,6015.509765625,6029.58984375,5985.35986328125,5995.0,67745900
2021-03-30,6088.0400390625,6088.0400390625,6095.080078125,6041.39013671875,6044.5400390625,76904000
2021-03-31,6067.22998046875,6067.22998046875,6097.740234375,6060.240234375,6085.02001953125,85387300
2021-04-01,6102.9599609375,6102.9599609375,6106.1201171875,6063.85986328125,6079.669921875,75221700
2021-04-06,6131.33984375,6131.33984375,6159.10009765625,6125.740234375,6155.22021484375,73632700
2021-04-07,6130.66015625,6130.66015625,6154.3798828125,6118.91015625,6137.6298828125,0
2021-04-08,6165.72021484375,6165.72021484375,6171.4501953125,6146.22021484375,6153.35986328125,66071200
2021-04-09,6169.41015625,6169.41015625,6188.47998046875,6161.419921875,6171.60009765625,65261400
2021-04-12,6161.68017578125,6161.68017578125,6183.02001953125,6151.52001953125,6167.31982421875,0
2021-04-13,6184.10009765625,6184.10009765625,6193.240234375,6156.490234375,6171.8798828125,74722300
2021-04-14,6208.580078125,6208.580078125,6217.740234375,6194.5498046875,6214.490234375,0
2021-04-15,6234.14013671875,6234.14013671875,6244.22998046875,6209.58984375,6219.0400390625,66204600
2021-04-16,6287.06982421875,6287.06982421875,6299.56005859375,6229.2998046875,6229.64990234375,86378000
2021-04-19,6296.68994140625,6296.68994140625,6319.080078125,6293.169921875,6294.740234375,58527600
2021-04-20,6165.10986328125,6165.10986328125,6285.2900390625,6154.02978515625,6281.10009765625,0
2021-04-21,6210.5498046875,6210.5498046875,6227.0400390625,6178.66015625,6180.68994140625,77394900
2021-04-22,6267.27978515625,6267.27978515625,6274.18994140625,6225.58984375,6230.2099609375,67091000
2021-04-23,6257.93994140625,6257.93994140625,6280.81005859375,6227.18994140625,6259.6298828125,61769900
2021-04-26,6275.52001953125,6275.52001953125,6288.7900390625,6240.990234375,6256.0400390625,64366500
2021-04-27,6273.759765625,6273.759765625,6282.52001953125,6255.41015625,6273.35986328125,66019200
2021-04-28,6306.97998046875,6306.97998046875,6320.10986328125,6283.6201171875,6293.2099609375,69450200
2021-04-29,6302.56982421875,6302.56982421875,6352.35986328125,6287.43994140625,6341.1201171875,78833300
2021-04-30,6269.47998046875,6269.47998046875,6320.14013671875,6268.85986328125,6316.31982421875,80057800
2021-05-03,6307.89990234375,6307.89990234375,6314.919921875,6252.66015625,6285.509765625,49980000
2021-05-04,6251.75,6251.75,6355.8701171875,6238.7900390625,6319.490234375,85369200
2021-05-05,6339.47021484375,6339.47021484375,6339.47021484375,6275.14013671875,6284.5400390625,83862000
2021-05-06,6357.08984375,6357.08984375,6377.580078125,6321.72021484375,6348.89990234375,86375500
2021-05-07,6385.509765625,6385.509765625,6390.0400390625,6342.3701171875,6388.919921875,78606600
2021-05-10,6385.990234375,6385.990234375,6395.60009765625,6367.0400390625,6395.3798828125,76551300
2021-05-11,6267.39013671875,6267.39013671875,6324.31005859375,6226.10986328125,6314.27001953125,100699500
2021-05-12,6279.35009765625,6279.35009765625,6299.240234375,6233.9599609375,6259.6298828125,80897700
2021-05-13,6288.330078125,6288.330078125,6303.7001953125,6150.43017578125,6219.72998046875,64872900
2021-05-14,6385.14013671875,6385.14013671875,6385.669921875,6301.18994140625,6335.81982421875,66935700
2021-05-17,6367.35009765625,6367.35009765625,6410.2099609375,6349.330078125,6397.22021484375,62538700
2021-05-18,6353.669921875,6353.669921875,6412.91015625,6343.5498046875,6406.18017578125,74129300
2021-05-19,6262.5498046875,6262.5498046875,6310.490234375,6192.330078125,6292.0498046875,92757600
2021-05-20,6343.580078125,6343.580078125,6343.580078125,6267.5498046875,6296.25,68528400
2021-05-21,6386.41015625,6386.41015625,6402.10009765625,6351.9501953125,6360.8798828125,75862000
2021-05-24,6408.490234375,6408.490234375,6408.490234375,6382.7099609375,6395.9599609375,34996500
2021-05-25,6390.27001953125,6390.27001953125,6422.830078125,6390.27001953125,6416.60986328125,59097400
2021-05-26,6391.60009765625,6391.60009765625,6413.72021484375,6375.14013671875,6403.9501953125,58338700
2021-05-27,6435.7099609375,6435.7099609375,6467.72021484375,6379.830078125,6379.830078125,0
2021-05-28,6484.10986328125,6484.10986328125,6493.72021484375,6448.8701171875,6453.1201171875,64752500
2021-05-31,6447.169921875,6447.169921875,6496.31982421875,6441.759765625,6483.31982421875,41777500
2021-06-01,6489.39990234375,6489.39990234375,6521.56982421875,6464.7099609375,6470.419921875,61099200
2021-06-02,6521.52001953125,6521.52001953125,6521.81982421875,6482.10009765625,6489.89990234375,55390700
2021-06-03,6507.919921875,6507.919921875,6522.22998046875,6473.669921875,6518.580078125,55257300
2021-06-04,6515.66015625,6515.66015625,6517.93017578125,6497.39013671875,6514.27001953125,51796200
2021-06-07,6543.56005859375,6543.56005859375,6560.39013671875,6485.7998046875,6509.97998046875,57848800
2021-06-08,6551.009765625,6551.009765625,6574.2099609375,6540.7099609375,6545.68994140625,65450600
2021-06-09,6563.4501953125,6563.4501953125,6570.81982421875,6533.3701171875,6561.93017578125,61452400
2021-06-10,6546.490234375,6546.490234375,6574.58984375,6526.22998046875,6574.58984375,75224400
2021-06-11,6600.66015625,6600.66015625,6607.60986328125,6549.830078125,6550.2998046875,68896800
2021-06-14,6616.35009765625,6616.35009765625,6650.16015625,6599.27001953125,6625.5498046875,64515600
2021-06-15,6639.52001953125,6639.52001953125,6655.66015625,6634.4501953125,6643.419921875,67447800
2021-06-16,6652.64990234375,6652.64990234375,6659.3798828125,6632.35986328125,6657.52001953125,69886300
2021-06-17,6666.259765625,6666.259765625,6674.3701171875,6631.6298828125,6636.7001953125,70681800
2021-06-18,6569.16015625,6569.16015625,6687.2900390625,6560.1201171875,6657.22998046875,170613700
2021-06-21,6602.5400390625,6602.5400390625,6607.990234375,6511.93017578125,6525.02978515625,78939300
2021-06-22,6611.5,6611.5,6622.2001953125,6583.5,6609.97998046875,65102500
2021-06-23,6551.06982421875,6551.06982421875,6619.02001953125,6551.06982421875,6616.72998046875,70376800
2021-06-24,6631.14990234375,6631.14990234375,6639.830078125,6572.81005859375,6576.06982421875,74425300
2021-06-25,6622.8701171875,6622.8701171875,6641.89990234375,6604.85986328125,6637.68017578125,0
2021-06-28,6558.02001953125,6558.02001953125,6633.72998046875,6556.8798828125,6611.990234375,63796100
2021-06-29,6567.43017578125,6567.43017578125,6599.8798828125,6561.08984375,6564.06982421875,61812500
2021-06-30,6507.830078125,6507.830078125,6575.83984375,6474.43017578125,6562.169921875,88781800
2021-07-01,6553.81982421875,6553.81982421875,6588.14013671875,6502.0498046875,6549.81982421875,69789700
2021-07-02,6552.85986328125,6552.85986328125,6582.7900390625,6540.1201171875,6572.0,57451500
2021-07-05,6567.5400390625,6567.5400390625,6582.8701171875,6520.3798828125,6545.97998046875,45905300
2021-07-06,6507.47998046875,6507.47998046875,6561.509765625,6483.2001953125,6551.0,72349800
2021-07-07,6527.72021484375,6527.72021484375,6550.9501953125,6497.75,6529.490234375,82080600
2021-07-08,6396.72998046875,6396.72998046875,6483.31982421875,6348.64013671875,6479.39990234375,110791300
2021-07-09,6529.419921875,6529.419921875,6532.56005859375,6429.669921875,6435.2900390625,84934900
2021-07-12,6559.25,6559.25,6567.97998046875,6479.5400390625,6525.10986328125,61855900
2021-07-13,6558.47021484375,6558.47021484375,6569.3701171875,6536.4501953125,6561.740234375,62056500
2021-07-14,6558.3798828125,6558.3798828125,6565.2001953125,6530.91015625,6533.7998046875,0
2021-07-15,6493.35986328125,6493.35986328125,6554.7900390625,6471.06982421875,6538.41015625,0
2021-07-16,6460.080078125,6460.080078125,6526.759765625,6418.25,6524.9501953125,0
2021-07-19,6295.97021484375,6295.97021484375,6403.509765625,6253.25,6398.83984375,0
2021-07-20,6346.85009765625,6346.85009765625,6386.4599609375,6304.85009765625,6325.16015625,82160100
2021-07-21,6464.47998046875,6464.47998046875,6471.64990234375,6381.93994140625,6382.35986328125,82556600
2021-07-22,6481.58984375,6481.58984375,6525.2099609375,6474.0498046875,6498.31005859375,58412300
2021-07-23,6568.81982421875,6568.81982421875,6574.85986328125,6510.27001953125,6518.60009765625,56119000
2021-07-26,6578.60009765625,6578.60009765625,6588.08984375,6517.0498046875,6532.009765625,0
2021-07-27,6531.919921875,6531.919921875,6578.0400390625,6516.56982421875,6565.18994140625,60870400
2021-07-28,6609.31005859375,6609.31005859375,6609.31005859375,6530.740234375,6547.47021484375,55290600
2021-07-29,6633.77001953125,6633.77001953125,6671.1201171875,6633.77001953125,6647.080078125,94988900
2021-07-30,6612.759765625,6612.759765625,6648.2001953125,6596.990234375,6608.16015625,97436800
2021-08-02,6675.89990234375,6675.89990234375,6690.7998046875,6639.31005859375,6657.9501953125,72373600
2021-08-03,6723.81005859375,6723.81005859375,6749.8798828125,6688.1201171875,6692.60009765625,76009700
2021-08-04,6746.22998046875,6746.22998046875,6766.60986328125,6730.60009765625,6751.14990234375,68209400
2021-08-05,6781.18994140625,6781.18994140625,6788.68994140625,6750.85986328125,6750.85986328125,62368500
2021-08-06,6816.9599609375,6816.9599609375,6832.93994140625,6763.009765625,6772.490234375,67227300
2021-08-09,6813.18017578125,6813.18017578125,6832.77001953125,6806.97998046875,6818.5400390625,47885100
2021-08-10,6820.2099609375,6820.2099609375,6833.1201171875,6811.77001953125,6817.6298828125,48652800
2021-08-11,6857.990234375,6857.990234375,6867.10986328125,6821.2099609375,6840.27978515625,54453800
2021-08-12,6882.47021484375,6882.47021484375,6891.2900390625,6854.990234375,6861.43994140625,53045300
2021-08-13,6896.0400390625,6896.0400390625,6913.669921875,6885.64013671875,6888.47998046875,49869700
2021-08-16,6838.77001953125,6838.77001953125,6863.740234375,6817.43017578125,6849.68017578125,49720100
2021-08-17,6819.83984375,6819.83984375,6827.490234375,6789.10986328125,6812.419921875,56251300
2021-08-18,6770.10986328125,6770.10986328125,6828.330078125,6759.740234375,6824.64013671875,55662800
2021-08-19,6605.89013671875,6605.89013671875,6671.169921875,6560.740234375,6665.1201171875,96566200
2021-08-20,6626.10986328125,6626.10986328125,6633.18994140625,6567.93017578125,6602.9501953125,66755800
2021-08-23,6683.10009765625,6683.10009765625,6699.31982421875,6657.14013671875,6699.31982421875,56007000
2021-08-24,6664.31005859375,6664.31005859375,6717.77001953125,6634.68994140625,6717.77001953125,48958200
2021-08-25,6676.47998046875,6676.47998046875,6684.2099609375,6667.25,6683.18017578125,48823600
2021-08-26,6666.02978515625,6666.02978515625,6673.93994140625,6618.68994140625,6646.3701171875,50801600
2021-08-27,6681.919921875,6681.919921875,6682.14990234375,6644.68017578125,6658.27001953125,43959300
2021-08-30,6687.2998046875,6687.2998046875,6697.52001953125,6675.31982421875,6690.27978515625,37296500
2021-08-31,6680.18017578125,6680.18017578125,6708.14013671875,6650.89990234375,6692.85009765625,96775900
2021-09-01,6758.68994140625,6758.68994140625,6784.66015625,6730.169921875,6736.43994140625,75866000
2021-09-02,6763.080078125,6763.080078125,6778.330078125,6747.169921875,6753.18017578125,56090600
2021-09-03,6689.990234375,6689.990234375,6758.3798828125,6667.39013671875,6758.3798828125,63290200
2021-09-06,6743.5,6743.5,6756.39990234375,6700.4501953125,6704.35009765625,41892000
2021-09-07,6726.06982421875,6726.06982421875,6749.14013671875,6721.35009765625,6731.35986328125,48024800
2021-09-08,6668.89013671875,6668.89013671875,6712.0498046875,6628.97998046875,6688.83984375,68566500
2021-09-09,6684.72021484375,6684.72021484375,6708.330078125,6605.08984375,6618.81982421875,63555000
2021-09-10,6663.77001953125,6663.77001953125,6722.72998046875,6651.06005859375,6707.330078125,70636600
2021-09-13,6676.93017578125,6676.93017578125,6722.0,6670.85009765625,6688.77001953125,61573900
2021-09-14,6652.97021484375,6652.97021484375,6677.06982421875,6613.52001953125,6672.18994140625,63626300
2021-09-15,6583.6201171875,6583.6201171875,6659.27001953125,6577.02001953125,6654.830078125,81904200
2021-09-16,6622.58984375,6622.58984375,6663.41015625,6612.16015625,6613.7099609375,79574500
2021-09-17,6570.18994140625,6570.18994140625,6697.080078125,6551.6201171875,6679.4501953125,214025500
2021-09-20,6455.81005859375,6455.81005859375,6471.08984375,6389.6201171875,6450.39013671875,120069400
2021-09-21,6552.72998046875,6552.72998046875,6570.1298828125,6513.75,6513.75,136740400
2021-09-22,6637.0,6637.0,6642.31005859375,6595.93017578125,6612.10009765625,91076800
2021-09-23,6701.97998046875,6701.97998046875,6718.7998046875,6667.35986328125,6691.080078125,82926000
2021-09-24,6638.4599609375,6638.4599609375,6678.64990234375,6625.43017578125,6675.72998046875,70090500
2021-09-27,6650.91015625,6650.91015625,6688.759765625,6647.080078125,6683.85009765625,89455000
2021-09-28,6506.5,6506.5,6643.580078125,6491.419921875,6634.72021484375,117799600
2021-09-29,6560.7998046875,6560.7998046875,6590.81005859375,6538.10986328125,6549.41015625,86064200
2021-09-30,6520.009765625,6520.009765625,6621.75,6509.22998046875,6615.990234375,112651000
2021-10-01,6517.68994140625,6517.68994140625,6535.4599609375,6412.7001953125,6421.10009765625,94022900
2021-10-04,6477.66015625,6477.66015625,6540.9599609375,6452.77978515625,6484.89990234375,73993600
2021-10-05,6576.27978515625,6576.27978515625,6577.2900390625,6481.72021484375,6481.72021484375,86146000
2021-10-06,6493.1201171875,6493.1201171875,6510.47021484375,6421.64013671875,6509.60009765625,98813600
2021-10-07,6600.18994140625,6600.18994140625,6616.52978515625,6545.740234375,6563.240234375,91000400
2021-10-08,6559.990234375,6559.990234375,6617.33984375,6559.990234375,6609.509765625,70183900
2021-10-11,6570.5400390625,6570.5400390625,6574.22021484375,6522.5498046875,6546.06982421875,68968500
2021-10-12,6548.10986328125,6548.10986328125,6548.10986328125,6491.580078125,6495.14990234375,69996000
2021-10-13,6597.3798828125,6597.3798828125,6606.35986328125,6510.27001953125,6539.60986328125,75938000
2021-10-14,6685.2099609375,6685.2099609375,6692.93994140625,6618.7900390625,6651.18017578125,71368900
2021-10-15,6727.52001953125,6727.52001953125,6746.81005859375,6703.259765625,6714.259765625,84105700
2021-10-18,6673.10009765625,6673.10009765625,6697.60009765625,6642.16015625,6697.2900390625,64526000
2021-10-19,6669.85009765625,6669.85009765625,6692.14013671875,6650.83984375,6690.9501953125,63597900
2021-10-20,6705.60986328125,6705.60986328125,6715.52001953125,6636.60986328125,6636.60986328125,65963400
2021-10-21,6686.169921875,6686.169921875,6699.2099609375,6658.9501953125,6673.14013671875,63926300
2021-10-22,6733.68994140625,6733.68994140625,6765.4599609375,6716.14990234375,6720.919921875,65949700
2021-10-25,6712.8701171875,6712.8701171875,6752.97998046875,6707.31982421875,6752.97998046875,58586000
2021-10-26,6766.509765625,6766.509765625,6775.81982421875,6711.2099609375,6723.06005859375,79339600
2021-10-27,6753.52001953125,6753.52001953125,6771.18994140625,6731.85986328125,6755.6298828125,68739200
2021-10-28,6804.22021484375,6804.22021484375,6804.22021484375,6750.77978515625,6750.77978515625,75981000
2021-10-29,6830.33984375,6830.33984375,6830.33984375,6748.52978515625,6778.7900390625,89550100
2021-11-01,6893.2900390625,6893.2900390625,6908.64990234375,6859.43994140625,6870.27978515625,67294100
2021-11-02,6927.02978515625,6927.02978515625,6933.35009765625,6879.68994140625,6883.06005859375,64187800
2021-11-03,6950.64990234375,6950.64990234375,6955.10009765625,6917.75,6919.47021484375,65516400
2021-11-04,6987.7900390625,6987.7900390625,6993.009765625,6962.009765625,6977.6201171875,76559800
2021-11-05,7040.7900390625,7040.7900390625,7063.39990234375,6983.7998046875,6983.7998046875,79993700
2021-11-08,7047.47998046875,7047.47998046875,7067.10009765625,7037.669921875,7041.60009765625,66513600
2021-11-09,7043.27001953125,7043.27001953125,7079.580078125,7016.72998046875,7023.580078125,71276900
2021-11-10,7045.16015625,7045.16015625,7053.27001953125,7014.93994140625,7046.169921875,85630200
2021-11-11,7059.5498046875,7059.5498046875,7072.6298828125,7032.35009765625,7038.83984375,74342900
2021-11-12,7091.39990234375,7091.39990234375,7097.4599609375,7056.93017578125,7062.5400390625,64249000
2021-11-15,7128.6298828125,7128.6298828125,7136.1298828125,7088.7099609375,7090.9599609375,64255100
2021-11-16,7152.60009765625,7152.60009765625,7164.27001953125,7136.2998046875,7146.3701171875,69021700
2021-11-17,7156.85009765625,7156.85009765625,7167.7998046875,7147.009765625,7149.2998046875,68243500
2021-11-18,7141.97998046875,7141.97998046875,7181.5498046875,7136.85986328125,7155.0498046875,75845600
2021-11-19,7112.2900390625,7112.2900390625,7183.080078125,7068.43017578125,7172.72021484375,117988000
2021-11-22,7105.0,7105.0,7143.60009765625,7087.669921875,7130.240234375,85214100
2021-11-23,7044.6201171875,7044.6201171875,7112.490234375,7002.56005859375,7064.3798828125,73747800
2021-11-24,7042.22998046875,7042.22998046875,7089.10986328125,6983.97998046875,7052.18017578125,75264400
2021-11-25,7075.8701171875,7075.8701171875,7079.490234375,7047.85986328125,7067.60986328125,57485800
2021-11-26,6739.72998046875,6739.72998046875,6861.14990234375,6725.080078125,6814.89990234375,159605400
2021-11-29,6776.25,6776.25,6841.7900390625,6760.31005859375,6831.41015625,108062500
2021-11-30,6721.16015625,6721.16015625,6780.8798828125,6655.85986328125,6679.02978515625,182689600
2021-12-01,6881.8701171875,6881.8701171875,6902.4599609375,6750.64990234375,6774.7998046875,101765800
2021-12-02,6795.75,6795.75,6850.3701171875,6762.740234375,6794.77001953125,101894500
2021-12-03,6765.52001953125,6765.52001953125,6872.7900390625,6730.6298828125,6860.72998046875,83342600
2021-12-06,6865.77978515625,6865.77978515625,6888.06982421875,6776.169921875,6810.93017578125,84991100
2021-12-07,7065.39013671875,7065.39013671875,7066.9501953125,6934.68017578125,6934.68017578125,96223300
2021-12-08,7014.56982421875,7014.56982421875,7104.06005859375,7014.56982421875,7064.1201171875,80200900
2021-12-09,7008.22998046875,7008.22998046875,7044.990234375,6983.330078125,7035.93017578125,64070600
2021-12-10,6991.68017578125,6991.68017578125,7025.8798828125,6960.39013671875,6960.39013671875,63499000
2021-12-13,6942.91015625,6942.91015625,7029.3798828125,6929.1298828125,7004.759765625,75947300
2021-12-14,6895.31005859375,6895.31005859375,6993.2998046875,6891.33984375,6978.77001953125,88567300
2021-12-15,6927.6298828125,6927.6298828125,6949.919921875,6904.93994140625,6923.52001953125,74220800
2021-12-16,7005.06982421875,7005.06982421875,7054.919921875,6987.9501953125,7054.919921875,101536900
2021-12-17,6926.6298828125,6926.6298828125,7011.60986328125,6884.91015625,6982.06982421875,148484800
2021-12-20,6870.10009765625,6870.10009765625,6872.75,6747.68994140625,6783.830078125,86311700
2021-12-21,6964.990234375,6964.990234375,6967.93017578125,6888.52001953125,6935.66015625,75487700
2021-12-22,7051.669921875,7051.669921875,7051.669921875,6963.7099609375,6982.52978515625,55611500
2021-12-23,7106.14990234375,7106.14990234375,7119.8701171875,7049.919921875,7071.93017578125,54434100
2021-12-24,7086.580078125,7086.580078125,7116.8798828125,7086.580078125,7091.60009765625,11954300
2021-12-27,7140.39013671875,7140.39013671875,7149.14013671875,7062.39990234375,7070.14013671875,34917800
2021-12-28,7181.10986328125,7181.10986328125,7187.759765625,7141.669921875,7141.85009765625,36149600
2021-12-29,7161.52001953125,7161.52001953125,7201.64990234375,7137.35009765625,7179.10986328125,37481200
2021-12-30,7173.22998046875,7173.22998046875,7189.83984375,7156.7900390625,7167.52978515625,35427000
2021-12-31,7153.02978515625,7153.02978515625,7163.72998046875,7139.60009765625,7153.66015625,18788700
